ID,Tipo,SKU,"GTIN, UPC, EAN, or ISBN",Nombre,Publicado,"¿Está destacado?","Visibilidad en el catálogo","Descripción corta",Descripción,"Día en que empieza el precio rebajado","Día en que termina el precio rebajado","Estado del impuesto","Clase de impuesto","¿En inventario?",Inventario,"Cantidad de bajo inventario","¿Permitir reservas de productos agotados?","¿Vendido individualmente?","Peso (kg)","Longitud (cm)","Anchura (cm)","Altura (cm)","¿Permitir valoraciones de clientes?","Nota de compra","Precio rebajado","Precio normal",Categorías,Etiquetas,"Clase de envío",Imágenes,"Límite de descargas","Días de caducidad de la descarga",Superior,"Productos agrupados","Ventas dirigidas","Ventas cruzadas","URL externa","Texto del botón",Posición,Marcas,"Meta: _wp_old_date","Meta: _wp_page_template","Meta: _video_tutorial_url","Meta: custom_checkbox_field","Meta: _aioseo_og_title","Meta: _aioseo_og_description","Meta: _aioseo_og_article_section","Meta: _aioseo_twitter_title","Meta: _aioseo_twitter_description","Meta: _monsterinsights_sitenote_active","Meta: _nickx_video_text_url","Meta: _nickx_product_video_type","Meta: _custom_thumbnail","Meta: _psad_featured_order","Meta: _aioseo_title","Meta: _last_change_time","Meta: _uf_disable_surveys","Meta: _wc_facebook_sync_enabled_v2","Meta: fb_visibility","Meta: fb_product_description","Meta: fb_rich_text_description","Meta: _wc_facebook_product_image_source","Meta: fb_brand","Meta: fb_mpn","Meta: fb_size","Meta: fb_color","Meta: fb_material","Meta: fb_pattern","Meta: fb_age_group","Meta: fb_gender","Meta: fb_product_condition","Nombre del atributo 1","Valor(es) del atributo 1","Atributo visible 1","Atributo global 1","Meta: _wc_facebook_enhanced_catalog_attributes_product_length","Meta: _wc_facebook_enhanced_catalog_attributes_product_width","Meta: _wc_facebook_enhanced_catalog_attributes_decor_style","Meta: _wc_facebook_enhanced_catalog_attributes_additional_features","Meta: _wc_facebook_enhanced_catalog_attributes_occasion","Meta: _wc_facebook_enhanced_catalog_attributes_standard_features","Meta: _wc_facebook_enhanced_catalog_attributes_shape","Meta: _wc_facebook_enhanced_catalog_attributes_scent","Meta: _wc_facebook_enhanced_catalog_attributes_recommended_rooms","Meta: _wc_facebook_enhanced_catalog_attributes_product_weight","Meta: _wc_facebook_enhanced_catalog_attributes_product_height","Meta: _wc_facebook_enhanced_catalog_attributes_power_type","Meta: _wc_facebook_enhanced_catalog_attributes_number_of_shelves","Meta: _wc_facebook_enhanced_catalog_attributes_numberof_lights","Meta: _wc_facebook_enhanced_catalog_attributes_number_of_drawers","Meta: _wc_facebook_enhanced_catalog_attributes_mount_type","Meta: _wc_facebook_enhanced_catalog_attributes_light_bulb_type","Meta: _wc_facebook_enhanced_catalog_attributes_is_powered","Meta: _wc_facebook_enhanced_catalog_attributes_is_assembly_required","Meta: _wc_facebook_enhanced_catalog_attributes_finish","Meta: _wc_facebook_enhanced_catalog_attributes_character","Meta: _wc_facebook_enhanced_catalog_attributes_capacity","Meta: _wc_facebook_enhanced_catalog_attributes_theme","Meta: estimated_delivery","Meta: _wc_facebook_google_product_category"
3192,simple,1139,,"Eslabón en madera nude",1,0,visible,,"<p data-start=""260"" data-end=""523"">Minimalista, elegante y lleno de estilo: el <strong data-start=""304"" data-end=""338"">eslabón de madera en tono nude</strong> es una pieza decorativa que aporta calidez y personalidad a tu hogar. Su diseño escultórico convierte lo simple en un acento moderno y sofisticado que se adapta a cualquier ambiente.</p>\n<p data-start=""525"" data-end=""782"">Imagina colocarlo sobre tu mesa de centro acompañado de libros y una vela, o en una repisa junto a un jarrón para crear un rincón con encanto. También es perfecto para dormitorios o estudios, donde aporta ese toque nórdico y natural que está en tendencia.</p>\n<p class=""cvGsUA direction-ltr align-center para-style-body""><span class=""OYPEnA font-feature-liga-off font-feature-clig-off font-feature-calt-off text-decoration-none text-strikethrough-none""><strong>Dimensiones:</strong> 52 cm</span></p>\n<strong>Referencia:</strong> 1139",,,taxable,,1,,,0,0,,,,,0,,,179900,"Accesorios decorativos, Accesorios decorativos > Eslabones",,,https://anbarhome.com/wp-content/uploads/2025/07/1139x-Photoroom.jpg,,,,,,,,,0,,2025-06-27,default,,yes,,,,,,0,,nickx_video_url_youtube,no,10000000000000,
3193,simple,1140,,"Eslabón en madera nude",1,0,visible,,"<p data-start=""260"" data-end=""523"">Minimalista, elegante y lleno de estilo: el <strong data-start=""304"" data-end=""338"">eslabón de madera en tono nude</strong> es una pieza decorativa que aporta calidez y personalidad a tu hogar. Su diseño escultórico convierte lo simple en un acento moderno y sofisticado que se adapta a cualquier ambiente.</p>\n<p data-start=""525"" data-end=""782"">Imagina colocarlo sobre tu mesa de centro acompañado de libros y una vela, o en una repisa junto a un jarrón para crear un rincón con encanto. También es perfecto para dormitorios o estudios, donde aporta ese toque nórdico y natural que está en tendencia.</p>\n<p class=""cvGsUA direction-ltr align-center para-style-body""><span class=""OYPEnA font-feature-liga-off font-feature-clig-off font-feature-calt-off text-decoration-none text-strikethrough-none""><strong>Dimensiones</strong>: 50 cm</span></p>\n<p class=""cvGsUA direction-ltr align-center para-style-body""><strong>Referencia: </strong>1140</p>",,,taxable,,1,,,0,0,,,,,0,,,179900,"Accesorios decorativos, Accesorios decorativos > Eslabones",,,https://anbarhome.com/wp-content/uploads/2025/07/1140-Photoroom.jpg,,,,,,,,,0,,2025-06-27,default,,yes,,,,,,0,,nickx_video_url_youtube,no,10000000000000,
3194,simple,1587,,"Bandeja en resina",1,0,visible,,"<p data-start=""200"" data-end=""433"">Dale un toque moderno y elegante a cualquier espacio con esta <strong data-start=""262"" data-end=""283"">bandeja en resina</strong>, ligera, resistente y versátil. Su diseño atemporal la convierte en un accesorio perfecto para decorar, organizar y realzar tus rincones favoritos.</p>\n<p data-start=""435"" data-end=""794"">Imagina colocarla en tu sala como base para velas, libros o pequeños objetos decorativos, creando un centro de mesa lleno de estilo. También puede usarse en la cocina o el comedor para servir bebidas o aperitivos con un toque sofisticado, o en tu tocador para organizar perfumes y accesorios, haciendo que cada detalle de tu hogar luzca cuidado y armonioso.</p>\n<p class=""cvGsUA direction-ltr align-center para-style-body""><span class=""OYPEnA font-feature-liga-off font-feature-clig-off font-feature-calt-off text-decoration-none text-strikethrough-none""><strong>Dimensiones:</strong> 28.5cm x 26.8cm x 14.6cm</span></p>\n<strong>Referencia:</strong> 1587",,,taxable,,1,,,0,0,,,,,0,,,319900,"Accesorios decorativos, Accesorios decorativos > Bandejas",,,https://anbarhome.com/wp-content/uploads/2025/07/1587-Photoroom.jpg,,,,,,,,,0,,2025-06-27,default,,yes,,,,,,0,,nickx_video_url_youtube,no,10000000000000,
3195,simple,1628,,"Tabla en madera pequeño",1,0,visible,,"<p data-start=""221"" data-end=""549"">Nuestra <strong data-start=""229"" data-end=""248"">tabla en madera</strong> es mucho más que un accesorio de cocina: es una pieza decorativa y funcional que aporta calidez y autenticidad a tus momentos. Fabricada en madera de alta calidad, destaca por su resistencia, acabado natural y la versatilidad que le permite adaptarse tanto al día a día como a ocasiones especiales.</p>\n<p data-start=""551"" data-end=""880"">Imagina recibir a tus invitados y presentar una selección de quesos, frutas y charcutería sobre esta tabla: la madera realza los colores y texturas, convirtiendo tu mesa en un verdadero espectáculo visual. También puedes usarla como base para servir panes recién horneados, postres o incluso como pieza decorativa en la cocina.</p>\n<p class=""cvGsUA direction-ltr align-center para-style-body""><span class=""OYPEnA font-feature-liga-off font-feature-clig-off font-feature-calt-off text-decoration-none text-strikethrough-none""><strong>Dimensiones:</strong> 35cm x 30cm</span></p>\n<strong>Referencia:</strong> 1628",,,taxable,,1,,,0,0,,,,,0,,,189900,"Accesorios decorativos, Accesorios decorativos > Bandejas",,,https://anbarhome.com/wp-content/uploads/2025/07/tabla-Photoroom.jpg,,,,,,,,,0,,2025-06-27,default,,yes,,,,,,0,,nickx_video_url_youtube,no,10000000000000,
3196,simple,1627,,"Tabla en madera grande",1,0,visible,,"<p data-start=""221"" data-end=""549"">Nuestra <strong data-start=""229"" data-end=""248"">tabla en madera</strong> es mucho más que un accesorio de cocina: es una pieza decorativa y funcional que aporta calidez y autenticidad a tus momentos. Fabricada en madera de alta calidad, destaca por su resistencia, acabado natural y la versatilidad que le permite adaptarse tanto al día a día como a ocasiones especiales.</p>\n<p data-start=""551"" data-end=""880"">Imagina recibir a tus invitados y presentar una selección de quesos, frutas y charcutería sobre esta tabla: la madera realza los colores y texturas, convirtiendo tu mesa en un verdadero espectáculo visual. También puedes usarla como base para servir panes recién horneados, postres o incluso como pieza decorativa en la cocina.</p>\n<p class=""cvGsUA direction-ltr align-center para-style-body""><span class=""OYPEnA font-feature-liga-off font-feature-clig-off font-feature-calt-off text-decoration-none text-strikethrough-none""><strong>Dimensiones</strong>: 45cm x 38cm</span></p>\n<strong>Referencia:</strong> 1627",,,taxable,,1,,,0,0,,,,,0,,,249900,"Accesorios decorativos, Accesorios decorativos > Bandejas",,,https://anbarhome.com/wp-content/uploads/2025/07/tabla-Photoroom.jpg,,,,,,,,,0,,2025-06-27,default,,yes,,,,,,0,,nickx_video_url_youtube,no,10000000000000,
3197,simple,1626,,"Tazón de madera mediano",1,0,visible,,"<p data-start=""109"" data-end=""346"">Este tazón de madera destaca por su diseño artesanal y la calidez natural de su material. Su estilo versátil lo convierte en el accesorio perfecto para complementar mesas de comedor, salas o cocinas con un toque rústico y sofisticado.</p>\n<p data-start=""353"" data-end=""536"">Ideal para servir frutas, decorar con elementos naturales o simplemente como pieza central, este tazón combina funcionalidad y elegancia, elevando la estética de cualquier espacio</p>\n<p class=""cvGsUA direction-ltr align-center para-style-body""><span class=""OYPEnA font-feature-liga-off font-feature-clig-off font-feature-calt-off text-decoration-none text-strikethrough-none""><strong>Dimensiones:</strong> 30cm x 34cm x 10cm</span></p>\n<strong>Referencia:</strong> 1626",,,taxable,,1,,,0,0,,,,,0,,,349900,"Accesorios decorativos, Accesorios decorativos > Bandejas",,,https://anbarhome.com/wp-content/uploads/2025/07/Photoroom_20250820_225711.jpeg,,,,,,,,,0,,2025-06-27,default,,yes,,,,,,0,,nickx_video_url_youtube,no,10000000000000,
3198,simple,1625,,"Tazón de madera grande",1,0,visible,,"<p data-start=""109"" data-end=""346"">Este tazón de madera destaca por su diseño artesanal y la calidez natural de su material. Su estilo versátil lo convierte en el accesorio perfecto para complementar mesas de comedor, salas o cocinas con un toque rústico y sofisticado.</p>\n<p data-start=""353"" data-end=""536"">Ideal para servir frutas, decorar con elementos naturales o simplemente como pieza central, este tazón combina funcionalidad y elegancia, elevando la estética de cualquier espacio</p>\n<p class=""cvGsUA direction-ltr align-center para-style-body""><span class=""OYPEnA font-feature-liga-off font-feature-clig-off font-feature-calt-off text-decoration-none text-strikethrough-none""><strong>Dimensiones:</strong> 35cm x 39cm x 10cm</span></p>\n<strong>Referencia:</strong> 1625\n<p class=""cvGsUA direction-ltr align-center para-style-body""></p>",,,taxable,,1,,,0,0,,,,,0,,,390000,"Accesorios decorativos, Accesorios decorativos > Bandejas",,,https://anbarhome.com/wp-content/uploads/2025/07/Photoroom_20250820_225711.jpeg,,,,,,,,,0,,2025-06-27,default,,yes,,,,,,0,,nickx_video_url_youtube,no,10000000000000,
3199,simple,1624,,"Bowl de madera pequeño",1,0,visible,,"<p data-start=""122"" data-end=""336"">Este bowl decorativo de madera combina la calidez natural del material con un diseño versátil y atemporal. Su acabado orgánico lo convierte en el complemento ideal para estilos rústicos, modernos o minimalistas.</p>\n<p data-start=""343"" data-end=""593"">Úsalo como centro de mesa para exhibir frutas, esferas decorativas o arreglos florales, o colócalo en la sala o comedor como un detalle funcional y elegante. Su diseño práctico y estético aporta un toque acogedor y sofisticado a cualquier espacio.</p>\n<p class=""cvGsUA direction-ltr align-center para-style-body""><span class=""OYPEnA font-feature-liga-off font-feature-clig-off font-feature-calt-off text-decoration-none text-strikethrough-none""><strong>Dimensiones:</strong> 30cm x 34cm x 20cm</span></p>\n<strong>Referencia:</strong> 1624",,,taxable,,1,,,0,0,,,,,0,,,390000,"Accesorios decorativos, Accesorios decorativos > Bandejas",,,https://anbarhome.com/wp-content/uploads/2025/07/Photoroom_20250820_230052.jpeg,,,,,,,,,0,,2025-06-27,default,,yes,,,,,,0,,nickx_video_url_youtube,no,10000000000000,
3200,simple,1623,,"Bowl de madera grande",1,0,visible,,"<p data-start=""122"" data-end=""336"">Este bowl decorativo de madera combina la calidez natural del material con un diseño versátil y atemporal. Su acabado orgánico lo convierte en el complemento ideal para estilos rústicos, modernos o minimalistas.</p>\n<p data-start=""343"" data-end=""593"">Úsalo como centro de mesa para exhibir frutas, esferas decorativas o arreglos florales, o colócalo en la sala o comedor como un detalle funcional y elegante. Su diseño práctico y estético aporta un toque acogedor y sofisticado a cualquier espacio.</p>\n<p class=""cvGsUA direction-ltr align-center para-style-body""><span class=""OYPEnA font-feature-liga-off font-feature-clig-off font-feature-calt-off text-decoration-none text-strikethrough-none""><strong>Dimensiones:</strong> 35cm x 39cm x 20cm</span></p>\n<strong>Referencia:</strong> 1623\n<p class=""cvGsUA direction-ltr align-center para-style-body""></p>",,,taxable,,1,,,0,0,,,,,0,,,490000,"Accesorios decorativos, Accesorios decorativos > Bandejas",,,https://anbarhome.com/wp-content/uploads/2025/07/Photoroom_20250820_230052.jpeg,,,,,,,,,0,,2025-06-27,default,,yes,,,,,,0,,nickx_video_url_youtube,no,10000000000000,
3201,simple,1517,,"Bandeja decorativa negra en resina",1,0,visible,,"<p data-start=""247"" data-end=""500"">Dale a tu hogar un toque moderno y sofisticado con esta <strong data-start=""303"" data-end=""334"">bandeja decorativa de acero</strong>, diseñada para combinar estilo y practicidad. Su acabado brillante y su diseño versátil la convierten en la pieza ideal para organizar y realzar cualquier espacio.</p>\n<p data-start=""502"" data-end=""796"">Úsala en tu sala como base para velas y elementos decorativos, transformando tu mesa de centro en un punto focal elegante. También es perfecta para tu comedor, sirviendo aperitivos o bebidas con un toque contemporáneo, o incluso en tu dormitorio, organizando perfumes y accesorios con estilo.</p>\n<p class=""cvGsUA direction-ltr align-center para-style-body""><span class=""OYPEnA font-feature-liga-off font-feature-clig-off font-feature-calt-off text-decoration-none text-strikethrough-none""><strong>Dimensiones</strong>: 32.5cm x 32.5cm x 13.5cm</span></p>\n<strong>Referencia:</strong> 1517",,,taxable,,1,,,0,0,,,,,0,,,349900,"Accesorios decorativos, Accesorios decorativos > Bandejas",,,https://anbarhome.com/wp-content/uploads/2025/07/1517-Photoroom.jpg,,,,,,,,,0,,2025-06-27,default,,yes,,,,,,0,,nickx_video_url_youtube,no,10000000000000,
3202,simple,1504A,,"Set de 3 bandejas en latón envejecidas",1,0,visible,,"<p data-start=""208"" data-end=""472"">La belleza del latón con acabado envejecido se une a la practicidad en este set de <strong data-start=""291"" data-end=""308"">tres bandejas</strong> que aportan un aire clásico y sofisticado a cualquier espacio. Su diseño atemporal las convierte en piezas decorativas y funcionales que no pasan desapercibidas.</p>\n<p data-start=""474"" data-end=""791"">Imagina tu mesa de centro decorada con la bandeja más grande sosteniendo velas aromáticas y libros, mientras la mediana organiza flores frescas en un jarrón, y la más pequeña luce en tu recibidor como base para llaves o pequeños accesorios. Un solo set, infinitas posibilidades para transformar tu hogar con estilo.</p>\n<p class=""cvGsUA direction-ltr align-center para-style-body""><strong>Dimensiones:</strong> <span class=""OYPEnA font-feature-liga-off font-feature-clig-off font-feature-calt-off text-decoration-none text-strikethrough-none"">Grande: 76cm de largo - </span><span class=""OYPEnA font-feature-liga-off font-feature-clig-off font-feature-calt-off text-decoration-none text-strikethrough-none"">Mediana: 62cm de largo -</span><span class=""OYPEnA font-feature-liga-off font-feature-clig-off font-feature-calt-off text-decoration-none text-strikethrough-none"">Pequeña: 49cm de largo</span></p>\n<strong>Referecncia: </strong>1504A",,,taxable,,1,,,0,0,,,,,0,,,359900,"Accesorios decorativos, Accesorios decorativos > Bandejas",,,https://anbarhome.com/wp-content/uploads/2025/07/1504A-Photoroom.jpg,,,,,,,,,0,,2025-06-27,default,,yes,,,,,,0,,nickx_video_url_youtube,no,10000000000000,
3203,simple,1503A,,"Set de 2 bandejas estilo de hojas en latón envejecido dorado",1,0,visible,,"<p data-start=""134"" data-end=""379"">Este elegante set de bandejas decorativas en latón importado combina diseño y funcionalidad para realzar cualquier espacio de tu hogar. Su acabado metálico aporta un toque sofisticado que se adapta a estilos modernos, clásicos o minimalistas.</p>\n<p data-start=""386"" data-end=""721"">Utilízalas como centro de mesa para exhibir velas, flores o arreglos decorativos, o colócalas en tu comedor, sala o consola de entrada para organizar objetos con estilo. Su tamaño versátil  las convierte en el complemento perfecto para crear ambientes acogedores y llenos de personalidad</p>\n<p class=""cvGsUA direction-ltr align-center para-style-body""><span class=""OYPEnA font-feature-liga-off font-feature-clig-off font-feature-calt-off text-decoration-none text-strikethrough-none""><strong>Dimensiones</strong>: Grande: 74cm de largo - </span><span class=""OYPEnA font-feature-liga-off font-feature-clig-off font-feature-calt-off text-decoration-none text-strikethrough-none"">Mediana: 55cm de largo</span></p>\n<p class=""cvGsUA direction-ltr align-center para-style-body""><span class=""OYPEnA font-feature-liga-off font-feature-clig-off font-feature-calt-off text-decoration-none text-strikethrough-none""><strong>Referencia</strong> 1503A </span></p>",,,taxable,,1,,,0,0,,,,,0,,,359900,"Accesorios decorativos, Accesorios decorativos > Bandejas",,,https://anbarhome.com/wp-content/uploads/2025/07/Photoroom_20250820_230552.jpeg,,,,,,,,,0,,2025-06-27,default,,yes,,,,,,0,,nickx_video_url_youtube,no,10000000000000,"#separator_sa #site_title"
3204,simple,1502A,,"Set de 2 bandejas en latón envejecidas",1,0,visible,,"<p data-start=""243"" data-end=""512"">El encanto del <strong data-start=""258"" data-end=""278"">latón envejecido</strong> se transforma en un detalle único con este set de dos bandejas que combinan elegancia, funcionalidad y un aire atemporal. Cada pieza está diseñada para convertirse en protagonista, aportando carácter y sofisticación a tus espacios.</p>\n<p data-start=""514"" data-end=""866"">Imagina recibir a tus invitados con una presentación especial de cócteles y aperitivos, realzada por el brillo sutil y vintage del latón. O colócalas sobre la mesa de centro con velas y libros decorativos, creando un ambiente cálido y lleno de estilo. También son perfectas para tu dormitorio, organizando perfumes y accesorios con un toque refinado.</p>\n<strong>Dimensiones: </strong><span class=""OYPEnA font-feature-liga-off font-feature-clig-off font-feature-calt-off text-decoration-none text-strikethrough-none"">Grande: 62cm de largo - </span><span class=""OYPEnA font-feature-liga-off font-feature-clig-off font-feature-calt-off text-decoration-none text-strikethrough-none"">Mediana: 56cm de largo</span>\n\n<strong>Referencia:</strong> <span data-sheets-root=""1"">1502A</span>",,,taxable,,1,,,0,0,,,,,0,,,359900,"Accesorios decorativos, Accesorios decorativos > Bandejas",,,https://anbarhome.com/wp-content/uploads/2025/07/1502A-Photoroom.jpg,,,,,,,,,0,,2025-06-27,default,,yes,,,,,,0,,nickx_video_url_youtube,no,10000000000000,
3208,simple,1537,,"Tazón negro de vidrio tipo filigrana",1,0,visible,,"<p data-start=""152"" data-end=""389"">Esta bandeja de vidrio en estilo filigrana negra combina diseño sofisticado y funcionalidad. Su acabado delicado y contemporáneo la convierte en una pieza versátil, ideal para decorar salas, comedores o entradas con un toque elegante.</p>\n<p data-start=""396"" data-end=""580"">Perfecta para organizar velas, exhibir arreglos decorativos o como base para crear centros de mesa únicos, esta bandeja aporta distinción y modernidad a cualquier espacio del hogar</p>\n<p class=""cvGsUA direction-ltr align-center para-style-body""><strong>Dimensiones:</strong> <span class=""OYPEnA font-feature-liga-off font-feature-clig-off font-feature-calt-off text-decoration-none text-strikethrough-none"">30cm</span> <span class=""OYPEnA font-feature-liga-off font-feature-clig-off font-feature-calt-off text-decoration-none text-strikethrough-none"">x 21.5cm x 10cm</span></p>\n<strong>Referencia:</strong> 1537\n<p class=""cvGsUA direction-ltr align-center para-style-body""></p>",,,taxable,,1,,,0,0,,,,,0,,,239900,"Accesorios decorativos, Accesorios decorativos > Bandejas",,,https://anbarhome.com/wp-content/uploads/2025/07/Photoroom_20250820_230722.jpeg,,,,,,,,,0,,2025-06-27,default,,yes,,,,,,0,,nickx_video_url_youtube,no,10000000000000,
3209,simple,1127,,"Bandeja de cristal en color ámbar",1,0,visible,,"<p data-start=""258"" data-end=""485"">La sutileza del cristal se une con la calidez del tono ámbar para dar vida a una pieza decorativa única. Esta <strong data-start=""368"" data-end=""390"">bandeja de cristal</strong> no solo organiza y decora, sino que también añade un brillo sofisticado a cualquier espacio.</p>\n<p data-start=""487"" data-end=""915"">Imagina tu sala iluminada por la luz del atardecer reflejándose en el ámbar, mientras la bandeja sostiene delicadamente velas aromáticas y pequeños arreglos florales sobre tu mesa de centro. O utilízala en tu comedor para presentar aperitivos y copas, convirtiendo cada encuentro en un momento especial. Incluso en tu tocador, realzará tus perfumes y accesorios favoritos, transformando la rutina en un ritual lleno de estilo.</p>\n<p class=""cvGsUA direction-ltr align-center para-style-body""><span class=""OYPEnA font-feature-liga-off font-feature-clig-off font-feature-calt-off text-decoration-none text-strikethrough-none""><strong>Dimensiones:</strong> 32cm x 22cm</span></p>\n<strong>Referencia:</strong> 1127",,,taxable,,1,,,0,0,,,,,0,,,249900,"Accesorios decorativos, Accesorios decorativos > Bandejas",,,https://anbarhome.com/wp-content/uploads/2025/07/1127-Photoroom.jpg,,,,,,,,,0,,2025-06-27,default,,yes,,,,,,0,,nickx_video_url_youtube,no,10000000000000,
3211,simple,1412A,,"Bandeja decorativa en acero mediana",1,0,visible,,"<p data-start=""207"" data-end=""424"">Un detalle puede cambiarlo todo, y esta <strong data-start=""247"" data-end=""277"">bandeja decorativa mediana</strong> es la prueba perfecta. Su diseño versátil y elegante la convierte en una pieza imprescindible para quienes buscan practicidad sin perder estilo.</p>\n<p data-start=""426"" data-end=""822"">Úsala en tu sala como base para velas, flores o libros, y verás cómo tu mesa de centro cobra vida con un aire sofisticado. También es ideal para la cocina o el comedor: sirve un café con galletas a tus invitados y convierte un momento cotidiano en una experiencia especial. Incluso en tu habitación, puede organizar perfumes y accesorios, dándole un toque ordenado y chic a tu espacio personal.</p>\n<p class=""cvGsUA direction-ltr align-center para-style-body""><span class=""OYPEnA font-feature-liga-off font-feature-clig-off font-feature-calt-off text-decoration-none text-strikethrough-none""><strong>Dimensiones:</strong> 27cm x 27cm x 14.5cm</span></p>\n<strong>Referencia:</strong> 1412A",,,taxable,,1,,,0,0,,,,,0,,,489900,"Accesorios decorativos, Accesorios decorativos > Bandejas",,,https://anbarhome.com/wp-content/uploads/2025/07/1412-Photoroom.jpg,,,,,,,,,0,,2025-06-27,default,,yes,,,,,,0,,nickx_video_url_youtube,no,10000000000000,
3212,simple,1410,,"Bandeja decorativa grande en madera - acero",1,0,visible,,"<p data-start=""197"" data-end=""466"">Dale un toque de sofisticación a tus espacios con esta elegante bandeja que combina la calidez de la madera natural con la modernidad del acero. Su diseño versátil la convierte en el complemento perfecto para decorar, organizar y realzar cualquier rincón de tu hogar.</p>\n<p data-start=""468"" data-end=""848"">Imagina recibir a tus invitados con una bandeja servida de copas de vino y quesos en tu sala, o usarla como base para velas aromáticas y flores frescas en la mesa de centro, creando un ambiente acogedor y lleno de estilo. También es ideal para tu habitación, colocándola sobre una cómoda con perfumes y accesorios, transformando lo cotidiano en un detalle decorativo de impacto.</p>\n<p class=""cvGsUA direction-ltr align-center para-style-body""><span class=""OYPEnA font-feature-liga-off font-feature-clig-off font-feature-calt-off text-decoration-none text-strikethrough-none""><strong>Dimensiones:</strong> 35cm x 35cm x 14cm</span></p>\n<strong>Referencia:</strong> 1410",,,taxable,,1,,,0,0,,,,,0,,,329900,"Accesorios decorativos, Accesorios decorativos > Bandejas",,,https://anbarhome.com/wp-content/uploads/2025/07/1409-Photoroom-1.jpg,,,,,,,,,0,,2025-06-27,default,,yes,,,,,,0,,nickx_video_url_youtube,no,10000000000000,
3213,simple,1409,,"Bandeja decorativa pequeña en madera - acero",1,0,visible,,"<p data-start=""197"" data-end=""466"">Dale un toque de sofisticación a tus espacios con esta elegante bandeja que combina la calidez de la madera natural con la modernidad del acero. Su diseño versátil la convierte en el complemento perfecto para decorar, organizar y realzar cualquier rincón de tu hogar.</p>\n<p data-start=""468"" data-end=""848"">Imagina recibir a tus invitados con una bandeja servida de copas de vino y quesos en tu sala, o usarla como base para velas aromáticas y flores frescas en la mesa de centro, creando un ambiente acogedor y lleno de estilo. También es ideal para tu habitación, colocándola sobre una cómoda con perfumes y accesorios, transformando lo cotidiano en un detalle decorativo de impacto.</p>\n<p class=""cvGsUA direction-ltr align-center para-style-body""><span class=""OYPEnA font-feature-liga-off font-feature-clig-off font-feature-calt-off text-decoration-none text-strikethrough-none""><strong>Dimensiones:</strong> 28cm x 28cm x 13cm</span></p>\n<strong>Referencia: </strong>1409",,,taxable,,1,,,0,0,,,,,0,,,289900,"Accesorios decorativos, Accesorios decorativos > Bandejas",,,https://anbarhome.com/wp-content/uploads/2025/07/1409-Photoroom.jpg,,,,,,,,,0,,2025-06-27,default,,yes,,,,,,0,,nickx_video_url_youtube,no,10000000000000,
3214,simple,1408,,"Bandeja decorativa plateada",1,0,visible,,"<p data-start=""174"" data-end=""408"">La <strong data-start=""177"" data-end=""208"">Bandeja Decorativa Plateada</strong> es el toque de elegancia que realza cualquier espacio. Su acabado metálico refleja la luz con sutileza, creando un efecto sofisticado y moderno que convierte lo cotidiano en especial.</p>\n<p data-start=""410"" data-end=""684"">Imagina esta bandeja en tu mesa de centro con velas y flores frescas, en el comedor como base para copas y botellas en una noche especial, o en tu tocador organizando perfumes con estilo. Su diseño no solo decora, también organiza y aporta un aire exclusivo a cada rincón.</p>\n<p class=""cvGsUA direction-ltr align-center para-style-body""><span class=""OYPEnA font-feature-liga-off font-feature-clig-off font-feature-calt-off text-decoration-none text-strikethrough-none""><strong>Dimensiones:</strong> 30cm x 30cm x 8cm</span></p>\n<strong>Referencia:</strong> <span data-sheets-root=""1"">1408</span>",,,taxable,,1,,,0,0,,,,,0,,,429900,"Accesorios decorativos, Accesorios decorativos > Bandejas",,,https://anbarhome.com/wp-content/uploads/2025/07/1408-Photoroom.jpg,,,,,,,,,0,,2025-06-27,default,,yes,,,,,,0,,nickx_video_url_youtube,no,10000000000000,
3215,simple,1406,,"Bandeja decorativa mediana",1,0,visible,,"<p data-start=""177"" data-end=""414"">La <strong data-start=""180"" data-end=""209"">Bandeja Decorativa Grande</strong> de es ese accesorio versátil que combina practicidad con diseño. Su tamaño generoso la convierte en protagonista de la decoración, ideal para organizar, resaltar y dar armonía a tus espacios.</p>\n<p data-start=""416"" data-end=""644"">Imagina esta bandeja en tu mesa de centro, realzando velas, libros decorativos y pequeños accesorios; en el comedor, como base elegante para flores y fruteros; o en una consola de entrada, manteniendo todo en orden con estilo.</p>\n<p class=""cvGsUA direction-ltr align-center para-style-body""><span class=""OYPEnA font-feature-liga-off font-feature-clig-off font-feature-calt-off text-decoration-none text-strikethrough-none""><strong>Dimensiones:</strong> 47.5cm x 8.5cm x 9cm</span></p>\n<strong>Referencia:</strong> 1406",,,taxable,,1,,,0,0,,,,,0,,,469900,"Accesorios decorativos, Accesorios decorativos > Bandejas",,,https://anbarhome.com/wp-content/uploads/2025/07/1407-Photoroom-2.jpg,,,,,,,,,0,,2025-06-27,default,,yes,,,,,,0,,nickx_video_url_youtube,no,10000000000000,
3216,simple,1407,,"Bandeja decorativa grande",1,0,visible,,"<p data-start=""177"" data-end=""414"">La <strong data-start=""180"" data-end=""209"">Bandeja Decorativa Grande</strong> de es ese accesorio versátil que combina practicidad con diseño. Su tamaño generoso la convierte en protagonista de la decoración, ideal para organizar, resaltar y dar armonía a tus espacios.</p>\n<p data-start=""416"" data-end=""644"">Imagina esta bandeja en tu mesa de centro, realzando velas, libros decorativos y pequeños accesorios; en el comedor, como base elegante para flores y fruteros; o en una consola de entrada, manteniendo todo en orden con estilo.</p>\n<p class=""cvGsUA direction-ltr align-center para-style-body""><span class=""OYPEnA font-feature-liga-off font-feature-clig-off font-feature-calt-off text-decoration-none text-strikethrough-none""><strong>Dimensiones:</strong> 60cm x 20cm x 2.5cm</span></p>\n<strong>Referencia:</strong> 1407",,,taxable,,1,,,0,0,,,,,0,,,529900,"Accesorios decorativos, Accesorios decorativos > Bandejas",,,https://anbarhome.com/wp-content/uploads/2025/07/1407-Photoroom-1.jpg,,,,,,,,,0,,2025-06-27,default,,yes,,,,,,0,,nickx_video_url_youtube,no,10000000000000,
3217,simple,1380,,"Pieza decorativa en resina negra",1,0,visible,,"<p data-start=""233"" data-end=""510"">En ANBAR HOME creemos que los pequeños detalles transforman un espacio, y nuestra <strong data-start=""315"" data-end=""351"">pieza decorativa en resina negra</strong> es la prueba perfecta. Su diseño elegante y contemporáneo aporta carácter y sofisticación, convirtiéndose en ese acento visual que eleva cualquier ambiente.</p>\n<p data-start=""512"" data-end=""809"">Imagina tu sala de estar: la pieza colocada sobre una consola minimalista, acompañada de un par de libros y una vela, creando un punto focal moderno y lleno de personalidad. También puedes usarla en un estante para complementar tu decoración o sobre una mesa auxiliar como elemento protagonista.</p>\n<p class=""cvGsUA direction-ltr align-center para-style-body""><span class=""OYPEnA font-feature-liga-off font-feature-clig-off font-feature-calt-off text-decoration-none text-strikethrough-none""><strong>Dimensiones:</strong> 13cm x 12cm x 41cm</span></p>\n<strong>Referencia: </strong>1380",,,taxable,,1,,,0,0,,,,,0,,,299900,"Accesorios decorativos, Accesorios decorativos > Figuras de Personas, Accesorios decorativos > Figuras Decorativas",,,https://anbarhome.com/wp-content/uploads/2025/07/1380-Photoroom.jpg,,,,,,,,,0,,2025-06-27,default,,yes,,,,,,0,,nickx_video_url_youtube,no,10000000000000,
3218,simple,1379,,"Pieza decorativa en resina negra",1,0,visible,,"<p data-start=""233"" data-end=""510"">En ANBAR HOME creemos que los pequeños detalles transforman un espacio, y nuestra <strong data-start=""315"" data-end=""351"">pieza decorativa en resina negra</strong> es la prueba perfecta. Su diseño elegante y contemporáneo aporta carácter y sofisticación, convirtiéndose en ese acento visual que eleva cualquier ambiente.</p>\n<p data-start=""512"" data-end=""809"">Imagina tu sala de estar: la pieza colocada sobre una consola minimalista, acompañada de un par de libros y una vela, creando un punto focal moderno y lleno de personalidad. También puedes usarla en un estante para complementar tu decoración o sobre una mesa auxiliar como elemento protagonista.</p>\n<p class=""cvGsUA direction-ltr align-center para-style-body""><span class=""OYPEnA font-feature-liga-off font-feature-clig-off font-feature-calt-off text-decoration-none text-strikethrough-none""><strong>Dimensiones:</strong> 13cm x 12cm x 39cm</span></p>\n<strong>Referencia: </strong>1379",,,taxable,,1,,,0,0,,,,,0,,,299900,"Accesorios decorativos, Accesorios decorativos > Figuras de Personas, Accesorios decorativos > Figuras Decorativas",,,https://anbarhome.com/wp-content/uploads/2025/07/1379-Photoroom.jpg,,,,,,,,,0,,2025-06-27,default,,yes,,,,,,0,,nickx_video_url_youtube,no,10000000000000,
3219,simple,1381,,"Pieza decorativa en resina plata",1,0,visible,,"<p data-start=""197"" data-end=""465"">La <strong data-start=""200"" data-end=""236"">Pieza Decorativa en Resina Plata</strong> es el acento perfecto para quienes buscan transformar su hogar con detalles que marcan la diferencia. Su acabado metálico en tono plata refleja la luz con sutileza, aportando un aire sofisticado y moderno a cualquier ambiente.</p>\n<p data-start=""467"" data-end=""763"">Imagina esta pieza sobre una mesa auxiliar junto a una lámpara elegante, en la repisa de tu sala destacando entre libros decorativos, o en tu oficina como un detalle que aporta brillo y personalidad. Su diseño versátil permite integrarla fácilmente en estilos modernos, clásicos o minimalistas.</p>\n<p class=""cvGsUA direction-ltr align-center para-style-body""><span class=""OYPEnA font-feature-liga-off font-feature-clig-off font-feature-calt-off text-decoration-none text-strikethrough-none"">Dimensiones: 18cm x 10cm x 28cm</span></p>\nReferencia: <span data-sheets-root=""1"">1381</span>",,,taxable,,1,,,0,0,,,,,0,,,234900,"Accesorios decorativos, Accesorios decorativos > Figuras de Personas, Accesorios decorativos > Figuras Decorativas",,,https://anbarhome.com/wp-content/uploads/2025/07/1381-Photoroom.jpg,,,,,,,,,0,,2025-06-27,default,,yes,,,,,,0,,nickx_video_url_youtube,no,10000000000000,
3221,simple,1514,,"Escultura decorativa en piedra",1,0,visible,,"<p data-start=""667"" data-end=""1084"">Elaborada en <strong data-start=""680"" data-end=""729"">piedra natural tipo mármol en tonalidad beige</strong>, esta escultura destaca por su <strong data-start=""761"" data-end=""786"">textura lisa y pulida</strong>, con ligeras vetas naturales que le otorgan carácter y exclusividad, ya que <strong data-start=""863"" data-end=""904"">no hay dos piezas exactamente iguales</strong>.<br data-start=""905"" data-end=""908"" />La piedra es <strong data-start=""921"" data-end=""946"">resistente y duradera</strong>, perfecta para uso interior o exterior, soportando cambios de temperatura y conservando su aspecto impecable con un mantenimiento mínimo.</p>\n<p class=""cvGsUA direction-ltr align-center para-style-body""><span class=""OYPEnA font-feature-liga-off font-feature-clig-off font-feature-calt-off text-decoration-none text-strikethrough-none""><strong>Dimensiones:</strong> 23cm x 22.5cm x 30cm</span></p>\n<strong>Referencia:</strong> <span data-sheets-root=""1"">1514</span>",,,taxable,,1,,,0,0,,,,,0,,,379900,"Accesorios decorativos, Accesorios decorativos > Esculturas, Accesorios decorativos > Figuras Decorativas",,,https://anbarhome.com/wp-content/uploads/2025/07/1514-Photoroom.jpg,,,,,,,,,0,,2025-06-27,default,,yes,,,,,,0,,nickx_video_url_youtube,no,10000000000000,
3222,simple,1513,,"Eslabón en acrilico negro",1,0,visible,,"<p data-start=""185"" data-end=""529"">El <strong data-start=""188"" data-end=""217"">Eslabón en Acrílico Negro</strong> es una pieza decorativa versátil y contemporánea que aporta carácter y sofisticación a cualquier ambiente. Su diseño entrelazado simboliza unión y fuerza, mientras que su acabado negro elegante lo convierte en un accesorio ideal para complementar desde espacios minimalistas hasta ambientes más vanguardistas.</p>\n<p data-start=""531"" data-end=""761"">Imagina este eslabón sobre tu mesa de centro, combinando con libros decorativos y velas; en una repisa, como acento moderno entre esculturas y marcos; o en tu oficina, aportando un toque de estilo y personalidad a tu escritorio.</p>\n<p class=""cvGsUA direction-ltr align-center para-style-body""><span class=""OYPEnA font-feature-liga-off font-feature-clig-off font-feature-calt-off text-decoration-none text-strikethrough-none""><strong>Dimensiones:</strong> 41.5cm x 15.5cm x 9.5cm</span></p>\n<strong>Referencia:</strong> <span data-sheets-root=""1"">1513</span>",,,taxable,,1,,,0,0,,,,,0,,,249900,"Accesorios decorativos, Accesorios decorativos > Eslabones",,,https://anbarhome.com/wp-content/uploads/2025/07/1513-Photoroom.jpg,,,,,,,,,0,,2025-06-27,default,,yes,,,,,,0,,nickx_video_url_youtube,no,10000000000000,
3223,simple,1419,,"Accesorio decorativo en cristal",1,0,visible,,"<p data-start=""196"" data-end=""494"">El <strong data-start=""199"" data-end=""234"">Accesorio Decorativo en Cristal</strong> es una pieza que refleja pureza, luz y elegancia atemporal. Su transparencia y destellos aportan un toque sofisticado capaz de realzar cualquier espacio, convirtiéndose en el detalle perfecto para quienes buscan equilibrio entre modernidad y estilo clásico.</p>\n<p data-start=""496"" data-end=""778"">Imagina este accesorio sobre tu mesa de centro, capturando la luz natural y creando un ambiente cálido y refinado; en una consola de entrada, dando la primera impresión de lujo y buen gusto; o en tu comedor, acompañando un centro de mesa y elevando la experiencia de cada reunión.</p>\n<p class=""cvGsUA direction-ltr align-center para-style-body""><span class=""OYPEnA font-feature-liga-off font-feature-clig-off font-feature-calt-off text-decoration-none text-strikethrough-none"">Dimensiones: 20cm x 20cm x 20cm</span></p>\nReferencia: <span data-sheets-root=""1"">1419</span>",,,taxable,,1,,,0,0,,,,,0,,,219900,"Accesorios decorativos, Accesorios decorativos > Figuras Decorativas",,,https://anbarhome.com/wp-content/uploads/2025/07/1419-Photoroom.jpg,,,,,,,,,0,,2025-06-27,default,,yes,,,,,,0,,nickx_video_url_youtube,no,10000000000000,
3224,simple,1418,,"Mariposa decorativa en acero",1,0,visible,,"<p data-start=""197"" data-end=""456"">La <strong data-start=""200"" data-end=""232"">Mariposa Decorativa en Acero</strong> es un símbolo de transformación, libertad y belleza natural. Su acabado metálico le aporta modernidad y sofisticación, mientras que su diseño delicado la convierte en el detalle perfecto para dar vida a cualquier espacio.</p>\n<p data-start=""458"" data-end=""701"">Imagina esta mariposa sobre una consola en la entrada, dando la bienvenida con frescura y estilo; en una repisa de la sala, acompañando libros y esculturas; o en tu oficina, aportando inspiración y un toque artístico a tu espacio de trabajo.</p>\n<p class=""cvGsUA direction-ltr align-center para-style-body""><span class=""OYPEnA font-feature-liga-off font-feature-clig-off font-feature-calt-off text-decoration-none text-strikethrough-none""><strong>Dimensiones:</strong> 6.5cm x 4.5cm x</span> <span class=""OYPEnA font-feature-liga-off font-feature-clig-off font-feature-calt-off text-decoration-none text-strikethrough-none"">8cm</span></p>\n<strong>Referencia:</strong> <span data-sheets-root=""1"">1418</span>",,,taxable,,1,,,0,0,,,,,0,,,89900,"Accesorios decorativos, Accesorios decorativos > Animales, Accesorios decorativos > Figuras Decorativas",,,https://anbarhome.com/wp-content/uploads/2025/07/1418-Photoroom.jpg,,,,,,,,,0,,2025-06-27,default,,yes,,,,,,0,,nickx_video_url_youtube,no,10000000000000,
3225,simple,1417,,"Libelula decorativa en acero",1,0,visible,,"<p data-start=""191"" data-end=""472"">La <strong data-start=""194"" data-end=""226"">Libélula Decorativa en Acero</strong> es una pieza que fusiona naturaleza y diseño moderno. Su estructura metálica refleja resistencia y brillo, mientras su delicada silueta aporta ligereza y armonía, convirtiéndose en un detalle único que llena cualquier espacio de sofisticación.</p>\n<p data-start=""474"" data-end=""706"">Imagina esta libélula sobre una mesa de centro, acompañando un arreglo floral; en una repisa, agregando un toque artístico y natural; o en tu terraza, como un acento decorativo que conecta el interior con la frescura del exterior.</p>\n<p class=""cvGsUA direction-ltr align-center para-style-body""><span class=""OYPEnA font-feature-liga-off font-feature-clig-off font-feature-calt-off text-decoration-none text-strikethrough-none""><strong>Dimensiones:</strong> 8.5cm x 7.5cm x 5cm</span></p>\n<strong>Referencia:</strong> <span data-sheets-root=""1"">1417</span>",,,taxable,,1,,,0,0,,,,,0,,,89900,"Accesorios decorativos, Accesorios decorativos > Animales",,,https://anbarhome.com/wp-content/uploads/2025/07/1417-Photoroom.jpg,,,,,,,,,0,,2025-06-27,default,,yes,,,,,,0,,nickx_video_url_youtube,no,10000000000000,
3229,simple,1477,,"Escultura hombre en resina blanco",1,0,visible,,"<p data-start=""209"" data-end=""471"">La <strong data-start=""212"" data-end=""255"">Escultura Hombre en Resina color blanco</strong> es un símbolo de elegancia minimalista y sofisticación. Su acabado en tono blanco aporta luminosidad y armonía, convirtiéndola en el detalle perfecto para realzar cualquier espacio con un aire moderno y artístico.</p>\n<p data-start=""473"" data-end=""725"">Imagina esta pieza sobre la consola de la entrada, dando la bienvenida con un toque de distinción; en tu sala, como punto focal sobre una mesa de centro acompañada de libros decorativos; o en tu oficina, transmitiendo calma, creatividad y equilibrio.</p>\n<p class=""cvGsUA direction-ltr align-center para-style-body""><span class=""OYPEnA font-feature-liga-off font-feature-clig-off font-feature-calt-off text-decoration-none text-strikethrough-none""><strong>Dimensiones:</strong> 10.8cm x 7cm x 35cm</span></p>\n<strong>Referencia:</strong> 1477",,,taxable,,1,,,0,0,,,,,0,,,199900,"Accesorios decorativos, Accesorios decorativos > Esculturas, Accesorios decorativos > Figuras de Personas",,,https://anbarhome.com/wp-content/uploads/2025/07/1477-Photoroom.jpg,,,,,,,,,0,,2025-06-27,default,,yes,,,,,,0,,nickx_video_url_youtube,no,10000000000000,
3230,simple,1478,,"Escultura hombre en resina negro",1,0,visible,,"<p data-start=""209"" data-end=""484"">La <strong data-start=""212"" data-end=""254"">Escultura Hombre en Resina color negro</strong> es una obra decorativa que refleja poder, estilo y modernidad. Su acabado en negro intenso aporta elegancia y carácter, convirtiéndola en una pieza de impacto que realza cualquier ambiente con un aire artístico y contemporáneo.</p>\n<p data-start=""486"" data-end=""718"">Imagina esta escultura sobre una mesa de centro, destacando como protagonista en tu sala; en una repisa minimalista, aportando contraste y sofisticación; o en tu oficina, proyectando fuerza y personalidad en tu espacio de trabajo.</p>\n<p class=""cvGsUA direction-ltr align-center para-style-body""><span class=""OYPEnA font-feature-liga-off font-feature-clig-off font-feature-calt-off text-decoration-none text-strikethrough-none""><strong>Dimensiones:</strong> 12cm x 9cm x 40cm</span></p>\n<strong>Referencia:</strong> <span data-sheets-root=""1"">1478</span>",,,taxable,,1,,,0,0,,,,,0,,,219900,"Accesorios decorativos, Accesorios decorativos > Esculturas, Accesorios decorativos > Figuras de Personas",,,https://anbarhome.com/wp-content/uploads/2025/07/1478-Photoroom.jpg,,,,,,,,,0,,2025-06-27,default,,yes,,,,,,0,,nickx_video_url_youtube,no,10000000000000,
3231,simple,1480,,"Separalibros de hombres en resina color blanco derecho",1,0,visible,,"<p data-start=""185"" data-end=""478"">La <strong data-start=""188"" data-end=""218"">Escultura Hombre en Resina</strong> es una pieza decorativa que une modernidad y elegancia en un solo detalle. Su diseño artístico aporta personalidad y carácter, convirtiéndose en el punto focal perfecto para quienes buscan transformar sus ambientes en espacios llenos de estilo y distinción.</p>\n<p data-start=""480"" data-end=""781"">Imagina esta escultura sobre la mesa de centro de tu sala, generando conversación y admiración entre tus invitados; en una consola de entrada, como un detalle artístico que sorprende desde el primer momento; o en tu oficina, transmitiendo fuerza, creatividad y sofisticación a tu espacio de trabajo.</p>\n<p class=""cvGsUA direction-ltr align-center para-style-body""><span class=""OYPEnA font-feature-liga-off font-feature-clig-off font-feature-calt-off text-decoration-none text-strikethrough-none""><strong>Descripción:</strong> 11cm 6cm x 27cm</span></p>\n<strong>Referencia:</strong> 1480",,,taxable,,1,,,0,0,,,,,0,,,169900,"Accesorios decorativos, Accesorios decorativos > Esculturas, Accesorios decorativos > Figuras de Personas, Accesorios decorativos > Separalibros",,,https://anbarhome.com/wp-content/uploads/2025/07/1479-Photoroom-1.jpg,,,,,,,,,0,,2025-06-27,default,,yes,,,,,,0,,nickx_video_url_youtube,no,10000000000000,
3232,simple,1479,,"Escultura hombre en resina izquierdo",1,0,visible,,"<p data-start=""185"" data-end=""478"">La <strong data-start=""188"" data-end=""218"">Escultura Hombre en Resina</strong> es una pieza decorativa que une modernidad y elegancia en un solo detalle. Su diseño artístico aporta personalidad y carácter, convirtiéndose en el punto focal perfecto para quienes buscan transformar sus ambientes en espacios llenos de estilo y distinción.</p>\n<p data-start=""480"" data-end=""781"">Imagina esta escultura sobre la mesa de centro de tu sala, generando conversación y admiración entre tus invitados; en una consola de entrada, como un detalle artístico que sorprende desde el primer momento; o en tu oficina, transmitiendo fuerza, creatividad y sofisticación a tu espacio de trabajo.</p>\n<p class=""cvGsUA direction-ltr align-center para-style-body""><span class=""OYPEnA font-feature-liga-off font-feature-clig-off font-feature-calt-off text-decoration-none text-strikethrough-none""><strong>Descripción:</strong> 11cm 6cm x 27cm</span></p>\n<strong>Referencia: </strong>1479",,,taxable,,1,,,0,0,,,,,0,,,169900,"Accesorios decorativos, Accesorios decorativos > Esculturas, Accesorios decorativos > Figuras de Personas, Accesorios decorativos > Separalibros",,,https://anbarhome.com/wp-content/uploads/2025/07/1479-Photoroom.jpg,,,,,,,,,0,,2025-06-27,default,,yes,,,,,,0,,nickx_video_url_youtube,no,10000000000000,
3233,simple,1581,,"Escultura decorativa en piedra",1,0,visible,,"<p data-start=""192"" data-end=""474"">La <strong data-start=""195"" data-end=""229"">Escultura Decorativa en Piedra</strong> es una pieza única que transmite fuerza, serenidad y sofisticación. Su acabado en piedra realza la textura natural, convirtiéndola en un detalle atemporal que se adapta a distintos estilos de decoración, desde lo minimalista hasta lo clásico.</p>\n<p data-start=""476"" data-end=""772"">Imagina esta escultura en la mesa de centro de tu sala, acompañada de libros decorativos y una vela, creando un ambiente elegante y acogedor. También es perfecta para la consola de la entrada, ofreciendo una bienvenida distinguida, o en tu oficina, aportando un aire de calma y profesionalismo.</p>\n<p class=""cvGsUA direction-ltr align-center para-style-body""><span class=""OYPEnA font-feature-liga-off font-feature-clig-off font-feature-calt-off text-decoration-none text-strikethrough-none""><strong>Dimensiones:</strong> 29cm x 50cm x 41cm</span></p>\n<strong>Referencia:</strong> 1581",,,taxable,,1,,,0,0,,,,,0,,,1100000,"Accesorios decorativos, Accesorios decorativos > Esculturas",,,https://anbarhome.com/wp-content/uploads/2025/07/1581-Photoroom.jpg,,,,,,,,,0,,2025-06-27,default,,yes,,,,,,0,,nickx_video_url_youtube,no,10000000000000,
3235,simple,1462,,"Separalibros en resina",1,0,visible,,"<p data-start=""187"" data-end=""375"">Organiza, decora y transforma tus espacios con estilo. Nuestro <strong data-start=""251"" data-end=""277"">separalibros de diseño</strong> no solo mantiene tus libros en orden, también aporta un toque moderno y sofisticado a tu hogar.</p>\n<p data-start=""382"" data-end=""544"">Colócalo en tu sala, estudio u oficina para exhibir tus libros favoritos o revistas de diseño, y convierte cualquier estante en un rincón lleno de personalidad</p>\n<p class=""cvGsUA direction-ltr align-center para-style-body""><span class=""OYPEnA font-feature-liga-off font-feature-clig-off font-feature-calt-off text-decoration-none text-strikethrough-none""><strong>Dimensión:</strong> 12cm x 10cm x 15cm</span></p>\n<strong>Referencia:</strong> 1462",,,taxable,,1,,,0,0,,,,,0,,,239900,"Accesorios decorativos, Accesorios decorativos > Separalibros",,,https://anbarhome.com/wp-content/uploads/2025/07/1462-Photoroom.jpg,,,,,,,,,0,,2025-06-27,default,,yes,,,,,,0,,nickx_video_url_youtube,no,10000000000000,
3241,simple,1572A,,"Escultura gris en resina",1,0,visible,,"<p data-start=""186"" data-end=""474"">La <strong data-start=""189"" data-end=""217"">Escultura Gris en Resina</strong> es una pieza decorativa que une modernidad y sobriedad en un solo diseño. Su acabado en tono gris aporta equilibrio y versatilidad, lo que la convierte en un detalle ideal para complementar ambientes minimalistas, nórdicos, industriales o contemporáneos.</p>\n<p data-start=""476"" data-end=""733"">Imagina esta escultura en tu sala, sobre la mesa de centro, destacando entre libros y velas decorativas; en la consola de la entrada, como un detalle sofisticado que recibe a tus invitados; o en tu oficina, aportando un aire sobrio, moderno y profesional.</p>\n<p class=""cvGsUA direction-ltr align-center para-style-body""><span class=""OYPEnA font-feature-liga-off font-feature-clig-off font-feature-calt-off text-decoration-none text-strikethrough-none""><strong>Dimensiones:</strong> 30cm 10xm x 10cm</span></p>\n<strong>Referencia:</strong> <span data-sheets-root=""1"">1572A</span>",,,taxable,,1,,,0,0,,,,,0,,,299900,"Accesorios decorativos, Accesorios decorativos > Esculturas",,,https://anbarhome.com/wp-content/uploads/2025/07/1572-Photoroom-1.jpg,,,,,,,,,0,,2025-06-27,default,,yes,,,,,,0,,nickx_video_url_youtube,no,10000000000000,
3242,simple,1572,,"Figura decorativa en resina",1,0,visible,,"<p data-start=""205"" data-end=""512"">La <strong data-start=""208"" data-end=""239"">Figura Decorativa en Resina</strong> es el complemento ideal para transformar cualquier espacio en un ambiente lleno de estilo y personalidad. Su acabado elegante y su diseño versátil hacen de esta pieza un detalle atemporal que combina con diferentes estilos decorativos, desde lo clásico hasta lo moderno.</p>\n<p data-start=""514"" data-end=""828"">Imagina esta figura en tu sala, sobre la mesa de centro junto a libros decorativos y una vela aromática, creando un rincón acogedor y sofisticado. También puedes colocarla en la consola de la entrada para dar una bienvenida con estilo, o en tu oficina, aportando distinción y equilibrio en tu espacio de trabajo.</p>\n<p class=""cvGsUA direction-ltr align-center para-style-body""><span class=""OYPEnA font-feature-liga-off font-feature-clig-off font-feature-calt-off text-decoration-none text-strikethrough-none""><strong>Dimensiones:</strong> 8.5cm</span> <span class=""OYPEnA font-feature-liga-off font-feature-clig-off font-feature-calt-off text-decoration-none text-strikethrough-none"">x 14.5cm x 12cm</span></p>\n<strong>Referencia:</strong> 1572",,,taxable,,1,,,0,0,,,,,0,,,159900,"Accesorios decorativos, Accesorios decorativos > Figuras Decorativas",,,https://anbarhome.com/wp-content/uploads/2025/07/1572-Photoroom.jpg,,,,,,,,,0,,2025-06-27,default,,yes,,,,,,0,,nickx_video_url_youtube,no,10000000000000,
3243,simple,1466,,"Escultura negra en resina",1,0,visible,,"<p data-start=""186"" data-end=""492"">La <strong data-start=""189"" data-end=""218"">Escultura Negra en Resina</strong> es una pieza decorativa moderna y atemporal que aporta carácter, estilo y sofisticación a cualquier espacio. Su acabado en negro profundo y su diseño artístico la convierten en un accesorio versátil, capaz de resaltar en ambientes minimalistas, contemporáneos o clásicos.</p>\n<p data-start=""494"" data-end=""760"">Imagina esta escultura en la consola de tu entrada, dando una bienvenida elegante y llena de personalidad; en la mesa de centro de tu sala, acompañada de libros decorativos y velas; o en tu oficina, aportando un aire sobrio y profesional que no pasa desapercibido.</p>\n<p class=""cvGsUA direction-ltr align-center para-style-body""><span class=""OYPEnA font-feature-liga-off font-feature-clig-off font-feature-calt-off text-decoration-none text-strikethrough-none""><strong>Dimensiones:</strong> 35cm x30cm x 20cm</span></p>\n<strong>Referencia:</strong> <span data-sheets-root=""1"">1466</span>",,,taxable,,1,,,0,0,,,,,0,,,299900,"Accesorios decorativos, Accesorios decorativos > Esculturas",,,https://anbarhome.com/wp-content/uploads/2025/07/1466-Photoroom.jpg,,,,,,,,,0,,2025-06-27,default,,yes,,,,,,0,,nickx_video_url_youtube,no,10000000000000,
3244,simple,1570,,"Figura decorativa en resina",1,0,visible,,"<p data-start=""189"" data-end=""422"">La <strong data-start=""192"" data-end=""223"">Figura Decorativa en Resina</strong> es el complemento ideal para dar personalidad y estilo a tu hogar. Su diseño versátil y su acabado elegante la convierten en una pieza atemporal que aporta distinción y armonía a cualquier rincón.</p>\n<p data-start=""424"" data-end=""718"">Imagina esta figura sobre tu mesa de centro en la sala, acompañada de libros decorativos y una vela, creando un ambiente acogedor y sofisticado. También luce perfecta en una consola de entrada para dar la bienvenida con estilo, o en tu oficina, aportando un toque moderno y lleno de carácter.</p>\n<p class=""cvGsUA direction-ltr align-center para-style-body""><span class=""OYPEnA font-feature-liga-off font-feature-clig-off font-feature-calt-off text-decoration-none text-strikethrough-none""><strong>Dimensiones:</strong> 23cm x 18cm x 16cm</span></p>\n<strong>Referencia:</strong> 1570",,,taxable,,1,,,0,0,,,,,0,,,159900,"Accesorios decorativos, Accesorios decorativos > Figuras Decorativas",,,https://anbarhome.com/wp-content/uploads/2025/07/1570-Photoroom.jpg,,,,,,,,,0,,2025-06-27,default,,yes,,,,,,0,,nickx_video_url_youtube,no,10000000000000,
3245,simple,1385,,"Escultura en acero negra",1,0,visible,,"<p data-start=""185"" data-end=""492"">La <strong data-start=""188"" data-end=""216"">Escultura en Acero Negra</strong> es una pieza decorativa que destaca por su fuerza visual y su diseño contemporáneo. Su acabado metálico en negro profundo aporta sobriedad, elegancia y un aire minimalista, convirtiéndola en el complemento ideal para quienes buscan dar personalidad y estilo a sus espacios.</p>\n<p data-start=""494"" data-end=""754"">Imagina esta escultura en tu sala, sobre una mesa de centro o una consola, creando un punto focal moderno y sofisticado. También luce perfecta en una repisa junto a libros decorativos o en tu oficina, transmitiendo carácter y profesionalismo en cada detalle.</p>\n<p class=""cvGsUA direction-ltr align-center para-style-body""><span class=""OYPEnA font-feature-liga-off font-feature-clig-off font-feature-calt-off text-decoration-none text-strikethrough-none""><strong>Dimensiones:</strong> 24cm x11cm x35cm</span></p>\n<strong>Referencia:</strong> <span data-sheets-root=""1"">1385</span>",,,taxable,,1,,,0,0,,,,,0,,,299900,"Accesorios decorativos, Accesorios decorativos > Esculturas",,,https://anbarhome.com/wp-content/uploads/2025/07/1385-Photoroom.jpg,,,,,,,,,0,,2025-06-27,default,,yes,,,,,,0,,nickx_video_url_youtube,no,10000000000000,
3246,simple,1576A,,"Escultura blanca en piedra",1,0,visible,,"<p data-start=""191"" data-end=""501"">La <strong data-start=""194"" data-end=""224"">Escultura Blanca en Piedra</strong> es una pieza decorativa atemporal que aporta equilibrio, serenidad y elegancia a tus espacios. Su acabado en tono blanco resalta la textura natural de la piedra, convirtiéndola en un objeto artístico que combina a la perfección con estilos modernos, minimalistas o clásicos.</p>\n<p data-start=""503"" data-end=""776"">Imagina esta escultura sobre la consola de tu entrada, dando una bienvenida sofisticada y luminosa; en tu sala, sobre la mesa de centro junto a velas y libros decorativos, creando un rincón acogedor; o en tu oficina, aportando calma y distinción en el entorno de trabajo.</p>\n<p class=""cvGsUA direction-ltr align-center para-style-body""><span class=""OYPEnA font-feature-liga-off font-feature-clig-off font-feature-calt-off text-decoration-none text-strikethrough-none""><strong>Dimensiones:</strong> 19cm x 10.5cm x 34.5cm</span></p>\n<strong>Referencia:</strong> 1576A",,,taxable,,1,,,0,0,,,,,0,,,399900,"Accesorios decorativos, Accesorios decorativos > Esculturas",,,https://anbarhome.com/wp-content/uploads/2025/07/1576-Photoroom.jpg,,,,,,,,,0,,2025-06-27,default,,yes,,,,,,0,,nickx_video_url_youtube,no,10000000000000,
3247,simple,1579,,"Hongos decorativos en acero dorado",1,0,visible,,"<p data-start=""208"" data-end=""490"">Los <strong data-start=""212"" data-end=""250"">Hongos Decorativos en Acero Dorado</strong> son piezas únicas que combinan la delicadeza de la naturaleza con la sofisticación del acabado metálico dorado. Su diseño moderno y brillante los convierte en el detalle ideal para dar un aire de lujo, frescura y originalidad a tu hogar.</p>\n<p data-start=""492"" data-end=""785"">Imagina estos hongos en tu mesa de centro, acompañados de libros decorativos y una bandeja, creando un punto focal elegante y diferente. También lucen perfectos en una consola de entrada, aportando un toque artístico, o en tu oficina, donde transmiten estilo y distinción sin perder calidez.</p>\n<p class=""cvGsUA direction-ltr align-center para-style-body""><span class=""OYPEnA font-feature-liga-off font-feature-clig-off font-feature-calt-off text-decoration-none text-strikethrough-none""><strong>Dimensiones:</strong> 14.5cm x 14cm x 28cm</span></p>\n<strong>Referencia:</strong> <span data-sheets-root=""1"">1579</span>",,,taxable,,1,,,0,0,,,,,0,,,249900,"Accesorios decorativos, Accesorios decorativos > Figuras Decorativas",,,https://anbarhome.com/wp-content/uploads/2025/07/1579-Photoroom.jpg,,,,,,,,,0,,2025-06-27,default,,yes,,,,,,0,,nickx_video_url_youtube,no,10000000000000,
3249,simple,15772,,"Figura decorativa en resina pequeña",1,0,visible,,"<p data-start=""239"" data-end=""516"">La <strong data-start=""242"" data-end=""273"">Figura Decorativa en Resina</strong> es el toque perfecto para darle personalidad, elegancia y estilo a tu hogar. Su diseño versátil y su acabado moderno hacen de esta pieza un elemento único que se adapta a distintos ambientes, realzando la decoración con sutileza y carácter.</p>\n<p data-start=""518"" data-end=""818"">Imagina esta figura sobre tu mesa de centro en la sala, acompañada de libros y una vela aromática, creando un rincón acogedor y sofisticado. También puedes colocarla en tu oficina para aportar un aire distinguido, o en una consola de entrada, dando la bienvenida con un detalle artístico y moderno.</p>\n<p class=""cvGsUA direction-ltr align-center para-style-body""><span class=""OYPEnA font-feature-liga-off font-feature-clig-off font-feature-calt-off text-decoration-none text-strikethrough-none""><strong>Dimensiones:</strong> 8cm x22cm x 34cm</span></p>\n<strong>Referencia: </strong>15772",,,taxable,,1,,,0,0,,,,,0,,,239900,"Accesorios decorativos, Accesorios decorativos > Figuras Decorativas",,,https://anbarhome.com/wp-content/uploads/2025/07/15771-Photoroom.jpg,,,,,,,,,0,,2025-06-27,default,,yes,,,,,,0,,nickx_video_url_youtube,no,10000000000000,
3250,simple,15771,,"Figura decorativa en resina grande",1,0,visible,,"<p data-start=""239"" data-end=""516"">La <strong data-start=""242"" data-end=""273"">Figura Decorativa en Resina</strong> es el toque perfecto para darle personalidad, elegancia y estilo a tu hogar. Su diseño versátil y su acabado moderno hacen de esta pieza un elemento único que se adapta a distintos ambientes, realzando la decoración con sutileza y carácter.</p>\n<p data-start=""518"" data-end=""818"">Imagina esta figura sobre tu mesa de centro en la sala, acompañada de libros y una vela aromática, creando un rincón acogedor y sofisticado. También puedes colocarla en tu oficina para aportar un aire distinguido, o en una consola de entrada, dando la bienvenida con un detalle artístico y moderno.</p>\n<p class=""cvGsUA direction-ltr align-center para-style-body""><span class=""OYPEnA font-feature-liga-off font-feature-clig-off font-feature-calt-off text-decoration-none text-strikethrough-none""><strong>Dimensiones:</strong> 8cm x27cm x 39cm</span></p>\n<strong>Referencia: </strong>15771",,,taxable,,1,,,0,0,,,,,0,,,299900,"Accesorios decorativos, Accesorios decorativos > Figuras Decorativas",,,https://anbarhome.com/wp-content/uploads/2025/07/15771-Photoroom.jpg,,,,,,,,,0,,2025-06-27,default,,yes,,,,,,0,,nickx_video_url_youtube,no,10000000000000,
3251,simple,1575A,,"Escultura en piedra color nude",1,0,visible,,"<p data-start=""228"" data-end=""519"">La <strong data-start=""231"" data-end=""265"">Escultura en Piedra Color Nude</strong> es una pieza decorativa que combina la fuerza de la piedra con la suavidad de un tono neutro y sofisticado. Su acabado artesanal y minimalista aporta calidez, equilibrio y elegancia, convirtiéndola en un detalle versátil que realza cualquier ambiente.</p>\n<p data-start=""521"" data-end=""819"">Imagina esta escultura en tu sala, sobre una mesa de centro acompañada de velas y libros decorativos, creando un espacio acogedor y moderno. También puedes colocarla en la consola de la entrada para dar una bienvenida llena de estilo, o en tu oficina, aportando un aire de serenidad y distinción.</p>\n<p class=""cvGsUA direction-ltr align-center para-style-body""><span class=""OYPEnA font-feature-liga-off font-feature-clig-off font-feature-calt-off text-decoration-none text-strikethrough-none""><strong>Dimensiones:</strong> 11cm x 7.5cm x 29cm</span></p>\n<strong>Referencia:</strong> <span data-sheets-root=""1"">1575A</span>",,,taxable,,1,,,0,0,,,,,0,,,399900,"Accesorios decorativos, Accesorios decorativos > Esculturas",,,https://anbarhome.com/wp-content/uploads/2025/07/1575-Photoroom.jpg,,,,,,,,,0,,2025-06-27,default,,yes,,,,,,0,,nickx_video_url_youtube,no,10000000000000,
3253,simple,1147,,"Caballo de resina blanco poroso",1,0,visible,,"<p data-start=""239"" data-end=""533"">El <strong data-start=""242"" data-end=""277"">Caballo de Resina Blanco Poroso</strong> es una escultura decorativa que transmite elegancia, calma y sofisticación. Su acabado en blanco con textura porosa le otorga un aire minimalista y contemporáneo, convirtiéndolo en el detalle perfecto para realzar cualquier rincón de tu hogar u oficina.</p>\n<p data-start=""535"" data-end=""889"">Imagina este caballo en la consola de tu entrada, aportando luminosidad y personalidad desde el primer paso; en tu sala, sobre una mesa de centro acompañado de velas y libros decorativos; o en tu estudio, como símbolo de equilibrio y fuerza serena. Su diseño versátil se adapta tanto a estilos modernos como clásicos, siempre resaltando con distinción.</p>\n<p class=""cvGsUA direction-ltr align-center para-style-body""><span class=""OYPEnA font-feature-liga-off font-feature-clig-off font-feature-calt-off text-decoration-none text-strikethrough-none""><strong>Dimensiones:</strong> 35cm de altura</span></p>\n<strong>Referencia: </strong>1147",,,taxable,,1,,,0,0,,,,,0,,,299900,"Accesorios decorativos, Accesorios decorativos > Animales",,,https://anbarhome.com/wp-content/uploads/2025/07/1147-Photoroom.jpg,,,,,,,,,0,,2025-06-27,default,,yes,,,,,,0,,nickx_video_url_youtube,no,10000000000000,
3254,simple,1474,,"Caballo en resina",1,0,visible,,"<p data-start=""172"" data-end=""407"">El <strong data-start=""175"" data-end=""196"">Caballo en Resina</strong> es una pieza decorativa que refleja fuerza, libertad y sofisticación. Su acabado detallado y su diseño moderno lo convierten en un objeto atemporal, capaz de realzar cualquier espacio con un aire distinguido.</p>\n<p data-start=""409"" data-end=""737"">Imagina este caballo sobre una mesa de centro en tu sala, convirtiéndose en el punto focal de la decoración; en la consola de la entrada, dando una bienvenida llena de estilo; o en tu oficina, como símbolo de liderazgo y personalidad. Su versatilidad lo hace perfecto para distintos rincones, aportando siempre un toque único.</p>\n<p class=""cvGsUA direction-ltr align-center para-style-body""><span class=""OYPEnA font-feature-liga-off font-feature-clig-off font-feature-calt-off text-decoration-none text-strikethrough-none""><strong>Dimensiones:</strong> 41cm x 20cm x 37cm</span></p>\n<strong>Referencia: </strong>1474",,,taxable,,1,,,0,0,,,,,0,,,389900,"Accesorios decorativos, Accesorios decorativos > Animales",,,https://anbarhome.com/wp-content/uploads/2025/07/1473-Photoroom-1.jpg,,,,,,,,,0,,2025-06-27,default,,yes,,,,,,0,,nickx_video_url_youtube,no,10000000000000,
3255,simple,1473,,"Caballo en resina",1,0,visible,,"<p data-start=""172"" data-end=""407"">El <strong data-start=""175"" data-end=""196"">Caballo en Resina</strong> es una pieza decorativa que refleja fuerza, libertad y sofisticación. Su acabado detallado y su diseño moderno lo convierten en un objeto atemporal, capaz de realzar cualquier espacio con un aire distinguido.</p>\n<p data-start=""409"" data-end=""737"">Imagina este caballo sobre una mesa de centro en tu sala, convirtiéndose en el punto focal de la decoración; en la consola de la entrada, dando una bienvenida llena de estilo; o en tu oficina, como símbolo de liderazgo y personalidad. Su versatilidad lo hace perfecto para distintos rincones, aportando siempre un toque único.</p>\n<p class=""cvGsUA direction-ltr align-center para-style-body""><span class=""OYPEnA font-feature-liga-off font-feature-clig-off font-feature-calt-off text-decoration-none text-strikethrough-none""><strong>Dimensiones:</strong> 25cm x 13cm x 23cm</span></p>\n<strong>Referencia: </strong>1473",,,taxable,,1,,,0,0,,,,,0,,,199900,"Accesorios decorativos, Accesorios decorativos > Animales",,,https://anbarhome.com/wp-content/uploads/2025/07/1473-Photoroom.jpg,,,,,,,,,0,,2025-06-27,default,,yes,,,,,,0,,nickx_video_url_youtube,no,10000000000000,
3256,simple,1472,,"Caballo en piedra",1,0,visible,,"<p data-start=""184"" data-end=""473"">El <strong data-start=""187"" data-end=""208"">Caballo en Piedra</strong> es una pieza decorativa que combina la nobleza de la figura ecuestre con la solidez y pureza de la piedra. Su acabado artesanal resalta texturas únicas, convirtiéndolo en un elemento atemporal que aporta carácter, equilibrio y sofisticación a cualquier ambiente.</p>\n<p data-start=""475"" data-end=""785"">Imagina este caballo decorando la consola de tu entrada, dando la bienvenida con distinción; en tu sala, sobre una mesa de centro acompañado de libros y velas; o en tu oficina, como símbolo de liderazgo y determinación. Su presencia transforma cualquier espacio en un rincón elegante y lleno de personalidad.</p>\n<p class=""cvGsUA direction-ltr align-center para-style-body""><span class=""OYPEnA font-feature-liga-off font-feature-clig-off font-feature-calt-off text-decoration-none text-strikethrough-none""><strong>Dimensiones:</strong> 47cm x 8cm x 48cm</span></p>\n<strong>Referencia:</strong> 1472",,,taxable,,1,,,0,0,,,,,0,,,499900,"Accesorios decorativos, Accesorios decorativos > Animales",,,https://anbarhome.com/wp-content/uploads/2025/07/1472-Photoroom.jpg,,,,,,,,,0,,2025-06-27,default,,yes,,,,,,0,,nickx_video_url_youtube,no,10000000000000,
3257,simple,1463,,"Set x3 de caballos decorativos en resina",1,0,visible,,"<p data-start=""233"" data-end=""526"">Este <strong data-start=""238"" data-end=""281"">Set de 3 Caballos Decorativos en Resina</strong> es el complemento perfecto para quienes buscan piezas con carácter y elegancia. Cada figura, con su acabado detallado y diseño sofisticado, transmite fuerza, libertad y distinción, creando un efecto visual impactante cuando se exhiben juntas.</p>\n<p data-start=""528"" data-end=""870"">Imagina este set en la consola de tu sala, generando un punto focal elegante y moderno; en una repisa acompañando libros y jarrones; o incluso en tu oficina, aportando un aire de liderazgo y dinamismo. Su versatilidad permite colocarlos juntos para un estilo más imponente o separados para darle personalidad a distintos rincones del hogar.</p>\n<strong>Dimensiones:</strong>\n<p class=""cvGsUA direction-ltr align-center para-style-body""><span class=""OYPEnA font-feature-liga-off font-feature-clig-off font-feature-calt-off text-decoration-none text-strikethrough-none"">Grande - 21cm x 8cm x 41cm</span></p>\n<p class=""cvGsUA direction-ltr align-center para-style-body""><span class=""OYPEnA font-feature-liga-off font-feature-clig-off font-feature-calt-off text-decoration-none text-strikethrough-none"">Mediano -20cm x 8cm x 34cm</span></p>\n<span class=""OYPEnA font-feature-liga-off font-feature-clig-off font-feature-calt-off text-decoration-none text-strikethrough-none"">Pequeño - 20cm x 8cm x 29.5cm</span>\n\n<strong>Referencia:</strong> 1463",,,taxable,,1,,,0,0,,,,,0,,,529900,"Accesorios decorativos, Accesorios decorativos > Animales",,,https://anbarhome.com/wp-content/uploads/2025/07/1463-Photoroom.jpg,,,,,,,,,0,,2025-06-27,default,,yes,,,,,,0,,nickx_video_url_youtube,no,10000000000000,
3259,simple,1383,,"Caballo Decorativo Negro - Dorado Pequeño en Resina",1,0,visible,,"<h3 data-section-id=""97xa9k"" data-start=""0"" data-end=""87"">Caballos Decorativos de Diseño Elegante – Distinción, Fuerza y Estilo para tu Hogar</h3>\n<p data-start=""89"" data-end=""494"">Incorpora un símbolo de elegancia, nobleza y carácter a tus espacios con este exclusivo conjunto de <strong data-start=""189"" data-end=""213"">caballos decorativos</strong>, una pieza diseñada para realzar cualquier ambiente con un estilo sofisticado y atemporal. Inspirados en la majestuosidad de la figura ecuestre, estos adornos combinan arte, diseño y buen gusto, convirtiéndose en un elemento decorativo que transmite fuerza, libertad y distinción.</p>\n<p data-start=""496"" data-end=""849"">Su diseño cuidadosamente elaborado destaca la belleza y el porte natural de los caballos, creando una presencia visual impactante que atrae la atención y aporta personalidad a cualquier estancia. Gracias a su estética refinada, estos caballos decorativos se integran perfectamente en ambientes modernos, contemporáneos, clásicos, industriales o de lujo.</p>\n<p data-start=""851"" data-end=""1140"">Son ideales para decorar salas de estar, recibidores, oficinas, bibliotecas, despachos, estanterías, mesas auxiliares, consolas o muebles de comedor. Ya sea como pieza central o como complemento decorativo, añaden un toque exclusivo y elegante que eleva la decoración de cualquier espacio.</p>\n<p data-start=""1142"" data-end=""1436"">Además de su atractivo estético, la figura del caballo ha sido tradicionalmente asociada con el éxito, la determinación, la prosperidad y el liderazgo, convirtiendo estas piezas en una excelente opción para hogares, oficinas o como regalo especial para amantes de la decoración y la equitación.</p>\n\n<h3 data-section-id=""9f0cy4"" data-start=""1438"" data-end=""1469"">Características destacadas:</h3>\n<p data-start=""1470"" data-end=""1966"">✔ Caballos decorativos de diseño elegante y sofisticado.<br data-start=""1526"" data-end=""1529"" />✔ Inspirados en la belleza y majestuosidad de la figura ecuestre.<br data-start=""1594"" data-end=""1597"" />✔ Aportan personalidad, carácter y distinción a cualquier ambiente.<br data-start=""1664"" data-end=""1667"" />✔ Ideales para salas, oficinas, recibidores, bibliotecas y comedores.<br data-start=""1736"" data-end=""1739"" />✔ Combinan fácilmente con estilos modernos, clásicos y contemporáneos.<br data-start=""1809"" data-end=""1812"" />✔ Perfectos como elemento decorativo principal o complemento ornamental.<br data-start=""1884"" data-end=""1887"" data-is-only-node="""" />✔ Excelente opción para regalar o renovar la decoración con un toque exclusivo.</p>\n<p data-start=""1968"" data-end=""2191"">Estos caballos decorativos son mucho más que simples accesorios para el hogar; representan elegancia, fuerza y buen gusto, convirtiéndose en piezas que enriquecen cualquier espacio con una presencia artística y sofisticada.</p>\n<strong>Dimensiones:</strong> 16cm x 7cm x 30cm\n\n<strong>Referencia:</strong> 1383\n<table class=""jsx-513032616 specification-table "">\n<tbody class=""jsx-513032616"">\n<tr class=""jsx-513032616"">\n<td class=""jsx-513032616 property-name"">Color básico</td>\n<td class=""jsx-513032616 property-value"">Negro</td>\n</tr>\n<tr class=""jsx-513032616"">\n<td class=""jsx-513032616 property-name"">Condicion del producto</td>\n<td class=""jsx-513032616 property-value"">Nuevo</td>\n</tr>\n<tr class=""jsx-513032616"">\n<td class=""jsx-513032616 property-name"">Colección</td>\n<td class=""jsx-513032616 property-value"">Colección 2026</td>\n</tr>\n<tr class=""jsx-513032616"">\n<td class=""jsx-513032616 property-name"">Recomendaciones de uso</td>\n<td class=""jsx-513032616 property-value"">Limpiar la superficie suavemente con un paño de microfibra seco o ligeramente húmedo.</td>\n</tr>\n<tr class=""jsx-513032616"">\n<td class=""jsx-513032616 property-name"">Modo de fabricación</td>\n<td class=""jsx-513032616 property-value"">Industrial</td>\n</tr>\n<tr class=""jsx-513032616"">\n<td class=""jsx-513032616 property-name"">Cuidado del producto</td>\n<td class=""jsx-513032616 property-value"">Limpiar la superficie suavemente con un paño de microfibra seco o ligeramente húmedo.</td>\n</tr>\n<tr class=""jsx-513032616"">\n<td class=""jsx-513032616 property-name"">Forma de uso</td>\n<td class=""jsx-513032616 property-value"">✨ Centro de mesa elegante: Colócalos en mesas de comedor junto a arreglos florales o bandejas decorativas para crear un punto focal sofisticado. ✨ Decoración de consola o</td>\n</tr>\n<tr class=""jsx-513032616"">\n<td class=""jsx-513032616 property-name"">Color</td>\n<td class=""jsx-513032616 property-value"">Negro</td>\n</tr>\n<tr class=""jsx-513032616"">\n<td class=""jsx-513032616 property-name"">Modelo</td>\n<td class=""jsx-513032616 property-value"">1383</td>\n</tr>\n<tr class=""jsx-513032616"">\n<td class=""jsx-513032616 property-name"">País de origen</td>\n<td class=""jsx-513032616 property-value"">China</td>\n</tr>\n<tr class=""jsx-513032616"">\n<td class=""jsx-513032616 property-name"">Tipo de adorno</td>\n<td class=""jsx-513032616 property-value"">Figuras decorativas</td>\n</tr>\n<tr class=""jsx-513032616"">\n<td class=""jsx-513032616 property-name"">Material</td>\n<td class=""jsx-513032616 property-value"">Resina</td>\n</tr>\n<tr class=""jsx-513032616"">\n<td class=""jsx-513032616 property-name"">Tipo de decoración</td>\n<td class=""jsx-513032616 property-value"">Adorno</td>\n</tr>\n</tbody>\n</table>",,,taxable,,1,,,0,0,,7,16,30,0,,169900,209900,"Accesorios decorativos, Accesorios decorativos > Animales, Sale, Todos los productos",,,"https://anbarhome.com/wp-content/uploads/2026/06/caballo_2K_202606052110.jpeg.png, https://anbarhome.com/wp-content/uploads/2026/06/caballo_2K_202606052110.jpeg.png, https://anbarhome.com/wp-content/uploads/2026/06/asdasd.png, https://anbarhome.com/wp-content/uploads/2026/06/Diseno-sin-titulowqw.png, https://anbarhome.com/wp-content/uploads/2026/06/Diseno-sin-titulo.png",,,,,,,,,0,,2025-06-27,default,,yes,,,,,,0,,nickx_video_url_youtube,no,10000000000000,,1781285852,,yes,yes,,,product,,,,,,,,,
3261,simple,1571X,,"Reloj de arena en piedra",1,0,visible,,"<p data-start=""215"" data-end=""558"">Este <strong data-start=""296"" data-end=""324"">Reloj de Arena en Piedra</strong>, una pieza decorativa única que aporta equilibrio, serenidad y estilo a tus espacios. Su diseño sobrio y elegante lo convierte en un elemento versátil, ideal para quienes buscan una decoración que conecte lo moderno con lo natural.</p>\n<p data-start=""560"" data-end=""891"">Imagina colocarlo en tu sala, sobre una mesa de centro, acompañado de libros decorativos y una vela: el detalle perfecto que transforma tu rincón en un espacio sofisticado. También es ideal en tu oficina o estudio, donde además de decorar, puedes usarlo como un pequeño temporizador para tus momentos de concentración y descanso.</p>\n<strong>Dimensiones:</strong> 12.5cm x 9cm x 29cm\n\n<strong>Referencia:</strong> 1571X",,,taxable,,1,,,0,0,,,,,0,,,299900,Relojes,,,https://anbarhome.com/wp-content/uploads/2025/07/1571-Photoroom.jpg,,,,,,,,,0,,2025-06-27,default,,yes,,,,,,0,,nickx_video_url_youtube,no,10000000000000,,,,,,,,,,,,,,,,,
3262,simple,1101A,,"Reloj de arena en acero dorado",1,0,visible,,"<p data-start=""226"" data-end=""472"">El tiempo se convierte en arte con nuestro <strong data-start=""269"" data-end=""303"">Reloj de Arena en Acero Dorado</strong>. Su estructura metálica en acabado dorado combina modernidad y lujo, mientras la arena fluye de manera hipnótica, aportando calma y sofisticación a cualquier espacio.</p>\n<p data-start=""474"" data-end=""778"">Imagina este reloj sobre tu mesa de centro, decorando con estilo tu sala; en tu oficina, marcando pausas de inspiración durante la jornada; o en tu mesa auxiliar, creando un rincón elegante y lleno de personalidad. No solo es un objeto decorativo, también es un recordatorio de disfrutar cada instante.</p>\n<strong>Dimensiones</strong>: 23cm x 23 cm x 24 cm\n\n<strong>Referencia: <span data-sheets-root=""1"">1101A</span></strong>",,,taxable,,1,,,0,0,,,,,0,,,299900,Relojes,,,https://anbarhome.com/wp-content/uploads/2025/07/1101A-1.jpg,,,,,,,,,0,,2025-06-27,default,,yes,,,,,,0,,nickx_video_url_youtube,no,10000000000000,,,,,,,,,,,,,,,,,
3263,simple,1101B,,"Reloj de arena en acero dorado",1,0,visible,,"<p data-start=""226"" data-end=""472"">El tiempo se convierte en arte con nuestro <strong data-start=""269"" data-end=""303"">Reloj de Arena en Acero Dorado</strong>. Su estructura metálica en acabado dorado combina modernidad y lujo, mientras la arena fluye de manera hipnótica, aportando calma y sofisticación a cualquier espacio.</p>\n<p data-start=""474"" data-end=""778"">Imagina este reloj sobre tu mesa de centro, decorando con estilo tu sala; en tu oficina, marcando pausas de inspiración durante la jornada; o en tu mesa auxiliar, creando un rincón elegante y lleno de personalidad. No solo es un objeto decorativo, también es un recordatorio de disfrutar cada instante.</p>\n\n<strong>Dimensiones:</strong> 23cm x 23 cm x 24 cm\n\n<strong>Referencia:</strong> 1101B",,,taxable,,1,,,0,0,,,,,0,,,299900,Relojes,,,https://anbarhome.com/wp-content/uploads/2025/07/1101B-Photoroom.jpg,,,,,,,,,0,,2025-06-27,default,,yes,,,,,,0,,nickx_video_url_youtube,no,10000000000000,,,,,,,,,,,,,,,,,
3264,simple,1101C,,"Reloj de arena en acero dorado",1,0,visible,,"<p data-start=""226"" data-end=""472"">El tiempo se convierte en arte con nuestro <strong data-start=""269"" data-end=""303"">Reloj de Arena en Acero Dorado</strong>. Su estructura metálica en acabado dorado combina modernidad y lujo, mientras la arena fluye de manera hipnótica, aportando calma y sofisticación a cualquier espacio.</p>\n<p data-start=""474"" data-end=""778"">Imagina este reloj sobre tu mesa de centro, decorando con estilo tu sala; en tu oficina, marcando pausas de inspiración durante la jornada; o en tu mesa auxiliar, creando un rincón elegante y lleno de personalidad. No solo es un objeto decorativo, también es un recordatorio de disfrutar cada instante.</p>\n\nDimensiones: 23cm x 23 cm x 24 cm\n\nreferencia: 1101C",,,taxable,,1,,,0,0,,,,,0,,,299900,Relojes,,,https://anbarhome.com/wp-content/uploads/2025/06/1101C-Photoroom.jpg,,,,,,,,,0,,,default,,yes,,,,,,0,,nickx_video_url_youtube,no,10000000000000,,,,,,,,,,,,,,,,,
3265,simple,1411,,"Juego de mesa en marmol",1,0,visible,,"<p data-start=""202"" data-end=""438"">El mármol nunca pasa de moda, y con este <strong data-start=""243"" data-end=""270"">Juego de Mesa en Mármol</strong> llevarás a tu hogar un toque de lujo atemporal. Su acabado elegante y resistente lo convierte en la pieza ideal para realzar tus espacios y darles un aire exclusivo.</p>\n<p data-start=""440"" data-end=""797"">Imagina tu sala con este juego colocado sobre la mesa de centro: un contraste perfecto entre la solidez del mármol y la calidez de tu decoración, creando un punto focal que llamará la atención de todos tus invitados. También es perfecto para darle distinción a tu oficina, un rincón de lectura o incluso como detalle decorativo en la habitación principal.</p>\n<strong>Dimensiones:</strong> 30cm x30cm x 2cm\n\n<strong>Referencia: </strong>1411",,,taxable,,1,,,0,0,,,,,0,,,650000,"Accesorios decorativos, Accesorios decorativos > Figuras Decorativas",,,https://anbarhome.com/wp-content/uploads/2025/06/1411-Photoroom-1.jpg,,,,,,,,,0,,,default,,yes,,,,,,0,,nickx_video_url_youtube,no,10000000000000,,,,,,,,,,,,,,,,,
3266,simple,1101,,"Juego de mesa en cristal",1,0,visible,,"<p data-start=""233"" data-end=""561"">Convierte cada encuentro en un momento especial con nuestro Juego de Mesa en Cristal, un set que combina diseño sofisticado, brillo y versatilidad. Su acabado en cristal aporta un toque de lujo sutil, convirtiéndolo no solo en un accesorio práctico, sino también en un <strong data-start=""506"" data-end=""558"">elemento decorativo que realza cualquier espacio</strong>.</p>\n<p data-start=""563"" data-end=""750"">Más que un juego, es un detalle que refleja <strong data-start=""607"" data-end=""642"">buen gusto, modernidad y estilo</strong>, perfecto para quienes disfrutan de recibir invitados y cuidar cada detalle en la decoración de su hogar.</p>\n<strong>Dimensiones:</strong> 23cm x 23 cm x 24 cm\n\n<strong>Referencia:</strong> 1101",,,taxable,,1,,,0,0,,,,,0,,,299900,"Accesorios decorativos, Accesorios decorativos > Figuras Decorativas",,,https://anbarhome.com/wp-content/uploads/2025/06/138E95F7-222C-4A94-A5ED-D42E971CAC25.jpeg,,,,,,,,,0,,,default,,yes,,,,,,0,,nickx_video_url_youtube,no,10000000000000,,,,,,,,,,,,,,,,,
3267,simple,11062,,"Cubo decorativo en cristal pequeño",1,0,visible,,"Cubo decorativo en cristal pequeño 9 cm x 9cm",,,taxable,,1,,,0,0,,,,,0,,,209900,"Accesorios decorativos",,,https://anbarhome.com/wp-content/uploads/2025/06/imagen_2025-06-28_113022326.png,,,,,,,,,0,,,,,,,,,,,,,,,10000000000000,,,,,,,,,,,,,,,,,
3268,simple,11061,,"Cubo decorativo en cristal grande",1,0,visible,,"<p data-start=""214"" data-end=""490"">Agrega un toque de luz, estilo y sofisticación a tu hogar con nuestro Cubo Decorativo en Cristal. Su diseño elegante y versátil lo convierte en la pieza perfecta para destacar en cualquier rincón, reflejando la belleza de la decoración moderna con un aire atemporal.</p>\n<p data-start=""492"" data-end=""696"">El cristal juega con la luz natural y artificial, creando reflejos únicos que llenan de vida cada espacio. Es un accesorio que no solo decora, sino que también transmite armonía y equilibrio visual.</p>\n<strong>Dimensiones</strong>: 15cm x 15 cm\n\n<strong>Referencia</strong>: 11061",,,taxable,,1,,,0,0,,,,,0,,,319900,"Accesorios decorativos, Accesorios decorativos > Figuras Decorativas",,,https://anbarhome.com/wp-content/uploads/2025/06/11061-Photoroom.jpg,,,,,,,,,0,,,default,,yes,,,,,,0,,nickx_video_url_youtube,no,10000000000000,,,,,,,,,,,,,,,,,
3269,simple,1280,,"Set x 3 libros en cuero écologico",1,0,visible,,"<p data-start=""160"" data-end=""348"">Dale un toque sofisticado y atemporal a tus espacios con este <strong data-start=""222"" data-end=""272"">Set de 3 libros decorativos en cuero ecológico</strong>, una pieza versátil que combina diseño, elegancia y conciencia ambiental.</p>\n<p data-start=""350"" data-end=""633"">Estos libros no son simples objetos: son el detalle que transforma cualquier rincón en un ambiente acogedor y con estilo. Gracias a su acabado en <strong data-start=""496"" data-end=""531"">cuero ecológico de alta calidad</strong>, aportan un aire clásico y refinado que se adapta tanto a decoraciones modernas como tradicionales.</p>\n<p data-start=""350"" data-end=""633""><strong>Dimensiones:</strong>\nGrande: 30cm x 22cm x 7 cm\nMediano: 25cm x 16cm x 5,5cm\nPequeño: 20cm x 12cm x 3,5cm</p>\n<p data-start=""350"" data-end=""633""><strong>Referencia:</strong> 1280</p>",,,taxable,,1,,,0,0,,,,,0,,,319900,"Accesorios decorativos, Accesorios decorativos > Libros Decorativos",,,https://anbarhome.com/wp-content/uploads/2025/06/1280-Photoroom.jpg,,,,,,,,,0,,,default,,yes,,,,,,0,,nickx_video_url_youtube,no,10000000000000,,,,,,,,,,,,,,,,,
3270,simple,1279,,"Libro decorativo tipo caja por unidad",1,0,visible,,"Más que un accesorio, este <strong data-start=""262"" data-end=""292"">libro decorativo tipo caja</strong> es la fusión perfecta entre diseño y utilidad. Su apariencia elegante y minimalista aporta un toque sofisticado a cualquier espacio, mientras que en su interior esconde un práctico compartimento para guardar lo que quieras tener cerca, pero fuera de la vista.\n\n<strong>Dimensiones:</strong> 27cm x 17cm x 4,5cm\n\n<strong>Referencia:</strong> 1279",,,taxable,,1,,,0,0,,,,,0,,,49900,"Accesorios decorativos, Accesorios decorativos > Libros Decorativos",,,https://anbarhome.com/wp-content/uploads/2025/06/1279-Photoroom-2.jpg,,,,,,,,,0,,,default,,yes,,,,,,0,,nickx_video_url_youtube,no,10000000000000,,,,,,,,,,,,,,,,,
3271,simple,1278,,"Libro decorativo sencillo por unidad",1,0,visible,,"<strong>Libro decorativo sencillo por unidad</strong>\n\nUn detalle puede cambiarlo todo, y este <strong data-start=""234"" data-end=""254"">libro decorativo</strong> es la pieza ideal para dar un aire moderno y sofisticado a tu hogar. Su diseño minimalista y atemporal combina a la perfección con cualquier estilo de decoración, convirtiéndose en ese toque especial que realza mesas de centro, repisas, escritorios o consolas.\n\n<strong>Dimensiones:</strong> 25cm x 18cm x 4 cm\n\n<strong>Referencia:</strong> 1278",,,taxable,,1,,,0,0,,,,,0,,35900,39900,"Accesorios decorativos, Accesorios decorativos > Libros Decorativos, Sale",,,https://anbarhome.com/wp-content/uploads/2025/06/1278-Photoroom-1-1.jpg,,,,,,,,,0,,,default,,yes,,,,,,0,,nickx_video_url_youtube,no,10000000000000,,,,,,,,,,,,,,,,,
3416,simple,15692,,"Candelabro grande en latón con brisero de vidrio",1,0,visible,,"<p data-start=""312"" data-end=""596"">El <strong data-start=""315"" data-end=""360"">candelabro en latón con brisero de vidrio</strong> es una pieza que combina diseño atemporal con funcionalidad. El brillo dorado del latón aporta un toque de lujo, mientras que el vidrio protege y realza la luz de la vela, creando un efecto cálido y sofisticado en cualquier ambiente.</p>\n<p data-start=""598"" data-end=""701"">Más que un accesorio, es un recurso decorativo versátil que puede acompañarte en diferentes espacios elevando la elegancia de una cena formal o un encuentro íntimo, como punto focal decorativo que aporta calidez a la sala o en celebraciones especiales, como bodas, aniversarios o reuniones al aire libre, aportando un toque de encanto y distinción.</p>\n<p class=""cvGsUA direction-ltr align-center para-style-body""><span class=""OYPEnA font-feature-liga-off font-feature-clig-off font-feature-calt-off text-decoration-none text-strikethrough-none""><strong>Dimensiones :</strong> 13cm x 13cm x 40cm</span></p>\n<strong>Referencia:</strong> 15692",,,taxable,,1,,,0,0,,,,,1,,,319900,"Accesorios decorativos, Candelabros",,,https://anbarhome.com/wp-content/uploads/2025/07/15691-Photoroom-1.jpg,,,,,,,,,0,,2025-06-28,default,,yes,,,,,,0,,nickx_video_url_youtube,no,10000000000000,,,,,,,,,,,,,,,,,
3417,simple,15691,,"Candelabro pequeño en latón con brisero de vidrio",1,0,visible,,"<p data-start=""312"" data-end=""596"">El <strong data-start=""315"" data-end=""360"">candelabro en latón con brisero de vidrio</strong> es una pieza que combina diseño atemporal con funcionalidad. El brillo dorado del latón aporta un toque de lujo, mientras que el vidrio protege y realza la luz de la vela, creando un efecto cálido y sofisticado en cualquier ambiente.</p>\n<p data-start=""598"" data-end=""701"">Más que un accesorio, es un recurso decorativo versátil que puede acompañarte en diferentes espacios elevando la elegancia de una cena formal o un encuentro íntimo, como punto focal decorativo que aporta calidez a la sala o en celebraciones especiales, como bodas, aniversarios o reuniones al aire libre, aportando un toque de encanto y distinción.</p>\n<p class=""cvGsUA direction-ltr align-center para-style-body""><span class=""OYPEnA font-feature-liga-off font-feature-clig-off font-feature-calt-off text-decoration-none text-strikethrough-none""><strong>Dimensiones:</strong> 11cm</span> <span class=""OYPEnA font-feature-liga-off font-feature-clig-off font-feature-calt-off text-decoration-none text-strikethrough-none"">11cm x 34cm</span></p>\n<strong>Referencia:</strong> 15691",,,taxable,,1,,,0,0,,,,,1,,,269900,"Accesorios decorativos, Candelabros",,,https://anbarhome.com/wp-content/uploads/2025/07/15691-Photoroom.jpg,,,,,,,,,0,,2025-06-28,default,,yes,,,,,,0,,nickx_video_url_youtube,no,10000000000000,,,,,,,,,,,,,,,,,
3420,simple,15662,,"Candelabro pequeño en latón con brisero de vidrio",1,0,visible,,"<p data-start=""246"" data-end=""554"">Dale un aire sofisticado y acogedor a tus espacios con nuestro <strong data-start=""309"" data-end=""354"">candelabro en latón con brisero de vidrio</strong>. Su estructura en latón aporta elegancia clásica y durabilidad, mientras que el brisero de vidrio difunde la luz de manera cálida y sutil, creando atmósferas únicas en cualquier rincón de tu hogar.</p>\n<p data-start=""556"" data-end=""853"">Imagina una cena especial: este candelabro como centro de mesa, proyectando destellos dorados y reflejos suaves que invitan a compartir momentos inolvidables. También puedes colocarlo en una consola de entrada o sobre una repisa para aportar un detalle decorativo lleno de estilo y personalidad.</p>\n<p class=""cvGsUA direction-ltr align-center para-style-body""><span class=""OYPEnA font-feature-liga-off font-feature-clig-off font-feature-calt-off text-decoration-none text-strikethrough-none""><strong>Dimensiones:</strong> 10cm x 10cm x 40cm</span></p>\n<strong>Referencia:</strong> 15662",,,taxable,,1,,,0,0,,,,,1,,,299000,"Accesorios decorativos, Candelabros",,,https://anbarhome.com/wp-content/uploads/2025/07/15661-Photoroom-1.jpg,,,,,,,,,0,,2025-06-28,default,,yes,,,,,,0,,nickx_video_url_youtube,no,10000000000000,,,,,,,,,,,,,,,,,
3421,simple,15661,,"Candelabro grande en latón con brisero de vidrio",1,0,visible,,"<p data-start=""246"" data-end=""554"">Dale un aire sofisticado y acogedor a tus espacios con nuestro <strong data-start=""309"" data-end=""354"">candelabro en latón con brisero de vidrio</strong>. Su estructura en latón aporta elegancia clásica y durabilidad, mientras que el brisero de vidrio difunde la luz de manera cálida y sutil, creando atmósferas únicas en cualquier rincón de tu hogar.</p>\n<p data-start=""556"" data-end=""853"">Imagina una cena especial: este candelabro como centro de mesa, proyectando destellos dorados y reflejos suaves que invitan a compartir momentos inolvidables. También puedes colocarlo en una consola de entrada o sobre una repisa para aportar un detalle decorativo lleno de estilo y personalidad.</p>\n<p class=""cvGsUA direction-ltr align-center para-style-body""><span class=""OYPEnA font-feature-liga-off font-feature-clig-off font-feature-calt-off text-decoration-none text-strikethrough-none""><strong>Dimensiones:</strong> 13cm x 13cm x 50cm</span></p>\n<strong>Referencia:</strong> 15661",,,taxable,,1,,,0,0,,,,,1,,,349000,"Accesorios decorativos, Candelabros",,,https://anbarhome.com/wp-content/uploads/2025/07/15661-Photoroom.jpg,,,,,,,,,0,,2025-06-28,default,,yes,,,,,,0,,nickx_video_url_youtube,no,10000000000000,,,,,,,,,,,,,,,,,
3514,simple,1553C,,"Jarrón pequeño en cerámica tailandesa con terminación de lujo",1,0,visible,,"<p data-start=""224"" data-end=""443"">Lleva la distinción a tu hogar con estos <strong data-start=""265"" data-end=""300"">jarrones en cerámica tailandesa</strong>, trabajados con una impecable <strong data-start=""331"" data-end=""354"">terminación de lujo</strong> que resalta la delicadeza de lo artesanal y la sofisticación del diseño contemporáneo.</p>\n<p data-start=""445"" data-end=""531"">Su estilo atemporal los convierte en piezas versátiles que elevan cualquier espacio en la <strong data-start=""540"" data-end=""598"">mesa de comedor como centro de mesa con flores frescas</strong>, aportando frescura y elegancia o como <strong data-start=""736"" data-end=""784"">piezas decorativas independientes en la sala</strong>, capaces de transformar un rincón sencillo en un espacio lleno de estilo.</p>\n<p class=""cvGsUA direction-ltr align-start para-style-body""><span class=""OYPEnA font-feature-liga-off font-feature-clig-off font-feature-calt-off text-decoration-none text-strikethrough-none""><strong>Dimensiones:</strong> 59cm altura x 40cm diámetro</span></p>\n<strong>Referencia:</strong> 1553C",,,taxable,,1,,,0,0,,,,,0,,,1490000,"Jarrones, Navidad > Piezas Exclusivas, Todos los productos",,,https://anbarhome.com/wp-content/uploads/2025/07/1553A-Photoroom-2.jpg,,,,,,,,,0,,2025-07-01,default,,yes,,,,,,0,,nickx_video_url_youtube,no,10000000000000,,,,,,,,,,,,,,,,,
3515,simple,1553B,,"Jarrón mediano en cerámica tailandesa con terminación de lujo",1,0,visible,,"<p data-start=""224"" data-end=""443"">Lleva la distinción a tu hogar con estos <strong data-start=""265"" data-end=""300"">jarrones en cerámica tailandesa</strong>, trabajados con una impecable <strong data-start=""331"" data-end=""354"">terminación de lujo</strong> que resalta la delicadeza de lo artesanal y la sofisticación del diseño contemporáneo.</p>\n<p data-start=""445"" data-end=""531"">Su estilo atemporal los convierte en piezas versátiles que elevan cualquier espacio en la <strong data-start=""540"" data-end=""598"">mesa de comedor como centro de mesa con flores frescas</strong>, aportando frescura y elegancia o como <strong data-start=""736"" data-end=""784"">piezas decorativas independientes en la sala</strong>, capaces de transformar un rincón sencillo en un espacio lleno de estilo.</p>\n<p class=""cvGsUA direction-ltr align-start para-style-body""><span class=""OYPEnA font-feature-liga-off font-feature-clig-off font-feature-calt-off text-decoration-none text-strikethrough-none""><strong>Dimensiones:</strong> 91cm altura x 40cm diámetro</span></p>\n<strong>Referencia:</strong> 1553B",,,taxable,,1,,,0,0,,,,,0,,,2490000,"Jarrones, Navidad > Piezas Exclusivas, Todos los productos",,,https://anbarhome.com/wp-content/uploads/2025/07/1553A-Photoroom-1.jpg,,,,,,,,,0,,2025-07-01,default,,yes,,,,,,0,,nickx_video_url_youtube,no,10000000000000,,,,,,,,,,,,,,,,,
3516,simple,1553A,,"Jarrón grande en cerámica tailandesa con terminación de lujo",1,0,visible,,"<p data-start=""224"" data-end=""443"">Lleva la distinción a tu hogar con estos <strong data-start=""265"" data-end=""300"">jarrones en cerámica tailandesa</strong>, trabajados con una impecable <strong data-start=""331"" data-end=""354"">terminación de lujo</strong> que resalta la delicadeza de lo artesanal y la sofisticación del diseño contemporáneo.</p>\n<p data-start=""445"" data-end=""531"">Su estilo atemporal los convierte en piezas versátiles que elevan cualquier espacio en la <strong data-start=""540"" data-end=""598"">mesa de comedor como centro de mesa con flores frescas</strong>, aportando frescura y elegancia o como <strong data-start=""736"" data-end=""784"">piezas decorativas independientes en la sala</strong>, capaces de transformar un rincón sencillo en un espacio lleno de estilo.</p>\n<p class=""cvGsUA direction-ltr align-start para-style-body""><span class=""OYPEnA font-feature-liga-off font-feature-clig-off font-feature-calt-off text-decoration-none text-strikethrough-none""><strong>Dimensiones: </strong>119cm altura x 40cm diámetro</span></p>\n<strong>Referencia:</strong> 1553A",,,taxable,,1,,,0,0,,,,,0,,,2990000,"Jarrones, Navidad > Piezas Exclusivas, Todos los productos",,,https://anbarhome.com/wp-content/uploads/2025/07/1553A-Photoroom.jpg,,,,,,,,,0,,2025-07-01,default,,yes,,,,,,0,,nickx_video_url_youtube,no,10000000000000,,,,,,,,,,,,,,,,,
3525,simple,1555B,,"Jarrón pequeño en cerámica tailandesa con terminación de lujo",1,0,visible,,"<p data-start=""148"" data-end=""376"">Un toque artesanal que inspira elegancia. Estos <strong data-start=""196"" data-end=""231"">jarrones en cerámica tailandesa</strong>, con una delicada <strong data-start=""250"" data-end=""273"">terminación de lujo</strong>, son piezas atemporales que elevan la decoración de cualquier ambiente con sutileza y sofisticación.</p>\n<p data-start=""378"" data-end=""580"">Ideales para <strong data-start=""391"" data-end=""436"">acompañar arreglos florales en tu comedor</strong>, dar un <strong data-start=""445"" data-end=""481"">detalle distintivo en la entrada</strong> o lucirlos como <strong data-start=""498"" data-end=""535"">piezas decorativas independientes</strong>, aportan equilibrio y carácter a tu hogar.</p>\n<p class=""cvGsUA direction-ltr align-start para-style-body""><span class=""OYPEnA font-feature-liga-off font-feature-clig-off font-feature-calt-off text-decoration-none text-strikethrough-none""><strong>Dimensiones:</strong> 61cm altura x 28cm diámetro</span></p>\n<strong>Referencia:</strong> 1555B",,,taxable,,1,,,0,0,,,,,0,,,1100000,"Jarrones, Navidad > Piezas Exclusivas, Todos los productos",,,https://anbarhome.com/wp-content/uploads/2025/07/1555-Photoroom-2.jpg,,,,,,,,,0,,2025-07-01,default,,yes,,,,,,0,,nickx_video_url_youtube,no,10000000000000,,,,,,,,,,,,,,,,,
3526,simple,1555A,,"Jarrón mediano en cerámica tailandesa con terminación de lujo",1,0,visible,,"<p data-start=""148"" data-end=""376"">Un toque artesanal que inspira elegancia. Estos <strong data-start=""196"" data-end=""231"">jarrones en cerámica tailandesa</strong>, con una delicada <strong data-start=""250"" data-end=""273"">terminación de lujo</strong>, son piezas atemporales que elevan la decoración de cualquier ambiente con sutileza y sofisticación.</p>\n<p data-start=""378"" data-end=""580"">Ideales para <strong data-start=""391"" data-end=""436"">acompañar arreglos florales en tu comedor</strong>, dar un <strong data-start=""445"" data-end=""481"">detalle distintivo en la entrada</strong> o lucirlos como <strong data-start=""498"" data-end=""535"">piezas decorativas independientes</strong>, aportan equilibrio y carácter a tu hogar.</p>\n<p class=""cvGsUA direction-ltr align-start para-style-body""><span class=""OYPEnA font-feature-liga-off font-feature-clig-off font-feature-calt-off text-decoration-none text-strikethrough-none""><strong>Dimensiones:</strong> 73cm altura x 32cm diámetro</span></p>\n<strong>Referencia:</strong> 1555A",,,taxable,,1,,,0,0,,,,,0,,,1390000,"Jarrones, Navidad > Piezas Exclusivas, Todos los productos",,,https://anbarhome.com/wp-content/uploads/2025/07/1555-Photoroom-1.jpg,,,,,,,,,0,,2025-07-01,default,,yes,,,,,,0,,nickx_video_url_youtube,no,10000000000000,,,,,,,,,,,,,,,,,
3527,simple,1555,,"Jarrón grande en cerámica tailandesa con terminación de lujo",1,0,visible,,"<p data-start=""148"" data-end=""376"">Un toque artesanal que inspira elegancia. Estos <strong data-start=""196"" data-end=""231"">jarrones en cerámica tailandesa</strong>, con una delicada <strong data-start=""250"" data-end=""273"">terminación de lujo</strong>, son piezas atemporales que elevan la decoración de cualquier ambiente con sutileza y sofisticación.</p>\n<p data-start=""378"" data-end=""580"">Ideales para <strong data-start=""391"" data-end=""436"">acompañar arreglos florales en tu comedor</strong>, dar un <strong data-start=""445"" data-end=""481"">detalle distintivo en la entrada</strong> o lucirlos como <strong data-start=""498"" data-end=""535"">piezas decorativas independientes</strong>, aportan equilibrio y carácter a tu hogar.</p>\n<p class=""cvGsUA direction-ltr align-start para-style-body""><span class=""OYPEnA font-feature-liga-off font-feature-clig-off font-feature-calt-off text-decoration-none text-strikethrough-none""><strong>Dimensiones:</strong> 82cm altura x 30cm diámetro</span></p>\n<strong>Referencia:</strong> 1555",,,taxable,,1,,,0,0,,,,,0,,,1590000,"Jarrones, Navidad > Piezas Exclusivas, Todos los productos",,,https://anbarhome.com/wp-content/uploads/2025/07/1555-Photoroom.jpg,,,,,,,,,0,,2025-07-01,default,,yes,,,,,,0,,nickx_video_url_youtube,no,10000000000000,,,,,,,,,,,,,,,,,
3531,simple,1550B,,"Jarrón pequeño en cerámica tailandesa con terminación de lujo",1,0,visible,,"<p data-start=""151"" data-end=""371"">La elegancia se viste de detalles. Estos <strong data-start=""192"" data-end=""227"">jarrones en cerámica tailandesa</strong>, trabajados con una impecable <strong data-start=""258"" data-end=""281"">terminación de lujo</strong>, son piezas exclusivas que fusionan la tradición artesanal con el diseño contemporáneo.</p>\n<p data-start=""373"" data-end=""625"">Su estética refinada los convierte en protagonistas de cualquier espacio: colócalos en la <strong data-start=""463"" data-end=""501"">mesa de comedor con flores frescas</strong>, en una <strong data-start=""510"" data-end=""548"">consola de entrada con ramas secas</strong> o úsalos como <strong data-start=""563"" data-end=""598"">acento decorativo independiente</strong> para aportar distinción.</p>\n<p class=""cvGsUA direction-ltr align-start para-style-body""><span class=""OYPEnA font-feature-liga-off font-feature-clig-off font-feature-calt-off text-decoration-none text-strikethrough-none""><strong>Dimensiones:</strong> 61cm altura x 28cm diámetro</span></p>\n<strong>Referencia:</strong> 1550B",,,taxable,,1,,,0,0,,,,,0,,,1100000,"Jarrones, Navidad > Piezas Exclusivas, Todos los productos",,,https://anbarhome.com/wp-content/uploads/2025/07/1550-Photoroom-2.jpg,,,,,,,,,0,,2025-07-01,default,,yes,,,,,,0,,nickx_video_url_youtube,no,10000000000000,,,,,,,,,,,,,,,,,
3532,simple,1550A,,"Jarrón mediano en cerámica tailandesa con terminación de lujo",1,0,visible,,"<p data-start=""151"" data-end=""371"">La elegancia se viste de detalles. Estos <strong data-start=""192"" data-end=""227"">jarrones en cerámica tailandesa</strong>, trabajados con una impecable <strong data-start=""258"" data-end=""281"">terminación de lujo</strong>, son piezas exclusivas que fusionan la tradición artesanal con el diseño contemporáneo.</p>\n<p data-start=""373"" data-end=""625"">Su estética refinada los convierte en protagonistas de cualquier espacio: colócalos en la <strong data-start=""463"" data-end=""501"">mesa de comedor con flores frescas</strong>, en una <strong data-start=""510"" data-end=""548"">consola de entrada con ramas secas</strong> o úsalos como <strong data-start=""563"" data-end=""598"">acento decorativo independiente</strong> para aportar distinción.</p>\n<p class=""cvGsUA direction-ltr align-start para-style-body""><span class=""OYPEnA font-feature-liga-off font-feature-clig-off font-feature-calt-off text-decoration-none text-strikethrough-none""><strong>Dimensiones:</strong> 73cm altura x 32cm diámetro</span></p>\n<strong>Referencia:</strong> 1550A\n<p class=""cvGsUA direction-ltr align-start para-style-body""></p>",,,taxable,,1,,,0,0,,,,,0,,,1390000,"Jarrones, Navidad > Piezas Exclusivas, Todos los productos",,,https://anbarhome.com/wp-content/uploads/2025/07/1550-Photoroom-1.jpg,,,,,,,,,0,,2025-07-01,default,,yes,,,,,,0,,nickx_video_url_youtube,no,10000000000000,,,,,,,,,,,,,,,,,
3533,simple,1550,,"Jarrón grande en cerámica tailandesa con terminación de lujo",1,0,visible,,"<p data-start=""151"" data-end=""371"">La elegancia se viste de detalles. Estos <strong data-start=""192"" data-end=""227"">jarrones en cerámica tailandesa</strong>, trabajados con una impecable <strong data-start=""258"" data-end=""281"">terminación de lujo</strong>, son piezas exclusivas que fusionan la tradición artesanal con el diseño contemporáneo.</p>\n<p data-start=""373"" data-end=""625"">Su estética refinada los convierte en protagonistas de cualquier espacio: colócalos en la <strong data-start=""463"" data-end=""501"">mesa de comedor con flores frescas</strong>, en una <strong data-start=""510"" data-end=""548"">consola de entrada con ramas secas</strong> o úsalos como <strong data-start=""563"" data-end=""598"">acento decorativo independiente</strong> para aportar distinción.</p>\n<p class=""cvGsUA direction-ltr align-start para-style-body""><span class=""OYPEnA font-feature-liga-off font-feature-clig-off font-feature-calt-off text-decoration-none text-strikethrough-none""><strong>Dimensiones:</strong> 82cm altura x 30cm diámetro</span></p>\n<strong>Referencia:</strong> 1550",,,taxable,,1,,,0,0,,,,,0,,,1590000,"Jarrones, Navidad > Piezas Exclusivas, Todos los productos",,,https://anbarhome.com/wp-content/uploads/2025/07/1550-Photoroom.jpg,,,,,,,,,0,,2025-07-01,default,,yes,,,,,,0,,nickx_video_url_youtube,no,10000000000000,,,,,,,,,,,,,,,,,
3534,simple,1549,,"Jarrón en cerámica tailandesa con terminación de lujo",1,0,visible,,"<p data-start=""173"" data-end=""398"">Un detalle único que eleva tu decoración. Este <strong data-start=""220"" data-end=""253"">jarrón en cerámica tailandesa</strong>, elaborado con una impecable <strong data-start=""283"" data-end=""306"">terminación de lujo</strong>, es la pieza perfecta para añadir sofisticación y estilo a cualquier espacio de tu hogar.</p>\n<p data-start=""400"" data-end=""624"">Su diseño atemporal lo convierte en un complemento versátil: úsalo como <strong data-start=""472"" data-end=""509"">centro de mesa con flores frescas</strong>, en una <strong data-start=""518"" data-end=""556"">consola de entrada con ramas secas</strong> o como <strong data-start=""564"" data-end=""598"">pieza decorativa independiente</strong> que brilla por sí sola.</p>\n<p class=""cvGsUA direction-ltr align-start para-style-body""><span class=""OYPEnA font-feature-liga-off font-feature-clig-off font-feature-calt-off text-decoration-none text-strikethrough-none""><strong>Dimensiones:</strong> 51cm altura x 30cm diámetro</span></p>\n<strong>Referencia:</strong> 1549",,,taxable,,1,,,0,0,,,,,0,,,990000,"Jarrones, Navidad > Piezas Exclusivas, Todos los productos",,,https://anbarhome.com/wp-content/uploads/2025/07/1549-Photoroom.jpg,,,,,,,,,0,,2025-07-01,default,,yes,,,,,,0,,nickx_video_url_youtube,no,10000000000000,,,,,,,,,,,,,,,,,
3541,simple,1553,,"Jarrón en cerámica tailandesa con terminación de lujo",1,0,visible,,"<p data-start=""157"" data-end=""347"">La fusión perfecta entre arte y decoración. Estos <strong data-start=""207"" data-end=""242"">jarrones en cerámica tailandesa</strong>, con una exquisita <strong data-start=""262"" data-end=""285"">terminación de lujo</strong>, son piezas que destacan por su delicadeza y sofisticación.</p>\n<p data-start=""349"" data-end=""605"">Su diseño atemporal los convierte en protagonistas de cualquier ambiente: colócalos en la <strong data-start=""439"" data-end=""478"">mesa del comedor con flores frescas</strong>, en una <strong data-start=""487"" data-end=""525"">consola de entrada con ramas secas</strong> o como <strong data-start=""533"" data-end=""568"">acento decorativo independiente</strong> que realza la armonía de tu hogar.</p>\n<p class=""cvGsUA direction-ltr align-start para-style-body""><span class=""OYPEnA font-feature-liga-off font-feature-clig-off font-feature-calt-off text-decoration-none text-strikethrough-none""><strong>Dimensiones:</strong> 143cm x 50cm diametro</span></p>\n<strong>Referencia:</strong> 1553",,,taxable,,1,,,0,0,,,,,0,,,1590000,"Jarrones, Navidad > Piezas Exclusivas, Todos los productos",,,https://anbarhome.com/wp-content/uploads/2025/07/1553-Photoroom.jpg,,,,,,,,,0,,2025-07-01,default,,yes,,,,,,0,,nickx_video_url_youtube,no,10000000000000,,,,,,,,,,,,,,,,,
3547,simple,1358,,"Jarrón en cerámica tailandesa con tallado tono blanco",1,0,visible,,"<p data-start=""151"" data-end=""343"">La pureza hecha diseño. Este <strong data-start=""180"" data-end=""213"">jarrón en cerámica tailandesa</strong>, trabajado con un <strong data-start=""232"" data-end=""267"">delicado tallado en tono blanco</strong>, es la pieza ideal para dar luz, frescura y sofisticación a tus espacios.</p>\n<p data-start=""345"" data-end=""577"">Su acabado artesanal y versátil lo hace perfecto para <strong data-start=""399"" data-end=""447"">realzar flores frescas en la mesa de comedor</strong>, acompañar <strong data-start=""459"" data-end=""500"">ramas secas en una consola de entrada</strong> o destacar por sí solo como <strong data-start=""529"" data-end=""574"">objeto decorativo en tu sala o dormitorio</strong>.</p>\n<p class=""cvGsUA direction-ltr align-start para-style-body""><span class=""OYPEnA font-feature-liga-off font-feature-clig-off font-feature-calt-off text-decoration-none text-strikethrough-none""><strong>Dimensiones:</strong> 29cm x29cm x 51cm</span></p>\n<strong>Referencia:</strong> 1358\n<p class=""cvGsUA direction-ltr align-start para-style-body""></p>",,,taxable,,1,,,0,0,,,,,0,,,1690000,"Jarrones, Navidad > Piezas Exclusivas, Todos los productos",,,https://anbarhome.com/wp-content/uploads/2025/07/1358-Photoroom.jpg,,,,,,,,,0,,2025-07-01,default,,yes,,,,,,0,,nickx_video_url_youtube,no,10000000000000,,,,,,,,,,,,,,,,,
3548,simple,1354,,"Jarrón en cerámica tailandesa con tallado tono blanco",1,0,visible,,"<p data-start=""151"" data-end=""343"">La pureza hecha diseño. Este <strong data-start=""180"" data-end=""213"">jarrón en cerámica tailandesa</strong>, trabajado con un <strong data-start=""232"" data-end=""267"">delicado tallado en tono blanco</strong>, es la pieza ideal para dar luz, frescura y sofisticación a tus espacios.</p>\n<p data-start=""345"" data-end=""577"">Su acabado artesanal y versátil lo hace perfecto para <strong data-start=""399"" data-end=""447"">realzar flores frescas en la mesa de comedor</strong>, acompañar <strong data-start=""459"" data-end=""500"">ramas secas en una consola de entrada</strong> o destacar por sí solo como <strong data-start=""529"" data-end=""574"">objeto decorativo en tu sala o dormitorio</strong>.</p>\n<p class=""cvGsUA direction-ltr align-start para-style-body""><span class=""OYPEnA font-feature-liga-off font-feature-clig-off font-feature-calt-off text-decoration-none text-strikethrough-none""><strong>Dimensiones:</strong> 32cm x 42cm x 21cm</span></p>\n<strong>Referencia:</strong> 1354\n<p class=""cvGsUA direction-ltr align-start para-style-body""></p>",,,taxable,,1,,,0,0,,,,,0,,,1990000,"Jarrones, Navidad > Piezas Exclusivas, Todos los productos",,,https://anbarhome.com/wp-content/uploads/2025/07/1354-Photoroom.jpg,,,,,,,,,0,,2025-07-01,default,,yes,,,,,,0,,nickx_video_url_youtube,no,10000000000000,,,,,,,,,,,,,,,,,
3549,simple,1405,,"Jarrón en cerámica tailandesa con tallado vinotinto",1,0,visible,,"<p data-start=""152"" data-end=""361"">Un acento decorativo lleno de carácter. Este <strong data-start=""197"" data-end=""230"">jarrón en cerámica tailandesa</strong>, con un <strong data-start=""239"" data-end=""278"">tallado artesanal en tono vinotinto</strong>, aporta sofisticación y calidez a tu hogar gracias a su diseño único y elegante.</p>\n<p data-start=""363"" data-end=""630"">Su color profundo lo convierte en una pieza versátil y llamativa: úsalo como <strong data-start=""440"" data-end=""477"">centro de mesa con flores frescas</strong>, en una <strong data-start=""486"" data-end=""524"">consola de entrada con ramas secas</strong> o como <strong data-start=""532"" data-end=""565"">pieza protagonista en tu sala</strong>, añadiendo un toque de distinción que no pasará desapercibido.</p>\n<p class=""cvGsUA direction-ltr align-start para-style-body""><span class=""OYPEnA font-feature-liga-off font-feature-clig-off font-feature-calt-off text-decoration-none text-strikethrough-none""><strong>Dimensiones:</strong> 37.5cm x 29cm</span></p>\n<p class=""cvGsUA direction-ltr align-start para-style-body""><strong>Referencia:</strong> 1405</p>",,,taxable,,1,,,0,0,,,,,0,,,1190000,"Jarrones, Navidad > Piezas Exclusivas, Todos los productos",,,https://anbarhome.com/wp-content/uploads/2025/07/1405-Photoroom.jpg,,,,,,,,,0,,2025-07-01,default,,yes,,,,,,0,,nickx_video_url_youtube,no,10000000000000,,,,,,,,,,,,,,,,,
3550,simple,1404,,"Jarrón en cerámica tailandesa con tallado tono hueso",1,0,visible,,"<p data-start=""136"" data-end=""449"">Elegancia discreta que enamora. Este <strong data-start=""173"" data-end=""206"">jarrón en cerámica tailandesa</strong>, con un <strong data-start=""215"" data-end=""250"">tallado artesanal en tono hueso</strong>, aporta serenidad y sofisticación a cualquier rincón de tu hogar. Su acabado neutro y refinado lo convierte en una pieza versátil, capaz de integrarse en estilos modernos, minimalistas o bohemios.</p>\n<p data-start=""451"" data-end=""643"">Ideal para <strong data-start=""462"" data-end=""502"">flores frescas en la mesa de comedor</strong>, <strong data-start=""504"" data-end=""533"">ramas secas en la entrada</strong> o como <strong data-start=""541"" data-end=""586"">pieza decorativa independiente en tu sala</strong>, creando un ambiente armónico y lleno de personalidad.</p>\n<p class=""cvGsUA direction-ltr align-start para-style-body""><span class=""OYPEnA font-feature-liga-off font-feature-clig-off font-feature-calt-off text-decoration-none text-strikethrough-none""><strong>Dimensiones:</strong> 36cm x</span> <span class=""OYPEnA font-feature-liga-off font-feature-clig-off font-feature-calt-off text-decoration-none text-strikethrough-none"">31cm</span></p>\n<strong>Referencia:</strong> 1404\n<p class=""cvGsUA direction-ltr align-start para-style-body""></p>",,,taxable,,1,,,0,0,,,,,0,,,1390000,"Jarrones, Navidad > Piezas Exclusivas, Todos los productos",,,https://anbarhome.com/wp-content/uploads/2025/07/1404-Photoroom.jpg,,,,,,,,,0,,2025-07-01,default,,yes,,,,,,0,,nickx_video_url_youtube,no,10000000000000,,,,,,,,,,,,,,,,,
3551,simple,1400,,"Jarrón en cerámica tailandesa con tallado tono blanco",1,0,visible,,"<p data-start=""183"" data-end=""445"">Refinado y atemporal, este <strong data-start=""210"" data-end=""243"">jarrón en cerámica tailandesa</strong> con <strong data-start=""248"" data-end=""274"">tallado en tono blanco</strong> es la pieza perfecta para dar luminosidad y elegancia a tu hogar. Su acabado artesanal aporta un aire sofisticado que combina con estilos modernos, nórdicos o clásicos.</p>\n<p data-start=""447"" data-end=""626"">Úsalo como <strong data-start=""458"" data-end=""495"">centro de mesa con flores frescas</strong>, en una <strong data-start=""504"" data-end=""531"">consola con ramas secas</strong> o como <strong data-start=""539"" data-end=""573"">pieza decorativa independiente</strong> que aporta calma y equilibrio a cualquier espacio.</p>\n<p class=""cvGsUA direction-ltr align-start para-style-body""><span class=""OYPEnA font-feature-liga-off font-feature-clig-off font-feature-calt-off text-decoration-none text-strikethrough-none""><strong>Dimensiones:</strong> 58.5cm x 40cm x 38cm</span></p>\n<strong>Referencia:</strong> 1400\n<p class=""cvGsUA direction-ltr align-start para-style-body""></p>",,,taxable,,1,,,0,0,,,,,0,,,1890000,"Jarrones, Navidad > Piezas Exclusivas, Todos los productos",,,https://anbarhome.com/wp-content/uploads/2025/07/1400-Photoroom.jpg,,,,,,,,,0,,2025-07-01,default,,yes,,,,,,0,,nickx_video_url_youtube,no,10000000000000,,,,,,,,,,,,,,,,,
3552,simple,1399,,"Jarrón en cerámica tailandesa con tallado tono nude",1,0,visible,,"<p data-start=""149"" data-end=""358"">Sofisticación y artesanía en una sola pieza. Este <strong data-start=""199"" data-end=""232"">jarrón en cerámica tailandesa</strong>, con un <strong data-start=""241"" data-end=""274"">delicado tallado en tono nude</strong>, es el complemento perfecto para añadir un toque de elegancia natural a tu hogar.</p>\n<p data-start=""360"" data-end=""611"">Su diseño versátil lo convierte en protagonista en cualquier espacio: úsalo con <strong data-start=""440"" data-end=""481"">flores frescas en la mesa del comedor</strong>, con <strong data-start=""487"" data-end=""528"">ramas secas en una consola de entrada</strong> o como <strong data-start=""536"" data-end=""567"">pieza decorativa en la sala</strong>, aportando calidez y estilo sin esfuerzo.</p>\n<p class=""cvGsUA direction-ltr align-start para-style-body""><span class=""OYPEnA font-feature-liga-off font-feature-clig-off font-feature-calt-off text-decoration-none text-strikethrough-none""><strong>Dimensiones:</strong> 58.5cm x</span> <span class=""OYPEnA font-feature-liga-off font-feature-clig-off font-feature-calt-off text-decoration-none text-strikethrough-none"">40cm x 38cm</span></p>\n<strong>Referencia:</strong> 1399\n<p class=""cvGsUA direction-ltr align-start para-style-body""></p>",,,taxable,,1,,,0,0,,,,,0,,,2200000,"Jarrones, Navidad > Piezas Exclusivas, Todos los productos",,,https://anbarhome.com/wp-content/uploads/2025/07/1399-Photoroom-1.jpg,,,,,,,,,0,,2025-07-01,default,,yes,,,,,,0,,nickx_video_url_youtube,no,10000000000000,,,,,,,,,,,,,,,,,
3553,simple,1398,,"Jarrón en cerámica tailandesa con tallado tono ocre",1,0,visible,,"<p data-start=""173"" data-end=""367"">La fuerza de lo natural hecha arte. Este <strong data-start=""214"" data-end=""247"">jarrón en cerámica tailandesa</strong>, con un <strong data-start=""256"" data-end=""290"">tallado artesanal en tono ocre</strong>, es una pieza única que aporta calidez, estilo y sofisticación a tu hogar.</p>\n<p data-start=""369"" data-end=""572"">Su color terroso lo hace perfecto para <strong data-start=""408"" data-end=""453"">armonizar con flores secas en una consola</strong>, ser <strong data-start=""459"" data-end=""498"">pieza central en la mesa de comedor</strong> o destacar en tu sala como un <strong data-start=""529"" data-end=""569"">detalle decorativo lleno de carácter</strong>.</p>\n<p class=""cvGsUA direction-ltr align-start para-style-body""><span class=""OYPEnA font-feature-liga-off font-feature-clig-off font-feature-calt-off text-decoration-none text-strikethrough-none""><strong>Dimensiones</strong>: 45cm x 41.5cm x 32cm</span></p>\n<strong>Referencia:</strong> 1398\n<p class=""cvGsUA direction-ltr align-start para-style-body""></p>",,,taxable,,1,,,0,0,,,,,0,,,2490000,"Jarrones, Navidad > Piezas Exclusivas, Todos los productos",,,https://anbarhome.com/wp-content/uploads/2025/07/1398-Photoroom.jpg,,,,,,,,,0,,2025-07-01,default,,yes,,,,,,0,,nickx_video_url_youtube,no,10000000000000,,,,,,,,,,,,,,,,,
3554,simple,1353,,"Jarrón en cerámica tailandesa con tallado tono blanco",1,0,visible,,"<p data-start=""149"" data-end=""452"">Un diseño que respira pureza y elegancia. Este <strong data-start=""196"" data-end=""229"">jarrón en cerámica tailandesa</strong>, con un delicado <strong data-start=""247"" data-end=""273"">tallado en tono blanco</strong>, aporta luz y sofisticación a cualquier espacio. Su acabado artesanal lo convierte en una pieza atemporal que se integra con facilidad en estilos modernos, nórdicos o clásicos.</p>\n<p data-start=""454"" data-end=""637"">Perfecto para <strong data-start=""468"" data-end=""508"">realzar flores frescas en el comedor</strong>, acompañar <strong data-start=""520"" data-end=""561"">ramas secas en una consola de entrada</strong> o simplemente lucirlo como <strong data-start=""589"" data-end=""634"">objeto decorativo en tu sala o dormitorio</strong>.</p>\n<p class=""cvGsUA direction-ltr align-start para-style-body""><span class=""OYPEnA font-feature-liga-off font-feature-clig-off font-feature-calt-off text-decoration-none text-strikethrough-none""><strong>Dimensiones:</strong> 33cm x 23cm x 37.8cm</span></p>\n<strong>Referencia:</strong> 1353\n<p class=""cvGsUA direction-ltr align-start para-style-body""></p>",,,taxable,,1,,,0,0,,,,,0,,,1990000,"Jarrones, Navidad > Piezas Exclusivas, Todos los productos",,,https://anbarhome.com/wp-content/uploads/2025/07/1353-Photoroom.jpg,,,,,,,,,0,,2025-07-01,default,,yes,,,,,,0,,nickx_video_url_youtube,no,10000000000000,,,,,,,,,,,,,,,,,
3555,simple,13522,,"Jarrón en cerámica tailandesa con tallado tono nude",1,0,visible,,"<p data-start=""149"" data-end=""358"">Sofisticación y artesanía en una sola pieza. Este <strong data-start=""199"" data-end=""232"">jarrón en cerámica tailandesa</strong>, con un <strong data-start=""241"" data-end=""274"">delicado tallado en tono nude</strong>, es el complemento perfecto para añadir un toque de elegancia natural a tu hogar.</p>\n<p data-start=""360"" data-end=""611"">Su diseño versátil lo convierte en protagonista en cualquier espacio: úsalo con <strong data-start=""440"" data-end=""481"">flores frescas en la mesa del comedor</strong>, con <strong data-start=""487"" data-end=""528"">ramas secas en una consola de entrada</strong> o como <strong data-start=""536"" data-end=""567"">pieza decorativa en la sala</strong>, aportando calidez y estilo sin esfuerzo.</p>\n<p class=""cvGsUA direction-ltr align-start para-style-body""><span class=""OYPEnA font-feature-liga-off font-feature-clig-off font-feature-calt-off text-decoration-none text-strikethrough-none"">Dimensiones: 30.5cm x 30.5cm x 51cm</span></p>\nReferencia: 13522\n<p class=""cvGsUA direction-ltr align-start para-style-body""></p>",,,taxable,,1,,,0,0,,,,,0,,,1290000,"Jarrones, Navidad > Piezas Exclusivas, Todos los productos",,,https://anbarhome.com/wp-content/uploads/2025/07/13522-Photoroom-1.jpg,,,,,,,,,0,,2025-07-01,default,,yes,,,,,,0,,nickx_video_url_youtube,no,10000000000000,,,,,,,,,,,,,,,,,
3556,simple,13521,,"Jarrón en cerámica tailandesa con tallado tono nude",1,0,visible,,"<p data-start=""150"" data-end=""390"">Descubre la elegancia de lo artesanal con este <strong data-start=""197"" data-end=""230"">jarrón en cerámica tailandesa</strong>, delicadamente <strong data-start=""246"" data-end=""270"">tallado en tono nude</strong>. Su diseño sutil y sofisticado lo convierte en un objeto decorativo versátil que realza cualquier rincón de tu hogar.</p>\n<p data-start=""392"" data-end=""615"">Perfecto para <strong data-start=""406"" data-end=""447"">flores frescas en la mesa del comedor</strong>, <strong data-start=""449"" data-end=""490"">ramas secas en una consola de entrada</strong> o como <strong data-start=""498"" data-end=""540"">pieza protagonista en tu sala de estar</strong>, este jarrón aporta un aire de calidez y distinción a cualquier espacio.</p>\n<p class=""cvGsUA direction-ltr align-start para-style-body""><span class=""OYPEnA font-feature-liga-off font-feature-clig-off font-feature-calt-off text-decoration-none text-strikethrough-none""><strong>Dimensiones:</strong> 30cm x 30cm x 7.5 cm</span></p>\n<strong>Referencia:</strong> 13521\n<p class=""cvGsUA direction-ltr align-start para-style-body""></p>",,,taxable,,1,,,0,0,,,,,0,,,950000,"Jarrones, Navidad > Piezas Exclusivas, Todos los productos",,,https://anbarhome.com/wp-content/uploads/2025/07/13521-Photoroom.jpg,,,,,,,,,0,,2025-07-01,default,,yes,,,,,,0,,nickx_video_url_youtube,no,10000000000000,,,,,,,,,,,,,,,,,
3557,simple,1403,,"Jarrón en cerámica tailandesa con tallado tono ocre",1,0,visible,,"<p data-start=""138"" data-end=""365"">Un detalle artesanal que aporta calidez y distinción. Este <strong data-start=""197"" data-end=""230"">jarrón en cerámica tailandesa</strong>, trabajado con un fino <strong data-start=""254"" data-end=""278"">tallado en tono ocre</strong>, es la pieza perfecta para quienes buscan un estilo natural con un aire sofisticado.</p>\n<p data-start=""367"" data-end=""617"">Su color terroso y elegante lo convierte en un complemento versátil: úsalo con <strong data-start=""446"" data-end=""473"">flores secas en tu sala</strong>, como <strong data-start=""480"" data-end=""511"">pieza central en el comedor</strong> o simplemente como <strong data-start=""531"" data-end=""566"">objeto decorativo en una repisa</strong> para dar personalidad y equilibrio a tu espacio.</p>\n<p class=""cvGsUA direction-ltr align-start para-style-body""><span class=""OYPEnA font-feature-liga-off font-feature-clig-off font-feature-calt-off text-decoration-none text-strikethrough-none""><strong>Dimensiones:</strong> 52cm x 38cm x 23cm</span></p>\n<strong>Referencia:</strong> 1403\n<p class=""cvGsUA direction-ltr align-start para-style-body""></p>",,,taxable,,1,,,0,0,,,,,0,,,2390000,"Jarrones, Navidad > Piezas Exclusivas, Todos los productos",,,https://anbarhome.com/wp-content/uploads/2025/07/1403-Photoroom.jpg,,,,,,,,,0,,2025-07-01,default,,yes,,,,,,0,,nickx_video_url_youtube,no,10000000000000,,,,,,,,,,,,,,,,,
3558,simple,1402,,"Jarrón en cerámica tailandesa con tallado tono nude",1,0,visible,,"<p data-start=""131"" data-end=""442"">Elegancia artesanal que transforma tu hogar. Este <strong data-start=""181"" data-end=""214"">jarrón en cerámica tailandesa</strong>, delicadamente <strong data-start=""230"" data-end=""254"">tallado en tono nude</strong>, es una pieza única que combina tradición y diseño contemporáneo. Su estilo minimalista y versátil lo convierte en el detalle perfecto para dar vida y sofisticación a cualquier espacio.</p>\n<p data-start=""444"" data-end=""708"">Ideal para <strong data-start=""455"" data-end=""496"">flores frescas en la mesa del comedor</strong>, para acompañar <strong data-start=""513"" data-end=""554"">ramas secas en una consola de entrada</strong> o simplemente para lucirlo como objeto decorativo en tu sala. Su presencia sutil y refinada crea un ambiente armónico, moderno y lleno de personalidad.</p>\n<p class=""cvGsUA direction-ltr align-start para-style-body""><span class=""OYPEnA font-feature-liga-off font-feature-clig-off font-feature-calt-off text-decoration-none text-strikethrough-none""><b>Dimensiones:</b> 52cm x 38cm x 23cm</span></p>\n<strong>Referencia: </strong>1402\n<p class=""cvGsUA direction-ltr align-start para-style-body""></p>",,,taxable,,1,,,0,0,,,,,0,,,2200000,"Jarrones, Navidad > Piezas Exclusivas, Todos los productos",,,https://anbarhome.com/wp-content/uploads/2025/07/1402-Photoroom.jpg,,,,,,,,,0,,2025-07-01,default,,yes,,,,,,0,,nickx_video_url_youtube,no,10000000000000,,,,,,,,,,,,,,,,,
3559,simple,1401,,"Bowl en cerámica tailandesa con tallado tono blanco",1,0,visible,,"<p data-start=""258"" data-end=""560"">Sutil, elegante y artesanal: este <strong data-start=""292"" data-end=""323"">bowl en cerámica tailandesa</strong>, con un delicado <strong data-start=""341"" data-end=""367"">tallado en tono blanco</strong>, es la pieza perfecta para añadir sofisticación a tu hogar. Su acabado atemporal y minimalista lo convierte en un elemento versátil que puedes usar tanto de manera funcional como decorativa.</p>\n<p data-start=""562"" data-end=""777"">Úsalo como <strong data-start=""573"" data-end=""610"">centro de mesa con frutas frescas</strong>, en una <strong data-start=""619"" data-end=""649"">consola con flores o velas</strong> para crear un ambiente acogedor, o simplemente como <strong data-start=""702"" data-end=""745"">pieza protagonista en tu sala o comedor</strong> gracias a su diseño refinado.</p>\n<p class=""cvGsUA direction-ltr align-start para-style-body""><span class=""OYPEnA font-feature-liga-off font-feature-clig-off font-feature-calt-off text-decoration-none text-strikethrough-none""><strong>Dimensiones:</strong> 36cm x 50cm x 37cm</span></p>\n<strong>Referencia:</strong> 1401\n<p class=""cvGsUA direction-ltr align-start para-style-body""></p>",,,taxable,,1,,,0,0,,,,,0,,,1790000,"Jarrones, Navidad > Piezas Exclusivas, Todos los productos",,,https://anbarhome.com/wp-content/uploads/2025/07/1401-Photoroom.jpg,,,,,,,,,0,,2025-07-01,default,,yes,,,,,,0,,nickx_video_url_youtube,no,10000000000000,,,,,,,,,,,,,,,,,
3560,simple,15512,,"Jarrón grande en cerámica tailandesa con terminación de lujo",1,0,visible,,"<p data-start=""209"" data-end=""415"">Haz de cada rincón de tu hogar un espacio sofisticado con este <strong data-start=""272"" data-end=""305"">jarrón de cerámica tailandesa</strong>, una pieza única que combina la pureza artesanal con una <strong data-start=""363"" data-end=""386"">terminación de lujo</strong> en tono neutro y elegante.</p>\n<p data-start=""417"" data-end=""567"">Su diseño atemporal lo convierte en mucho más que un accesorio decorativo: es un detalle que realza tu estilo y aporta calidez a cualquier ambiente.</p>\n<p data-start=""569"" data-end=""819"">Imagina este jarrón en tu <strong data-start=""595"" data-end=""657"">mesa de comedor como centro de atención con flores frescas</strong>, en una <strong data-start=""666"" data-end=""704"">consola de entrada con ramas secas</strong> que den la bienvenida a tus invitados, o en tu <strong data-start=""752"" data-end=""816"">sala de estar como pieza protagonista junto a velas y libros</strong></p>\n<p class=""cvGsUA direction-ltr align-start para-style-body""><span class=""OYPEnA font-feature-liga-off font-feature-clig-off font-feature-calt-off text-decoration-none text-strikethrough-none""><strong>Dimensiones:</strong> 34.5cm x 34.5cm x 42.5cm</span></p>\n<strong>Referencia:</strong> 15512\n<p class=""cvGsUA direction-ltr align-start para-style-body""></p>",,,taxable,,1,,,0,0,,,,,0,,,1290000,"Jarrones, Navidad > Piezas Exclusivas, Todos los productos",,,https://anbarhome.com/wp-content/uploads/2025/07/15511-Photoroom-1.jpg,,,,,,,,,0,,2025-07-01,default,,yes,,,,,,0,,nickx_video_url_youtube,no,10000000000000,,,,,,,,,,,,,,,,,
3561,simple,15511,,"Jarrón mediano en cerámica tailandesa con terminación de lujo",1,0,visible,,"<p data-start=""209"" data-end=""415"">Haz de cada rincón de tu hogar un espacio sofisticado con este <strong data-start=""272"" data-end=""305"">jarrón de cerámica tailandesa</strong>, una pieza única que combina la pureza artesanal con una <strong data-start=""363"" data-end=""386"">terminación de lujo</strong> en tono neutro y elegante.</p>\n<p data-start=""417"" data-end=""567"">Su diseño atemporal lo convierte en mucho más que un accesorio decorativo: es un detalle que realza tu estilo y aporta calidez a cualquier ambiente.</p>\n<p data-start=""569"" data-end=""819"">Imagina este jarrón en tu <strong data-start=""595"" data-end=""657"">mesa de comedor como centro de atención con flores frescas</strong>, en una <strong data-start=""666"" data-end=""704"">consola de entrada con ramas secas</strong> que den la bienvenida a tus invitados, o en tu <strong data-start=""752"" data-end=""816"">sala de estar como pieza protagonista junto a velas y libros</strong></p>\n<p class=""cvGsUA direction-ltr align-start para-style-body""><span class=""OYPEnA font-feature-liga-off font-feature-clig-off font-feature-calt-off text-decoration-none text-strikethrough-none""><strong>Dimensiones:</strong> 28cm x 28cm x 35.5cm</span></p>\n<strong>Referencia:</strong> 15511",,,taxable,,1,,,0,0,,,,,0,,,990000,"Jarrones, Navidad > Piezas Exclusivas, Todos los productos",,,https://anbarhome.com/wp-content/uploads/2025/07/15511-Photoroom.jpg,,,,,,,,,0,,2025-07-01,default,,yes,,,,,,0,,nickx_video_url_youtube,no,10000000000000,,,,,,,,,,,,,,,,,
3562,simple,1350,,"Jarrón en cerámica tailandesa con tallado tono nude",1,0,visible,,"<p data-start=""122"" data-end=""451"">Dale a tu hogar un aire de sofisticación natural con nuestro exclusivo jarrón de <strong data-start=""203"" data-end=""226"">cerámica tailandesa</strong>, cuidadosamente <strong data-start=""243"" data-end=""261"">tallado a mano</strong> en un elegante tono nude. Su diseño minimalista con detalles artesanales lo convierte en una pieza versátil, capaz de transformar cualquier espacio en un rincón lleno de estilo y calidez.</p>\n<p data-start=""453"" data-end=""780"">Perfecto para realzar un <strong data-start=""478"" data-end=""504"">ramo de flores frescas</strong>, ramas secas o incluso lucirlo por sí solo como objeto decorativo. Colócalo sobre una <strong data-start=""591"" data-end=""616"">consola en la entrada</strong> para dar la mejor bienvenida, en la <strong data-start=""653"" data-end=""681"">mesa de centro del salón</strong> como pieza central o en un <strong data-start=""709"" data-end=""743"">estante junto a libros y velas</strong> para aportar armonía y equilibrio.</p>\n<p class=""cvGsUA direction-ltr align-start para-style-body""><span class=""OYPEnA font-feature-liga-off font-feature-clig-off font-feature-calt-off text-decoration-none text-strikethrough-none""><strong>Dimensiones:</strong> 27cm x 27cm x 47.5cm</span></p>\n<strong>Referencia:</strong> 1350",,,taxable,,1,,,0,0,,,,,0,,,990000,"Jarrones, Navidad > Piezas Exclusivas",,,https://anbarhome.com/wp-content/uploads/2025/07/1350-Photoroom.jpg,,,,,,,,,0,,2025-07-01,default,,yes,,,,,,0,,nickx_video_url_youtube,no,10000000000000,,,,,,,,,,,,,,,,,
3684,simple,A0072,,"Candelabro de cristal importado de Tailandia",1,0,visible,,"<p class=""cvGsUA direction-ltr align-start para-style-body""><span class=""OYPEnA font-feature-liga-off font-feature-clig-off font-feature-calt-off text-decoration-none text-strikethrough-none"">Candelabro de cristal importado de Tailandia</span></p>\n<p class=""cvGsUA direction-ltr align-start para-style-body""></p>\n<p class=""cvGsUA direction-ltr align-start para-style-body""></p>\n<p class=""cvGsUA direction-ltr align-start para-style-body""><span class=""OYPEnA font-feature-liga-off font-feature-clig-off font-feature-calt-off text-decoration-none text-strikethrough-none"">Medida: 22cm x 10 de diametro</span></p>",,,taxable,,1,,,0,0,,,,,0,,,199900,"Todos los productos",,,https://anbarhome.com/wp-content/uploads/2025/07/candelabros_12_3.png,,,,,,,,,0,,2025-07-01,,,,,,,,,,,,,10000000000000,,,,,,,,,,,,,,,,,
3694,simple,A0066,,"Candelabro en cerámica con efecto vintage incluye",1,0,visible,,"<p data-start=""245"" data-end=""605"">Un detalle que combina encanto clásico y practicidad moderna. Elaborado en cerámica con un acabado vintage, este candelabro aporta calidez, estilo y personalidad a cualquier espacio. La vela artificial incluida, con pila AA, ofrece la iluminación perfecta sin preocuparte por el fuego, haciendo que sea seguro y fácil de usar en cualquier rincón de tu hogar.</p>\n<p data-start=""607"" data-end=""891"">Perfecto para colocar sobre la mesa del comedor en cenas íntimas, en la repisa de la sala para un toque decorativo, o en tu dormitorio creando un ambiente acogedor y relajante. Su estilo vintage lo convierte en un complemento ideal para decoraciones rústicas, clásicas o eclécticas.</p>\n<p class=""cvGsUA direction-ltr align-start para-style-body""><span class=""OYPEnA font-feature-liga-off font-feature-clig-off font-feature-calt-off text-decoration-none text-strikethrough-none""><strong>Dimensiones:</strong> 20cm x 14cm diámetro</span></p>\n<strong>Referencia:</strong> A0066",,,taxable,,1,,,0,0,,,,,0,,,59900,"Candelabros, Todos los productos",,,https://anbarhome.com/wp-content/uploads/2025/07/A0066.jpg,,,,,,,,,0,,2025-07-01,default,,yes,,,,,,0,,nickx_video_url_youtube,no,10000000000000,,,,,,,,,,,,,,,,,
3695,simple,A0012,,"Set de candelabros x2 en acero negro",1,0,visible,,"<p class=""cvGsUA direction-ltr align-start para-style-body""><span class=""OYPEnA font-feature-liga-off font-feature-clig-off font-feature-calt-off text-decoration-none text-strikethrough-none"">Set de candelabros x2 en acero negro</span></p>\n<p class=""cvGsUA direction-ltr align-start para-style-body""><span class=""OYPEnA font-feature-liga-off font-feature-clig-off font-feature-calt-off text-decoration-none text-strikethrough-none"">*No incluye vela</span></p>\n<p class=""cvGsUA direction-ltr align-start para-style-body""></p>\n<p class=""cvGsUA direction-ltr align-start para-style-body""><span class=""OYPEnA font-feature-liga-off font-feature-clig-off font-feature-calt-off text-decoration-none text-strikethrough-none"">Medida:</span> <span class=""OYPEnA font-feature-liga-off font-feature-clig-off font-feature-calt-off text-decoration-none text-strikethrough-none"">35cm x 15cm diámetro</span></p>\n<p class=""cvGsUA direction-ltr align-start para-style-body""><span class=""OYPEnA font-feature-liga-off font-feature-clig-off font-feature-calt-off text-decoration-none text-strikethrough-none"">Medida: 25cm x 15cm diámetro</span></p>",,,taxable,,1,,,0,0,,,,,0,,,439000,"Todos los productos",,,https://anbarhome.com/wp-content/uploads/2025/07/candelabros_9_3.png,,,,,,,,,0,,2025-07-01,,,,,,,,,,,,,10000000000000,,,,,,,,,,,,,,,,,
3717,simple,A0019,,"candelabro en madera con brisero de cristal removible",1,0,visible,,"*No incluye vela  Pequeño: 35cm x 12cm x 12 cm",,,taxable,,1,,,0,0,,,,,0,,,249000,"Todos los productos",,,https://anbarhome.com/wp-content/uploads/2025/07/candelabros_4_3.png,,,,,,,,,0,,2025-07-01,,,,,,,,,,,,,10000000000000,,,,,,,,,,,,,,,,,
3718,simple,A0018,,"candelabro en madera con brisero de cristal removible",1,0,visible,,"*No incluye vela Grande: 40cm x 15 xm x 15cm",,,taxable,,1,,,0,0,,,,,0,,,289000,"Todos los productos",,,https://anbarhome.com/wp-content/uploads/2025/07/candelabros_4_3.png,,,,,,,,,0,,2025-07-01,,,,,,,,,,,,,10000000000000,,,,,,,,,,,,,,,,,
3719,simple,A0031,,"Set de candelabros x3 en acero importado de Indonesia",1,0,visible,,"*No incluye vela Grande: 33cm x 9cm x 9 cm Mediano: 28cm x 9cm x 9 cm Pequeño: 23cm x 9cm x 9cm",,,taxable,,1,,,0,0,,,,,0,,,99900,"Todos los productos",,,https://anbarhome.com/wp-content/uploads/2025/07/candelabros_4_2.png,,,,,,,,,0,,2025-07-01,,,,,,,,,,,,,10000000000000,,,,,,,,,,,,,,,,,
3720,simple,A0027,,"Set de candelabros x2 en madera importados de la India",1,0,visible,,"<p data-start=""172"" data-end=""550"">Un dúo que combina la calidez de la madera con la autenticidad de la artesanía india. Cada candelabro ha sido elaborado en madera de alta calidad, resaltando sus vetas naturales y aportando un toque acogedor y elegante a tus espacios. Su diseño versátil los convierte en piezas perfectas para realzar desde una mesa de comedor hasta un rincón especial en la sala o dormitorio.</p>\n<p data-start=""552"" data-end=""703"">Imagina la luz de las velas reflejándose sobre la textura natural de la madera, creando un ambiente íntimo y sereno para tus momentos más especial</p>\n<strong>*No incluye vela </strong>\n\n<strong>Dimensiones:</strong> Grande: 45cm x 16cm / Mediano: 35cm x 13cm\n\n<strong>Referencia:</strong> A0027",,,taxable,,1,,,0,0,,,,,0,,,199900,"Candelabros, Todos los productos",,,https://anbarhome.com/wp-content/uploads/2025/07/A0027.jpg,,,,,,,,,0,,2025-07-01,default,,yes,,,,,,0,,nickx_video_url_youtube,no,10000000000000,,,,,,,,,,,,,,,,,
3721,simple,A0030,,"Set de candelabros x2 en acero negro importados de la India",1,0,visible,,"<p data-start=""206"" data-end=""579"">Minimalistas, modernos y con un aire sofisticado. Este set de dos candelabros elaborados en acero negro combina resistencia y estilo atemporal, convirtiéndose en el detalle perfecto para realzar la decoración de tu hogar. Su acabado en negro mate aporta sobriedad y versatilidad, adaptándose a diferentes estilos: desde lo contemporáneo hasta lo industrial o escandinavo.</p>\n<p data-start=""581"" data-end=""821"">Imagina este set iluminando una cena íntima, decorando tu sala o siendo el detalle perfecto en una mesa auxiliar. Cada pieza refleja la calidad y el valor artesanal de la India, llevando a tu hogar un diseño único y lleno de personalidad.</p>\n<p class=""cvGsUA direction-ltr align-start para-style-body""><strong><span class=""OYPEnA font-feature-liga-off font-feature-clig-off font-feature-calt-off text-decoration-none text-strikethrough-none"">*No incluye vela</span></strong></p>\n<p class=""cvGsUA direction-ltr align-start para-style-body""><span class=""OYPEnA font-feature-liga-off font-feature-clig-off font-feature-calt-off text-decoration-none text-strikethrough-none""><strong>Dimensiones:</strong> Grande: 35cm x 14cm x 14cm / </span><span class=""OYPEnA font-feature-liga-off font-feature-clig-off font-feature-calt-off text-decoration-none text-strikethrough-none"">Pequeño: 30 cm x 14cm x 14cm</span></p>\n<strong>Referencia:</strong> A0030",,,taxable,,1,,,0,0,,,,,0,,,499000,"Candelabros, Todos los productos",,,https://anbarhome.com/wp-content/uploads/2025/07/A0030-1-1.jpg,,,,,,,,,0,,2025-07-01,default,,yes,,,,,,0,,nickx_video_url_youtube,no,10000000000000,,,,,,,,,,,,,,,,,,,,,
3722,simple,A0003,,"Set de candelabros x3 en acero plata con base de madera  importados de la India",1,0,visible,,"<p class=""cvGsUA direction-ltr align-start para-style-body""><span class=""OYPEnA font-feature-liga-off font-feature-clig-off font-feature-calt-off text-decoration-none text-strikethrough-none"">Set de candelabros x3 en acero plata con base de madera</span> <span class=""OYPEnA font-feature-liga-off font-feature-clig-off font-feature-calt-off text-decoration-none text-strikethrough-none"">importados de la India</span></p>\n<p class=""cvGsUA direction-ltr align-start para-style-body""><span class=""OYPEnA font-feature-liga-off font-feature-clig-off font-feature-calt-off text-decoration-none text-strikethrough-none"">Pequeño: 58cm x 17cm diametro</span></p>",,,taxable,,1,,,0,0,,,,,0,,,1417000,"Todos los productos",,,https://anbarhome.com/wp-content/uploads/2025/07/candelabros_3_2.png,,,,,,,,,0,,2025-07-01,,,,,,,,,,,,,10000000000000,,,,,,,,,,,,,,,,,,,,,
3723,simple,A0002,,"Set de candelabros x3 en acero plata con base de madera  importados de la India",1,0,visible,,"<p class=""cvGsUA direction-ltr align-start para-style-body""><span class=""OYPEnA font-feature-liga-off font-feature-clig-off font-feature-calt-off text-decoration-none text-strikethrough-none"">Set de candelabros x3 en acero plata con base de madera</span> <span class=""OYPEnA font-feature-liga-off font-feature-clig-off font-feature-calt-off text-decoration-none text-strikethrough-none"">importados de la India</span></p>\n<p class=""cvGsUA direction-ltr align-start para-style-body""><span class=""OYPEnA font-feature-liga-off font-feature-clig-off font-feature-calt-off text-decoration-none text-strikethrough-none"">Mediano: 62cm x 17cm diametro</span></p>",,,taxable,,1,,,0,0,,,,,0,,,1417000,"Todos los productos",,,https://anbarhome.com/wp-content/uploads/2025/07/candelabros_3_2.png,,,,,,,,,0,,2025-07-01,,,,,,,,,,,,,10000000000000,,,,,,,,,,,,,,,,,,,,,
3724,simple,A0001,,"Set de candelabros x3 en acero plata con base de madera  importados de la India",1,0,visible,,"<p class=""cvGsUA direction-ltr align-start para-style-body""><span class=""OYPEnA font-feature-liga-off font-feature-clig-off font-feature-calt-off text-decoration-none text-strikethrough-none"">Set de candelabros x3 en acero plata con base de madera</span> <span class=""OYPEnA font-feature-liga-off font-feature-clig-off font-feature-calt-off text-decoration-none text-strikethrough-none"">importados de la India</span></p>\n<p class=""cvGsUA direction-ltr align-start para-style-body""><span class=""OYPEnA font-feature-liga-off font-feature-clig-off font-feature-calt-off text-decoration-none text-strikethrough-none"">Grande: 70cm x 17cm diametro</span></p>",,,taxable,,1,,,0,0,,,,,0,,,1417000,"Todos los productos",,,https://anbarhome.com/wp-content/uploads/2025/07/candelabros_3_2.png,,,,,,,,,0,,2025-07-01,,,,,,,,,,,,,10000000000000,,,,,,,,,,,,,,,,,,,,,
3725,simple,14301D,,"Set x2 de Candelabros en acero dorado",1,0,visible,,"<p data-start=""74"" data-end=""131""><strong data-start=""74"" data-end=""131"">Candelabros Decorativos Dorados de Diseño Escultórico</strong></p>\n<p data-start=""133"" data-end=""462"">Transforma cualquier espacio con estos exclusivos candelabros decorativos de líneas fluidas y silueta escultórica, inspirados en las formas orgánicas de la naturaleza. Su diseño artístico combina elegancia y modernidad, convirtiéndolos en una pieza protagonista capaz de aportar personalidad y sofisticación a cualquier ambiente.</p>\n<p data-start=""464"" data-end=""741"">El acabado dorado de alta presencia visual refleja la luz de manera sutil, creando una atmósfera cálida, refinada y contemporánea. Más que un accesorio decorativo, son elementos de diseño que elevan la estética de salas, comedores, recibidores, oficinas y espacios comerciales.</p>\n\n<h3 data-section-id=""1k8yuba"" data-start=""743"" data-end=""773"">Características destacadas</h3>\n<p data-start=""774"" data-end=""1081"">✔ Diseño escultórico de inspiración orgánica.<br data-start=""819"" data-end=""822"" />✔ Acabado dorado elegante y contemporáneo.<br data-start=""864"" data-end=""867"" />✔ Ideal para decoración moderna, minimalista, glam, contemporánea o de lujo.<br data-start=""943"" data-end=""946"" />✔ Aporta luminosidad, exclusividad y estilo a cualquier espacio.<br data-start=""1010"" data-end=""1013"" />✔ Pieza decorativa versátil para el hogar o ambientes profesionales.</p>\n\n<h3 data-section-id=""1ucg030"" data-start=""1083"" data-end=""1102"">Opciones de uso</h3>\n<ul data-start=""1103"" data-end=""1574"">\n 	<li data-section-id=""ufud87"" data-start=""1103"" data-end=""1155"">Como centro de mesa en comedores y salas de estar.</li>\n 	<li data-section-id=""rv1wgm"" data-start=""1156"" data-end=""1229"">Sobre consolas de entrada para crear una primera impresión sofisticada.</li>\n 	<li data-section-id=""7bfi0b"" data-start=""1230"" data-end=""1310"">En mesas auxiliares, repisas o estanterías como elemento decorativo principal.</li>\n 	<li data-section-id=""eadasy"" data-start=""1311"" data-end=""1388"">Para complementar decoraciones de eventos, bodas o celebraciones elegantes.</li>\n 	<li data-section-id=""1srt14"" data-start=""1389"" data-end=""1494"">En oficinas, hoteles, restaurantes o espacios comerciales que busquen una imagen moderna y distinguida.</li>\n 	<li data-section-id=""1ljuvsh"" data-start=""1495"" data-end=""1574"">Combinados con velas decorativas para generar ambientes cálidos y acogedores.</li>\n</ul>\n<p data-start=""1576"" data-end=""1862"">Su estética atemporal permite integrarlos fácilmente en diferentes estilos de decoración, aportando un equilibrio perfecto entre arte, funcionalidad y diseño. Una excelente opción para quienes buscan piezas decorativas exclusivas que transmitan buen gusto, sofisticación y personalidad.</p>\n<p data-start=""1864"" data-end=""1971"" data-is-last-node="""" data-is-only-node=""""><strong data-start=""1864"" data-end=""1969"">Perfectos para regalar o para renovar cualquier ambiente con un toque de lujo y diseño contemporáneo.</strong> ✨</p>\nReferencia\n<table width=""400"">\n<tbody>\n<tr>\n<td width=""400"">14301D</td>\n</tr>\n</tbody>\n</table>\n&nbsp;\n\nMedida\n\n20cmx10cmx25cm",,,taxable,,1,,,0,0,,10,20,25,0,,319900,349900,"Candelabros, Sale, Todos los productos",,,"https://anbarhome.com/wp-content/uploads/2025/07/3.png, https://anbarhome.com/wp-content/uploads/2025/07/3.png, https://anbarhome.com/wp-content/uploads/2025/07/Two_close-up_views_subject_202606061607.jpeg, https://anbarhome.com/wp-content/uploads/2025/07/5.png",,,,,,,,,0,,2025-07-01,default,,yes,,,,,,0,,nickx_video_url_youtube,no,10000000000000,"#post_title #separator_sa #site_title #post_title #post_title #separator_sa #site_title",1781049685,,yes,yes,,,product,,,,Dorado,,,,,new,color,Dorado,1,1
3726,simple,A0023,,"Candelabro en acero dorado importado de la India",1,0,visible,,"<p class=""cvGsUA direction-ltr align-start para-style-body""><span class=""OYPEnA font-feature-liga-off font-feature-clig-off font-feature-calt-off text-decoration-none text-strikethrough-none"">Candelabro en acero dorado importado de la India</span></p>\n<p class=""cvGsUA direction-ltr align-start para-style-body""><span class=""OYPEnA font-feature-liga-off font-feature-clig-off font-feature-calt-off text-decoration-none text-strikethrough-none"">*No incluye vela</span></p>\n<p class=""cvGsUA direction-ltr align-start para-style-body""></p>\n<p class=""cvGsUA direction-ltr align-start para-style-body""><span class=""OYPEnA font-feature-liga-off font-feature-clig-off font-feature-calt-off text-decoration-none text-strikethrough-none"">Medida: 60cm x 10cm X10cm</span></p>",,,taxable,,1,,,0,0,,,,,0,,229900,439000,"Todos los productos",,,https://anbarhome.com/wp-content/uploads/2025/07/candelabros_2_3.png,,,,,,,,,0,,2025-07-01,,,,,,,,,,,,,10000000000000,,1781046041,,,,,,,,,,,,,,,,,,,
3748,simple,15361,,"Mesa de centro ovalada con estructura en madera, las bases de las patas son el madera",1,0,visible,,"<p data-start=""211"" data-end=""442"">Un clásico renovado que combina la nobleza de la madera con un diseño versátil y elegante. Su forma ovalada suaviza el espacio y aporta armonía visual, mientras su sólida construcción en madera garantiza resistencia y larga vida.</p>\n<p data-start=""444"" data-end=""706"">Perfecta para salas modernas, rústicas o minimalistas, esta mesa se convierte en el centro de reunión: ya sea para colocar tus objetos decorativos favoritos, servir aperitivos en una tarde con amigos o simplemente dar un toque natural y sofisticado a tu hogar.</p>\n<p class=""cvGsUA direction-ltr align-start para-style-body""><span class=""OYPEnA font-feature-liga-off font-feature-clig-off font-feature-calt-off text-decoration-none text-strikethrough-none""><strong>Dimensiones:</strong> 130cm x 70cm x 37cm</span></p>\n<strong>Referencia:</strong> 15361",,,taxable,,1,,,0,0,,,,,0,,,4500000,"Mesas de Centro, Todos los productos",,,https://anbarhome.com/wp-content/uploads/2025/07/15361.jpg,,,,,,,,,0,,2025-07-02,default,,yes,,,,,,0,,nickx_video_url_youtube,no,10000000000000,,,,,,,,,,,,,,,,,,,,,
3749,simple,1536,,"Mesa de centro ovalada con estructura en madera, las bases de las patas son el madera",1,0,visible,,"<p data-start=""134"" data-end=""436"">Elegancia natural y diseño funcional en una sola pieza. Su estructura y bases en madera aportan solidez, durabilidad y un estilo atemporal que se adapta a cualquier ambiente. La forma ovalada, suave y orgánica, aporta fluidez al espacio, ideal para quienes buscan un toque moderno sin perder calidez.</p>\n<p data-start=""438"" data-end=""766"">Imagina esta mesa en tu sala: al centro, acompañada de un arreglo floral o una bandeja decorativa, mientras alrededor se convierte en el punto de encuentro para charlas, café o momentos en familia. Su diseño versátil permite integrarla fácilmente tanto en ambientes contemporáneos como en espacios de estilo rústico o nórdico.</p>\n<p class=""cvGsUA direction-ltr align-start para-style-body""><span class=""OYPEnA font-feature-liga-off font-feature-clig-off font-feature-calt-off text-decoration-none text-strikethrough-none""><strong>Dimensiones:</strong> 130cm x 70cm x 37cm</span></p>\n<strong>Referencia:</strong> 1536",,,taxable,,1,,,0,0,,,,,0,,,4500000,"Mesas de Centro, Todos los productos",,,https://anbarhome.com/wp-content/uploads/2025/07/1536.jpg,,,,,,,,,0,,2025-07-02,default,,yes,,,,,,0,,nickx_video_url_youtube,no,10000000000000,,,,,,,,,,,,,,,,,,,,,
3750,simple,15341A,,"Mesas de centro duo con estructura en madera, las bases de las patas son el madera",1,0,visible,,"<p data-start=""182"" data-end=""485"">Un juego que combina practicidad y diseño atemporal. Con estructura y bases totalmente en madera, estas mesas reflejan la nobleza del material natural, aportando un aire cálido y acogedor al espacio. Su formato dúo permite jugar con alturas y posiciones, creando composiciones dinámicas y funcionales.</p>\n<p data-start=""487"" data-end=""756"">Perfectas para tu sala, puedes usarlas juntas como un punto central decorativo o separarlas para ganar superficie de apoyo extra en reuniones y momentos especiales. Son ideales para sostener desde una bandeja con aperitivos hasta tus accesorios decorativos favoritos.</p>\n<span class=""OYPEnA font-feature-liga-off font-feature-clig-off font-feature-calt-off text-decoration-none text-strikethrough-none""><strong>Diámetro:</strong> 50cm x 43cm de altura</span>\n\n<strong>Referencia:</strong> 15341A",,,taxable,,1,,,0,0,,,,,0,,,1490000,"Mesas de Centro, Todos los productos",,,https://anbarhome.com/wp-content/uploads/2025/07/15341-1.jpg,,,,,,,,,0,,2025-07-02,default,,yes,,,,,,0,,nickx_video_url_youtube,no,10000000000000,,,,,,,,,,,,,,,,,,,,,
3751,simple,15341,,"Mesas de centro duo con estructura en madera, las bases de las patas son el madera",1,0,visible,,"<p data-start=""182"" data-end=""485"">Un juego que combina practicidad y diseño atemporal. Con estructura y bases totalmente en madera, estas mesas reflejan la nobleza del material natural, aportando un aire cálido y acogedor al espacio. Su formato dúo permite jugar con alturas y posiciones, creando composiciones dinámicas y funcionales.</p>\n<p data-start=""487"" data-end=""756"">Perfectas para tu sala, puedes usarlas juntas como un punto central decorativo o separarlas para ganar superficie de apoyo extra en reuniones y momentos especiales. Son ideales para sostener desde una bandeja con aperitivos hasta tus accesorios decorativos favoritos.</p>\n<span class=""OYPEnA font-feature-liga-off font-feature-clig-off font-feature-calt-off text-decoration-none text-strikethrough-none""><strong>Diámetro:</strong> 90cm x 31cm de altura</span>\n\n<strong>Referencia:</strong> 15341",,,taxable,,1,,,0,0,,,,,0,,,3390000,"Mesas de Centro, Todos los productos",,,https://anbarhome.com/wp-content/uploads/2025/07/15341.jpg,,,,,,,,,0,,2025-07-02,default,,yes,,,,,,0,,nickx_video_url_youtube,no,10000000000000,,,,,,,,,,,,,,,,,,,,,
3752,simple,1534A,,"Mesas de centro duo con estructura en madera, las bases de las patas son el madera",1,0,visible,,"<p data-start=""152"" data-end=""473"">Diseño funcional y elegante que aporta calidez a cualquier espacio. Su estructura sólida en madera y las bases del mismo material garantizan estabilidad y resistencia, mientras que su estilo natural convierte a este dúo en piezas versátiles que se adaptan a diferentes estilos de decoración: moderno, rústico o nórdico.</p>\n<p data-start=""475"" data-end=""703"">Imagina colocarlas en tu sala: la mesa principal como punto focal con un florero o una vela decorativa, y la mesa auxiliar lista para sostener tu café, un libro o incluso convertirse en un apoyo extra cuando recibes invitados.</p>\n<span class=""OYPEnA font-feature-liga-off font-feature-clig-off font-feature-calt-off text-decoration-none text-strikethrough-none""><strong>Diámetro:</strong> 50cm x 43cm de altura</span>\n\n<strong>Referencia:</strong> 1534A",,,taxable,,1,,,0,0,,,,,0,,,1490000,"Mesas de Centro, Todos los productos",,,https://anbarhome.com/wp-content/uploads/2025/07/1534-1.jpg,,,,,,,,,0,,,default,,yes,,,,,,0,,nickx_video_url_youtube,no,10000000000000,,,,,,,,,,,,,,,,,,,,,
3753,simple,1534,,"Mesas de centro duo con estructura en madera, las bases de las patas son el madera",1,0,visible,,"<p data-start=""152"" data-end=""473"">Diseño funcional y elegante que aporta calidez a cualquier espacio. Su estructura sólida en madera y las bases del mismo material garantizan estabilidad y resistencia, mientras que su estilo natural convierte a este dúo en piezas versátiles que se adaptan a diferentes estilos de decoración: moderno, rústico o nórdico.</p>\n<p data-start=""475"" data-end=""703"">Imagina colocarlas en tu sala: la mesa principal como punto focal con un florero o una vela decorativa, y la mesa auxiliar lista para sostener tu café, un libro o incluso convertirse en un apoyo extra cuando recibes invitados.</p>\n<span class=""OYPEnA font-feature-liga-off font-feature-clig-off font-feature-calt-off text-decoration-none text-strikethrough-none""><strong>Diámetro:</strong> 90cm x 31cm de altura</span>\n\n<strong>Referencia:</strong> 1534",,,taxable,,1,,,0,0,,,,,0,,,3390000,"Mesas de Centro, Todos los productos",,,https://anbarhome.com/wp-content/uploads/2025/07/1534.jpg,,,,,,,,,0,,2025-07-02,default,,yes,,,,,,0,,nickx_video_url_youtube,no,10000000000000,,,,,,,,,,,,,,,,,,,,,
3754,simple,15539A,,"Mesas de centro duo con estructura en madera",1,0,visible,,"<p data-start=""197"" data-end=""555"">Un dúo que redefine la elegancia natural. Su estructura robusta en madera se fusiona con la suavidad y el estilo del cuero ecológico, creando un contraste único que aporta calidez y sofisticación a tu sala. Las bases de madera refuerzan su diseño artesanal, mientras que la superficie en cuero ecológico añade textura, resistencia y un toque contemporáneo.</p>\n<p data-start=""557"" data-end=""924"">Imagina este conjunto en tu living: la mesa más grande sosteniendo una lámpara decorativa y flores frescas, mientras la más pequeña se convierte en el espacio perfecto para apoyar tu taza de té, un libro o el control remoto. Versátiles y funcionales, se adaptan fácilmente a diferentes estilos, desde un ambiente rústico-chic hasta un espacio moderno y minimalista.</p>\n<span class=""OYPEnA font-feature-liga-off font-feature-clig-off font-feature-calt-off text-decoration-none text-strikethrough-none""><strong>Diámetro:</strong> 50cm x 50cm de altura</span>\n\n<strong>Referencia: </strong>15539A",,,taxable,,1,,,0,0,,,,,0,,,1300000,"Mesas de Centro, Todos los productos",,,https://anbarhome.com/wp-content/uploads/2025/07/1539-2.jpg,,,,,,,,,0,,2025-07-02,default,,yes,,,,,,0,,nickx_video_url_youtube,no,10000000000000,,,,,,,,,,,,,,,,,,,,,
3755,simple,1539,,"Mesas de centro duo con estructura en madera",1,0,visible,,"<p data-start=""197"" data-end=""555"">Un dúo que redefine la elegancia natural. Su estructura robusta en madera se fusiona con la suavidad y el estilo del cuero ecológico, creando un contraste único que aporta calidez y sofisticación a tu sala. Las bases de madera refuerzan su diseño artesanal, mientras que la superficie en cuero ecológico añade textura, resistencia y un toque contemporáneo.</p>\n<p data-start=""557"" data-end=""924"">Imagina este conjunto en tu living: la mesa más grande sosteniendo una lámpara decorativa y flores frescas, mientras la más pequeña se convierte en el espacio perfecto para apoyar tu taza de té, un libro o el control remoto. Versátiles y funcionales, se adaptan fácilmente a diferentes estilos, desde un ambiente rústico-chic hasta un espacio moderno y minimalista.</p>\n<span class=""OYPEnA font-feature-liga-off font-feature-clig-off font-feature-calt-off text-decoration-none text-strikethrough-none""><strong>Diámetro:</strong> 80cm x 40cm de altura</span>\n\n<strong>Referencia:</strong> 1539",,,taxable,,1,,,0,0,,,,,0,,,2800000,"Mesas de Centro, Todos los productos",,,https://anbarhome.com/wp-content/uploads/2025/07/1539.jpg,,,,,,,,,0,,2025-07-02,default,,yes,,,,,,0,,nickx_video_url_youtube,no,10000000000000,,,,,,,,,,,,,,,,,,,,,
3764,simple,1388,,"Mesas de centro duo con estructura en madera, las bases de las patas son el madera y base de vidrio",1,0,visible,,"<p data-start=""162"" data-end=""439"">Un conjunto versátil que combina la calidez de la madera con la elegancia atemporal del vidrio. Su estructura y bases en madera aportan firmeza y un estilo natural, mientras que la superficie en vidrio ofrece un acabado sofisticado y ligero que amplía visualmente el espacio.</p>\n<p data-start=""441"" data-end=""776"">Estas mesas dúo son ideales para adaptarse a tu día a día: puedes usarlas juntas como punto focal en tu sala o separarlas para crear superficies auxiliares cuando recibes invitados. Imagina la mesa principal sosteniendo un florero con flores frescas y la más pequeña siendo el lugar perfecto para tu taza de café o un libro favorito.</p>\n<p class=""cvGsUA direction-ltr align-start para-style-body""><span class=""OYPEnA font-feature-liga-off font-feature-clig-off font-feature-calt-off text-decoration-none text-strikethrough-none""><strong>Diámetro:</strong> Grande 90cm x 31cm de altura / Mediana 50cm x 43cm de altura</span></p>\n<p class=""cvGsUA direction-ltr align-start para-style-body""><strong>Referencia:</strong> 1388</p>",,,taxable,,1,,,0,0,,,,,0,,,2990000,"Mesas de Centro, Todos los productos",,,https://anbarhome.com/wp-content/uploads/2025/07/1388.jpg,,,,,,,,,0,,2025-07-02,default,,yes,,,,,,0,,nickx_video_url_youtube,no,10000000000000,,,,,,,,,,,,,,,,,,,,,
3768,simple,1542,,"Mesas de centro  con estructura en madera y base en acero",1,0,visible,,"<p data-start=""160"" data-end=""417"">Una fusión perfecta entre la calidez de la madera y la fuerza del acero. Su estructura superior en madera aporta un aire natural y acogedor, mientras que la base metálica brinda estabilidad, resistencia y un contraste moderno que realza cualquier espacio.</p>\n<p data-start=""419"" data-end=""771"">Estas mesas se convierten en protagonistas de la sala: ideales para apoyar un arreglo floral, libros de diseño o simplemente servir como punto de encuentro para compartir un café o una charla entre amigos. Su diseño versátil combina a la perfección con estilos industriales, modernos o contemporáneos, creando un ambiente con carácter y personalidad</p>\n<p class=""cvGsUA direction-ltr align-start para-style-body""><span class=""OYPEnA font-feature-liga-off font-feature-clig-off font-feature-calt-off text-decoration-none text-strikethrough-none""><strong>Dimensiones:</strong> Diámetro 90cm x 31cm de altura</span></p>\n<strong>Referencia:</strong> 1542",,,taxable,,1,,,0,0,,,,,0,,,4600000,"Mesas de Centro, Todos los productos",,,https://anbarhome.com/wp-content/uploads/2025/07/1542.jpg,,,,,,,,,0,,2025-07-02,default,,yes,,,,,,0,,nickx_video_url_youtube,no,10000000000000,,,,,,,,,,,,,,,,,,,,,
3887,simple,1492,,"Jarrón pequeño en resina color gris textura porosa",1,0,visible,,"<p data-start=""206"" data-end=""556"">Sofisticado, neutro y versátil. Nuestro <strong data-start=""246"" data-end=""296"">jarrón en resina color gris con textura porosa</strong> es la pieza decorativa perfecta para aportar <strong data-start=""342"" data-end=""378"">equilibrio y elegancia atemporal</strong> a tu hogar. Su acabado rugoso y artesanal le da un carácter único, mientras que el tono gris se adapta con facilidad a estilos modernos, minimalistas, industriales o nórdicos.</p>\n<p data-start=""558"" data-end=""950"">Imagina este jarrón en la <strong data-start=""584"" data-end=""643"">mesa de comedor con flores naturales en tonos vibrantes</strong>, sobre una <strong data-start=""655"" data-end=""723"">consola en el recibidor acompañado de velas y libros decorativos</strong>, o en una <strong data-start=""734"" data-end=""796"">sala moderna como pieza independiente en la mesa de centro</strong>, aportando textura y profundidad visual. También es ideal para un <strong data-start=""863"" data-end=""895"">dormitorio sobrio y relajado</strong>, colocado sobre una cómoda con ramas secas o verdes.</p>\n<p class=""cvGsUA direction-ltr align-start para-style-body""><span class=""OYPEnA font-feature-liga-off font-feature-clig-off font-feature-calt-off text-decoration-none text-strikethrough-none""><strong>Dimensiones:</strong> 26</span> <span class=""OYPEnA font-feature-liga-off font-feature-clig-off font-feature-calt-off text-decoration-none text-strikethrough-none"">cm</span></p>\n<strong>Referencia:</strong> 1492",,,taxable,,1,,,0,0,,,,,0,,,199900,"Jarrones, Jarrones > Jarrones Hogar",,,https://anbarhome.com/wp-content/uploads/2025/07/1491-Photoroom-1.jpg,,,,,,,,,0,,2025-07-02,default,,yes,,,,,,0,,nickx_video_url_youtube,no,10000000000000,,,,,,,,,,,,,,,,,,,,,
3888,simple,1491,,"Jarrón grande en resina color gris textura porosa",1,0,visible,,"<p data-start=""206"" data-end=""556"">Sofisticado, neutro y versátil. Nuestro <strong data-start=""246"" data-end=""296"">jarrón en resina color gris con textura porosa</strong> es la pieza decorativa perfecta para aportar <strong data-start=""342"" data-end=""378"">equilibrio y elegancia atemporal</strong> a tu hogar. Su acabado rugoso y artesanal le da un carácter único, mientras que el tono gris se adapta con facilidad a estilos modernos, minimalistas, industriales o nórdicos.</p>\n<p data-start=""558"" data-end=""950"">Imagina este jarrón en la <strong data-start=""584"" data-end=""643"">mesa de comedor con flores naturales en tonos vibrantes</strong>, sobre una <strong data-start=""655"" data-end=""723"">consola en el recibidor acompañado de velas y libros decorativos</strong>, o en una <strong data-start=""734"" data-end=""796"">sala moderna como pieza independiente en la mesa de centro</strong>, aportando textura y profundidad visual. También es ideal para un <strong data-start=""863"" data-end=""895"">dormitorio sobrio y relajado</strong>, colocado sobre una cómoda con ramas secas o verdes.</p>\n<p class=""cvGsUA direction-ltr align-start para-style-body""><span class=""OYPEnA font-feature-liga-off font-feature-clig-off font-feature-calt-off text-decoration-none text-strikethrough-none""><strong>Dimensiones:</strong> 29 cm</span></p>\n<strong>Referencia:</strong> 1491",,,taxable,,1,,,0,0,,,,,0,,,249900,"Jarrones, Jarrones > Jarrones Hogar",,,https://anbarhome.com/wp-content/uploads/2025/07/1491-Photoroom.jpg,,,,,,,,,0,,2025-07-02,default,,yes,,,,,,0,,nickx_video_url_youtube,no,10000000000000,,,,,,,,,,,,,,,,,,,,,
3889,simple,1494,,"Jarrón pequeño en resina color verde textura porosa",1,0,visible,,"<p data-start=""207"" data-end=""587"">Un diseño que conecta con la <strong data-start=""236"" data-end=""265"">frescura de la naturaleza</strong> y la elegancia del estilo contemporáneo. Nuestro <strong data-start=""315"" data-end=""366"">jarrón en resina color verde con textura porosa</strong> aporta un aire orgánico y sofisticado a cualquier ambiente. Su tono verde transmite calma y armonía, mientras que la textura rugosa le da un acabado artesanal único que lo convierte en el protagonista de tu decoración.</p>\n<p data-start=""589"" data-end=""970"">Imagina este jarrón en la <strong data-start=""615"" data-end=""668"">mesa de comedor con flores blancas que contrasten</strong>, en una <strong data-start=""677"" data-end=""758"">sala moderna sobre la mesa de centro acompañado de velas y libros decorativos</strong>, o en un <strong data-start=""768"" data-end=""813"">recibidor junto a un espejo y ramas secas</strong> para una bienvenida fresca y elegante. También luce perfecto como detalle en un <strong data-start=""894"" data-end=""937"">dormitorio minimalista sobre una cómoda</strong>, añadiendo serenidad y estilo.</p>\n<p class=""cvGsUA direction-ltr align-start para-style-body""><span class=""OYPEnA font-feature-liga-off font-feature-clig-off font-feature-calt-off text-decoration-none text-strikethrough-none""><strong>Dimensiones:</strong> 13cm x 30cm</span></p>\n<strong>Referencia:</strong> 1494\n\n&nbsp;",,,taxable,,1,,,0,0,,,,,0,,,189900,"Jarrones, Jarrones > Jarrones Hogar",,,https://anbarhome.com/wp-content/uploads/2025/07/1493-Photoroom-1.jpg,,,,,,,,,0,,2025-07-02,default,,yes,,,,,,0,,nickx_video_url_youtube,no,10000000000000,,,,,,,,,,,,,,,,,,,,,
3890,simple,1493,,"Jarrón grande en resina color verde textura porosa",1,0,visible,,"<p data-start=""207"" data-end=""587"">Un diseño que conecta con la <strong data-start=""236"" data-end=""265"">frescura de la naturaleza</strong> y la elegancia del estilo contemporáneo. Nuestro <strong data-start=""315"" data-end=""366"">jarrón en resina color verde con textura porosa</strong> aporta un aire orgánico y sofisticado a cualquier ambiente. Su tono verde transmite calma y armonía, mientras que la textura rugosa le da un acabado artesanal único que lo convierte en el protagonista de tu decoración.</p>\n<p data-start=""589"" data-end=""970"">Imagina este jarrón en la <strong data-start=""615"" data-end=""668"">mesa de comedor con flores blancas que contrasten</strong>, en una <strong data-start=""677"" data-end=""758"">sala moderna sobre la mesa de centro acompañado de velas y libros decorativos</strong>, o en un <strong data-start=""768"" data-end=""813"">recibidor junto a un espejo y ramas secas</strong> para una bienvenida fresca y elegante. También luce perfecto como detalle en un <strong data-start=""894"" data-end=""937"">dormitorio minimalista sobre una cómoda</strong>, añadiendo serenidad y estilo.</p>\n<p class=""cvGsUA direction-ltr align-start para-style-body""><span class=""OYPEnA font-feature-liga-off font-feature-clig-off font-feature-calt-off text-decoration-none text-strikethrough-none""><strong>Dimensiones:</strong> 13cm x 24cm</span></p>\nReferencia: 1493",,,taxable,,1,,,0,0,,,,,0,,,199900,"Jarrones, Jarrones > Jarrones Hogar",,,https://anbarhome.com/wp-content/uploads/2025/07/1493-Photoroom.jpg,,,,,,,,,0,,2025-07-02,default,,yes,,,,,,0,,nickx_video_url_youtube,no,10000000000000,,,,,,,,,,,,,,,,,,,,,
3892,simple,1606,,"Jarrón grande en resina color cemento envejecido",1,0,visible,,"<p data-start=""183"" data-end=""637"">Una pieza decorativa que combina la <strong data-start=""219"" data-end=""248"">fuerza del diseño clásico</strong> con un acabado moderno y versátil. Nuestra <strong data-start=""292"" data-end=""337"">ánfora en resina color cemento envejecido</strong> evoca la textura de la piedra natural y el encanto del paso del tiempo, convirtiéndose en un accesorio único que aporta carácter y sofisticación a tu hogar. Su acabado neutro en cemento envejecido hace que se integre con facilidad en ambientes minimalistas, industriales, rústicos o mediterráneos.</p>\n<p data-start=""639"" data-end=""1032"">Imagina esta ánfora en una <strong data-start=""666"" data-end=""719"">terraza techada con plantas verdes de gran tamaño</strong>, en el <strong data-start=""727"" data-end=""794"">recibidor como pieza protagonista acompañada de velas y espejos</strong>, o en un <strong data-start=""804"" data-end=""860"">comedor decorada con ramas secas y flores silvestres</strong> para un aire natural y elegante. También puede destacar en una <strong data-start=""924"" data-end=""940"">sala moderna</strong>, colocada sola como elemento escultórico, aportando equilibrio y personalidad al espacio.</p>\n<p class=""cvGsUA direction-ltr align-start para-style-body""><span class=""OYPEnA font-feature-liga-off font-feature-clig-off font-feature-calt-off text-decoration-none text-strikethrough-none""><strong>Dimensiones:</strong> 49cm x 40cm</span></p>\n<strong>Referencia:</strong> 1606",,,taxable,,1,,,0,0,,,,,0,,,219900,"Jarrones, Jarrones > Jarrones Hogar",,,https://anbarhome.com/wp-content/uploads/2025/07/1605-Photoroom-1.jpg,,,,,,,,,0,,2025-07-02,default,,yes,,,,,,0,,nickx_video_url_youtube,no,10000000000000,,,,,,,,,,,,,,,,,,,,,
3893,simple,1605,,"Ánfora pequeña en resina color cemento envejecido",1,0,visible,,"<p data-start=""183"" data-end=""637"">Una pieza decorativa que combina la <strong data-start=""219"" data-end=""248"">fuerza del diseño clásico</strong> con un acabado moderno y versátil. Nuestra <strong data-start=""292"" data-end=""337"">ánfora en resina color cemento envejecido</strong> evoca la textura de la piedra natural y el encanto del paso del tiempo, convirtiéndose en un accesorio único que aporta carácter y sofisticación a tu hogar. Su acabado neutro en cemento envejecido hace que se integre con facilidad en ambientes minimalistas, industriales, rústicos o mediterráneos.</p>\n<p data-start=""639"" data-end=""1032"">Imagina esta ánfora en una <strong data-start=""666"" data-end=""719"">terraza techada con plantas verdes de gran tamaño</strong>, en el <strong data-start=""727"" data-end=""794"">recibidor como pieza protagonista acompañada de velas y espejos</strong>, o en un <strong data-start=""804"" data-end=""860"">comedor decorada con ramas secas y flores silvestres</strong> para un aire natural y elegante. También puede destacar en una <strong data-start=""924"" data-end=""940"">sala moderna</strong>, colocada sola como elemento escultórico, aportando equilibrio y personalidad al espacio.</p>\n<p class=""cvGsUA direction-ltr align-start para-style-body""><span class=""OYPEnA font-feature-liga-off font-feature-clig-off font-feature-calt-off text-decoration-none text-strikethrough-none""><strong>Dimensiones:</strong> 18cm x 29cm</span></p>\n<strong>Referencia:</strong> 1605",,,taxable,,1,,,0,0,,,,,0,,,189900,"Jarrones, Jarrones > Jarrones Hogar",,,https://anbarhome.com/wp-content/uploads/2025/07/1605-Photoroom.jpg,,,,,,,,,0,,2025-07-02,default,,yes,,,,,,0,,nickx_video_url_youtube,no,10000000000000,,,,,,,,,,,,,,,,,,,,,
3894,simple,1602,,"Jarrón pequeño en resina color ocre envejecido",1,0,visible,,"<p data-start=""176"" data-end=""560"">Un diseño con carácter que evoca la <strong data-start=""212"" data-end=""268"">calidez de lo rústico y la elegancia de lo atemporal</strong>. Nuestro <strong data-start=""278"" data-end=""320"">jarrón en resina color ocre envejecido</strong> destaca por su acabado único que imita el paso del tiempo, aportando historia y personalidad a cualquier rincón del hogar. Su tono cálido y terroso transmite armonía y combina perfectamente con estilos boho, mediterráneo o contemporáneo.</p>\n<p data-start=""562"" data-end=""943"">Imagina este jarrón en el <strong data-start=""588"" data-end=""655"">comedor como centro de mesa con ramas secas o flores silvestres</strong>, en una <strong data-start=""664"" data-end=""714"">terraza techada acompañado de fibras naturales</strong>, o en un <strong data-start=""724"" data-end=""771"">recibidor junto a un espejo vintage y velas</strong> para dar la bienvenida con estilo y calidez. También puede funcionar como pieza protagonista en una <strong data-start=""872"" data-end=""897"">estantería decorativa</strong>, aportando un aire auténtico y sofisticado.</p>\n<p class=""cvGsUA direction-ltr align-start para-style-body""><span class=""OYPEnA font-feature-liga-off font-feature-clig-off font-feature-calt-off text-decoration-none text-strikethrough-none""><strong>Dimensiones:</strong> 28cm x 26cm x 39cm</span></p>\n<strong>Referencia:</strong> 1602",,,taxable,,1,,,0,0,,,,,0,,,590000,"Jarrones, Jarrones > Jarrones Hogar",,,https://anbarhome.com/wp-content/uploads/2025/07/1601-Photoroom-1.jpg,,,,,,,,,0,,2025-07-02,default,,yes,,,,,,0,,nickx_video_url_youtube,no,10000000000000,,,,,,,,,,,,,,,,,,,,,
3895,simple,1601,,"Jarrón grande en resina color ocre envejecido",1,0,visible,,"<p data-start=""176"" data-end=""560"">Un diseño con carácter que evoca la <strong data-start=""212"" data-end=""268"">calidez de lo rústico y la elegancia de lo atemporal</strong>. Nuestro <strong data-start=""278"" data-end=""320"">jarrón en resina color ocre envejecido</strong> destaca por su acabado único que imita el paso del tiempo, aportando historia y personalidad a cualquier rincón del hogar. Su tono cálido y terroso transmite armonía y combina perfectamente con estilos boho, mediterráneo o contemporáneo.</p>\n<p data-start=""562"" data-end=""943"">Imagina este jarrón en el <strong data-start=""588"" data-end=""655"">comedor como centro de mesa con ramas secas o flores silvestres</strong>, en una <strong data-start=""664"" data-end=""714"">terraza techada acompañado de fibras naturales</strong>, o en un <strong data-start=""724"" data-end=""771"">recibidor junto a un espejo vintage y velas</strong> para dar la bienvenida con estilo y calidez. También puede funcionar como pieza protagonista en una <strong data-start=""872"" data-end=""897"">estantería decorativa</strong>, aportando un aire auténtico y sofisticado.</p>\n<p class=""cvGsUA direction-ltr align-start para-style-body""><span class=""OYPEnA font-feature-liga-off font-feature-clig-off font-feature-calt-off text-decoration-none text-strikethrough-none""><strong>Dimensiones:</strong> 31cm x 30cm x 50cm</span></p>\n<strong>Referencia:</strong> 1601",,,taxable,,1,,,0,0,,,,,0,,,790000,"Jarrones, Jarrones > Jarrones Hogar",,,https://anbarhome.com/wp-content/uploads/2025/07/1601-Photoroom.jpg,,,,,,,,,0,,2025-07-02,default,,yes,,,,,,0,,nickx_video_url_youtube,no,10000000000000,,,,,,,,,,,,,,,,,,,,,
3896,simple,1604,,"Jarrón pequeño en resina color negro",1,0,visible,,"<p data-start=""181"" data-end=""558"">Sobrio, elegante y lleno de carácter. Nuestro <strong data-start=""227"" data-end=""259"">jarrón en resina color negro</strong> es una pieza decorativa atemporal que aporta <strong data-start=""305"" data-end=""336"">sofisticación y profundidad</strong> a cualquier espacio del hogar. Su acabado en negro intenso lo convierte en un objeto versátil que puede destacar como protagonista o integrarse de manera sutil en ambientes modernos, minimalistas o de estilo industrial.</p>\n<p data-start=""560"" data-end=""943"">Imagina este jarrón en la <strong data-start=""586"" data-end=""657"">mesa de centro de la sala con flores de tallo largo en tonos claros</strong> para lograr un contraste impactante, o en una <strong data-start=""704"" data-end=""769"">consola de recibidor acompañado de velas y libros decorativos</strong> creando una entrada imponente y con estilo. También luce perfecto como pieza independiente en una <strong data-start=""868"" data-end=""893"">estantería o aparador</strong>, aportando un aire escultórico y contemporáneo.</p>\n<p class=""cvGsUA direction-ltr align-start para-style-body""><span class=""OYPEnA font-feature-liga-off font-feature-clig-off font-feature-calt-off text-decoration-none text-strikethrough-none""><strong>Dimensiones:</strong> 28cm x 26cm x 39cm</span></p>\n<strong>Referencia:</strong> 1604",,,taxable,,1,,,0,0,,,,,0,,,590000,"Jarrones, Jarrones > Jarrones Hogar",,,https://anbarhome.com/wp-content/uploads/2025/07/1600-Photoroom-1.jpg,,,,,,,,,0,,2025-07-02,default,,yes,,,,,,0,,nickx_video_url_youtube,no,10000000000000,,,,,,,,,,,,,,,,,,,,,
3897,simple,1600,,"Jarrón grande en resina color negro",1,0,visible,,"<p data-start=""181"" data-end=""558"">Sobrio, elegante y lleno de carácter. Nuestro <strong data-start=""227"" data-end=""259"">jarrón en resina color negro</strong> es una pieza decorativa atemporal que aporta <strong data-start=""305"" data-end=""336"">sofisticación y profundidad</strong> a cualquier espacio del hogar. Su acabado en negro intenso lo convierte en un objeto versátil que puede destacar como protagonista o integrarse de manera sutil en ambientes modernos, minimalistas o de estilo industrial.</p>\n<p data-start=""560"" data-end=""943"">Imagina este jarrón en la <strong data-start=""586"" data-end=""657"">mesa de centro de la sala con flores de tallo largo en tonos claros</strong> para lograr un contraste impactante, o en una <strong data-start=""704"" data-end=""769"">consola de recibidor acompañado de velas y libros decorativos</strong> creando una entrada imponente y con estilo. También luce perfecto como pieza independiente en una <strong data-start=""868"" data-end=""893"">estantería o aparador</strong>, aportando un aire escultórico y contemporáneo.</p>\n<p class=""cvGsUA direction-ltr align-start para-style-body""><span class=""OYPEnA font-feature-liga-off font-feature-clig-off font-feature-calt-off text-decoration-none text-strikethrough-none""><strong>Dimensiones:</strong> 31cm x 30cm x 50cm</span></p>\n<strong>Referencia:</strong> 1600",,,taxable,,1,,,0,0,,,,,0,,,790000,"Jarrones, Jarrones > Jarrones Hogar",,,https://anbarhome.com/wp-content/uploads/2025/07/1600-Photoroom.jpg,,,,,,,,,0,,2025-07-02,default,,yes,,,,,,0,,nickx_video_url_youtube,no,10000000000000,,,,,,,,,,,,,,,,,,,,,
3898,simple,1599,,"Jarrón grande nude en resina tallada",1,0,visible,,"<p data-start=""183"" data-end=""504"">Un diseño que combina <strong data-start=""205"" data-end=""242"">delicadeza y estilo contemporáneo</strong>. Nuestro <strong data-start=""252"" data-end=""285"">jarrón nude en resina tallada</strong> destaca por su color suave y versátil, capaz de integrarse en cualquier decoración con naturalidad. Los tallados aportan textura y un aire artesanal que hacen de esta pieza un accesorio único y lleno de personalidad.</p>\n<p data-start=""506"" data-end=""887"">Imagina este jarrón en una <strong data-start=""533"" data-end=""585"">mesa de centro con flores blancas o pampas secas</strong>, creando un ambiente cálido y elegante; o sobre una <strong data-start=""638"" data-end=""665"">cómoda en el dormitorio</strong>, acompañado de velas y accesorios decorativos en tonos neutros, para un rincón acogedor y sofisticado. También puede ser la pieza perfecta en un <strong data-start=""811"" data-end=""836"">recibidor minimalista</strong>, aportando un toque moderno sin perder sutileza.</p>\n<p class=""cvGsUA direction-ltr align-start para-style-body""><span class=""OYPEnA font-feature-liga-off font-feature-clig-off font-feature-calt-off text-decoration-none text-strikethrough-none""><strong>Dimensiones:</strong> 18cm x15cm x 38.5cm</span></p>\n<strong>Referencia:</strong> 1599",,,taxable,,1,,,0,0,,,,,0,,,239900,"Jarrones, Jarrones > Jarrones Hogar",,,https://anbarhome.com/wp-content/uploads/2025/07/1592-Photoroom-1-1.jpg,,,,,,,,,0,,2025-07-02,default,,yes,,,,,,0,,nickx_video_url_youtube,no,10000000000000,,,,,,,,,,,,,,,,,,,,,
3899,simple,1592,,"Jarrón pequeño nude en resina tallada",1,0,visible,,"<p data-start=""183"" data-end=""504"">Un diseño que combina <strong data-start=""205"" data-end=""242"">delicadeza y estilo contemporáneo</strong>. Nuestro <strong data-start=""252"" data-end=""285"">jarrón nude en resina tallada</strong> destaca por su color suave y versátil, capaz de integrarse en cualquier decoración con naturalidad. Los tallados aportan textura y un aire artesanal que hacen de esta pieza un accesorio único y lleno de personalidad.</p>\n<p data-start=""506"" data-end=""887"">Imagina este jarrón en una <strong data-start=""533"" data-end=""585"">mesa de centro con flores blancas o pampas secas</strong>, creando un ambiente cálido y elegante; o sobre una <strong data-start=""638"" data-end=""665"">cómoda en el dormitorio</strong>, acompañado de velas y accesorios decorativos en tonos neutros, para un rincón acogedor y sofisticado. También puede ser la pieza perfecta en un <strong data-start=""811"" data-end=""836"">recibidor minimalista</strong>, aportando un toque moderno sin perder sutileza.</p>\n<p class=""cvGsUA direction-ltr align-start para-style-body""><span class=""OYPEnA font-feature-liga-off font-feature-clig-off font-feature-calt-off text-decoration-none text-strikethrough-none""><strong>Dimensiones:</strong> 17cm x 15cm x 20.5cm</span></p>\n<strong>Referencia:</strong> 1592",,,taxable,,1,,,0,0,,,,,0,,,159900,"Jarrones, Jarrones > Jarrones Hogar",,,https://anbarhome.com/wp-content/uploads/2025/07/1592-Photoroom-1.jpg,,,,,,,,,0,,2025-07-02,default,,yes,,,,,,0,,nickx_video_url_youtube,no,10000000000000,,,,,,,,,,,,,,,,,,,,,
3900,simple,1603,,"Jarrón grande en resina color blanco y negro textura porosa",1,0,visible,,"<p data-start=""159"" data-end=""546"">Un contraste elegante que nunca pasa desapercibido. Nuestro <strong data-start=""219"" data-end=""276"">jarrón en resina en blanco y negro con textura porosa</strong> es una pieza decorativa única que combina el minimalismo del blanco con la fuerza del negro, creando un equilibrio visual lleno de estilo. Su acabado rugoso aporta carácter artesanal y lo convierte en un accesorio perfecto para destacar en cualquier rincón del hogar.</p>\n<p data-start=""548"" data-end=""936"">Imagina este jarrón colocado en la <strong data-start=""583"" data-end=""648"">mesa de comedor como centro de mesa con flores de tallo largo</strong>, en una <strong data-start=""657"" data-end=""717"">sala moderna sobre la mesa de centro acompañado de velas</strong>, o en un <strong data-start=""727"" data-end=""770"">recibidor minimalista junto a un espejo</strong>, aportando un aire contemporáneo y sofisticado. También puede ser la pieza protagonista en una <strong data-start=""866"" data-end=""891"">estantería decorativa</strong>, gracias a su diseño versátil y atemporal.</p>\n<p class=""cvGsUA direction-ltr align-start para-style-body""><span class=""OYPEnA font-feature-liga-off font-feature-clig-off font-feature-calt-off text-decoration-none text-strikethrough-none""><strong>Dimensiones:</strong> 21cm x 21cm x 29.5cm</span></p>\n<strong>Referencia:</strong> 1603",,,taxable,,1,,,0,0,,,,,0,,,325900,"Jarrones, Jarrones > Jarrones Hogar",,,https://anbarhome.com/wp-content/uploads/2025/07/1593-Photoroom-1.jpg,,,,,,,,,0,,2025-07-02,default,,yes,,,,,,0,,nickx_video_url_youtube,no,10000000000000,,,,,,,,,,,,,,,,,,,,,
3901,simple,1593,,"Jarrón pequeño en resina color blanco y negro textura porosa",1,0,visible,,"<p data-start=""159"" data-end=""546"">Un contraste elegante que nunca pasa desapercibido. Nuestro <strong data-start=""219"" data-end=""276"">jarrón en resina en blanco y negro con textura porosa</strong> es una pieza decorativa única que combina el minimalismo del blanco con la fuerza del negro, creando un equilibrio visual lleno de estilo. Su acabado rugoso aporta carácter artesanal y lo convierte en un accesorio perfecto para destacar en cualquier rincón del hogar.</p>\n<p data-start=""548"" data-end=""936"">Imagina este jarrón colocado en la <strong data-start=""583"" data-end=""648"">mesa de comedor como centro de mesa con flores de tallo largo</strong>, en una <strong data-start=""657"" data-end=""717"">sala moderna sobre la mesa de centro acompañado de velas</strong>, o en un <strong data-start=""727"" data-end=""770"">recibidor minimalista junto a un espejo</strong>, aportando un aire contemporáneo y sofisticado. También puede ser la pieza protagonista en una <strong data-start=""866"" data-end=""891"">estantería decorativa</strong>, gracias a su diseño versátil y atemporal.</p>\n<p class=""cvGsUA direction-ltr align-start para-style-body""><span class=""OYPEnA font-feature-liga-off font-feature-clig-off font-feature-calt-off text-decoration-none text-strikethrough-none""><strong>Dimensiones:</strong> 15cm x 15cm x 31cm</span></p>\n<strong>Referencia:</strong> 1593",,,taxable,,1,,,0,0,,,,,0,,,269900,"Jarrones, Jarrones > Jarrones Hogar",,,https://anbarhome.com/wp-content/uploads/2025/07/1593-Photoroom.jpg,,,,,,,,,0,,2025-07-02,default,,yes,,,,,,0,,nickx_video_url_youtube,no,10000000000000,,,,,,,,,,,,,,,,,,,,,
3902,simple,1594,,"Jarrón en resina color blanco textura porosa",1,0,visible,,"<p data-start=""151"" data-end=""496"">Un accesorio decorativo que combina <strong data-start=""187"" data-end=""233"">elegancia minimalista y carácter artesanal</strong>. Nuestro <strong data-start=""243"" data-end=""295"">jarrón en resina color blanco con textura porosa</strong> aporta frescura, luminosidad y un toque sofisticado a cualquier espacio del hogar. Su acabado rugoso le otorga personalidad y convierte a esta pieza en un detalle único que nunca pasa desapercibido.</p>\n<p data-start=""498"" data-end=""892"">Imagina este jarrón en la <strong data-start=""524"" data-end=""572"">mesa de centro de tu sala con flores frescas</strong> que contrasten con su blanco puro, o en una <strong data-start=""617"" data-end=""675"">consola de recibidor acompañado de ramas secas y velas</strong> para dar una bienvenida cálida y moderna. También luce perfecto en un <strong data-start=""746"" data-end=""789"">dormitorio minimalista sobre una cómoda</strong>, aportando serenidad, o en el <strong data-start=""820"" data-end=""851"">comedor como centro de mesa</strong>, sumando textura y estilo al ambiente.</p>\n<p class=""cvGsUA direction-ltr align-start para-style-body""><span class=""OYPEnA font-feature-liga-off font-feature-clig-off font-feature-calt-off text-decoration-none text-strikethrough-none""><strong>Dimensiones:</strong> 24.5cm x 24cm x 33cm</span></p>\n<strong>Referencia:</strong> 1594",,,taxable,,1,,,0,0,,,,,0,,,329900,"Jarrones, Jarrones > Jarrones Hogar",,,https://anbarhome.com/wp-content/uploads/2025/07/1594-Photoroom.jpg,,,,,,,,,0,,2025-07-02,default,,yes,,,,,,0,,nickx_video_url_youtube,no,10000000000000,,,,,,,,,,,,,,,,,,,,,
3903,simple,1591,,"Jarrón negro pequeño en resina tallada",1,0,visible,,"<p data-start=""137"" data-end=""519"">Un diseño imponente y sofisticado que se convierte en el centro de todas las miradas. Nuestro <strong data-start=""231"" data-end=""265"">jarrón negro en resina tallada</strong> combina la fuerza del color con el detalle artesanal de sus tallados, logrando una pieza decorativa elegante y con personalidad propia. Su acabado profundo y texturizado lo hace perfecto para quienes buscan añadir <strong data-start=""480"" data-end=""505"">carácter y distinción</strong> a su hogar.</p>\n<p data-start=""521"" data-end=""861"">Imagina este jarrón en una <strong data-start=""548"" data-end=""608"">mesa de centro con flores de tallo largo en tonos claros</strong> creando un contraste impactante, o en un <strong data-start=""650"" data-end=""707"">recibidor minimalista acompañado de un espejo y velas</strong> para una bienvenida con estilo. También luce increíble como pieza independiente sobre una <strong data-start=""798"" data-end=""822"">consola o estantería</strong>, gracias a su presencia escultórica.</p>\n<p class=""cvGsUA direction-ltr align-start para-style-body""><span class=""OYPEnA font-feature-liga-off font-feature-clig-off font-feature-calt-off text-decoration-none text-strikethrough-none""><strong>Dimensiones:</strong> 21cm x 21cm x 19cm</span></p>\n<strong>Referencia:</strong> 1591",,,taxable,,1,,,0,0,,,,,0,,,179900,"Jarrones, Jarrones > Jarrones Hogar",,,https://anbarhome.com/wp-content/uploads/2025/07/1590-Photoroom-1.jpg,,,,,,,,,0,,2025-07-02,default,,yes,,,,,,0,,nickx_video_url_youtube,no,10000000000000,,,,,,,,,,,,,,,,,,,,,
3904,simple,1590,,"Jarrón negro grande en resina tallada",1,0,visible,,"<p data-start=""137"" data-end=""519"">Un diseño imponente y sofisticado que se convierte en el centro de todas las miradas. Nuestro <strong data-start=""231"" data-end=""265"">jarrón negro en resina tallada</strong> combina la fuerza del color con el detalle artesanal de sus tallados, logrando una pieza decorativa elegante y con personalidad propia. Su acabado profundo y texturizado lo hace perfecto para quienes buscan añadir <strong data-start=""480"" data-end=""505"">carácter y distinción</strong> a su hogar.</p>\n<p data-start=""521"" data-end=""861"">Imagina este jarrón en una <strong data-start=""548"" data-end=""608"">mesa de centro con flores de tallo largo en tonos claros</strong> creando un contraste impactante, o en un <strong data-start=""650"" data-end=""707"">recibidor minimalista acompañado de un espejo y velas</strong> para una bienvenida con estilo. También luce increíble como pieza independiente sobre una <strong data-start=""798"" data-end=""822"">consola o estantería</strong>, gracias a su presencia escultórica.</p>\n<p class=""cvGsUA direction-ltr align-start para-style-body""><span class=""OYPEnA font-feature-liga-off font-feature-clig-off font-feature-calt-off text-decoration-none text-strikethrough-none""><strong>Dimensiones:</strong> 29cm x 11.5cm x 31cm</span></p>\n<strong>Referencia:</strong> 1590",,,taxable,,1,,,0,0,,,,,0,,,229900,"Jarrones, Jarrones > Jarrones Hogar",,,https://anbarhome.com/wp-content/uploads/2025/07/1590-Photoroom.jpg,,,,,,,,,0,,2025-07-02,default,,yes,,,,,,0,,nickx_video_url_youtube,no,10000000000000,,,,,,,,,,,,,,,,,,,,,
3905,simple,1589,,"Jarrón en resina color taupe textura porosa",1,0,visible,,"<p data-start=""155"" data-end=""504"">Dale a tu hogar un aire <strong data-start=""179"" data-end=""210"">sofisticado y contemporáneo</strong> con nuestro <strong data-start=""223"" data-end=""274"">jarrón en resina color taupe con textura porosa</strong>. Su tono neutro y elegante lo convierte en una pieza versátil que se adapta fácilmente a diferentes estilos, desde lo moderno hasta lo nórdico o lo boho. La textura rugosa añade carácter y un efecto artesanal que lo hace único.</p>\n<p data-start=""506"" data-end=""865"">Imagina este jarrón colocado en la <strong data-start=""541"" data-end=""601"">mesa de comedor como centro de mesa con flores naturales</strong>, en una <strong data-start=""610"" data-end=""649"">estantería decorado con ramas secas</strong> o sobre una <strong data-start=""662"" data-end=""709"">consola en el recibidor acompañado de velas</strong>. Gracias a su diseño atemporal, puede destacar como protagonista o integrarse de manera sutil en la decoración de tu sala, dormitorio o terraza cubierta.</p>\n<p class=""cvGsUA direction-ltr align-start para-style-body""><span class=""OYPEnA font-feature-liga-off font-feature-clig-off font-feature-calt-off text-decoration-none text-strikethrough-none""><strong>Dimensiones:</strong> 31.5cm x 31.5cm x 30cm</span></p>\n<strong>Referencia:</strong> 1589",,,taxable,,1,,,0,0,,,,,0,,,690000,"Jarrones, Jarrones > Jarrones Hogar",,,https://anbarhome.com/wp-content/uploads/2025/07/1589-Photoroom.jpg,,,,,,,,,0,,2025-07-02,default,,yes,,,,,,0,,nickx_video_url_youtube,no,10000000000000,,,,,,,,,,,,,,,,,,,,,
3906,simple,1588,,"Jarrón en resina color blanco textura porosa",1,0,visible,,"<p data-start=""187"" data-end=""481"">Transforma tus espacios con el encanto sutil de nuestro <strong data-start=""243"" data-end=""295"">jarrón en resina color blanco con textura porosa</strong>. Su diseño minimalista y elegante aporta luz, frescura y modernidad, mientras que su acabado rugoso le da un carácter artesanal único que convierte cada ambiente en un lugar especial.</p>\n<p data-start=""483"" data-end=""832"">Imagina este jarrón colocado en la <strong data-start=""518"" data-end=""566"">mesa de centro de tu sala con flores frescas</strong>, aportando un aire natural y sofisticado; o en una <strong data-start=""618"" data-end=""658"">consola de recibidor con ramas secas</strong>, creando una bienvenida acogedora y elegante. También es perfecto para tu <strong data-start=""733"" data-end=""757"">dormitorio o comedor</strong>, ya sea como pieza central o combinado con otros accesorios decorativos.</p>\n<p class=""cvGsUA direction-ltr align-start para-style-body""><span class=""OYPEnA font-feature-liga-off font-feature-clig-off font-feature-calt-off text-decoration-none text-strikethrough-none""><strong>Dimensiones:</strong> 27cm x 27cm</span> <span class=""OYPEnA font-feature-liga-off font-feature-clig-off font-feature-calt-off text-decoration-none text-strikethrough-none"">x 40.5cm</span></p>\n<strong>Referencia:</strong> 1588",,,taxable,,1,,,0,0,,,,,0,,,589900,"Jarrones, Jarrones > Jarrones Hogar",,,https://anbarhome.com/wp-content/uploads/2025/07/1588-Photoroom.jpg,,,,,,,,,0,,2025-07-02,default,,yes,,,,,,0,,nickx_video_url_youtube,no,10000000000000,,,,,,,,,,,,,,,,,,,,,
3907,simple,1586,,"Jarrón pequeño tonos tierra en resina",1,0,visible,,"<p data-start=""190"" data-end=""499"">Este jarrón en resina con acabado en <strong data-start=""227"" data-end=""243"">tonos tierra</strong> es mucho más que un accesorio: es una pieza decorativa que aporta <strong data-start=""310"" data-end=""364"">equilibrio, elegancia y conexión con la naturaleza</strong>. Su diseño versátil y atemporal lo convierte en un imprescindible para quienes buscan crear ambientes acogedores y con personalidad.</p>\n<p data-start=""501"" data-end=""817"">Imagina colocarlo en tu <strong data-start=""525"" data-end=""575"">comedor como centro de mesa con flores frescas</strong>, en la <strong data-start=""583"" data-end=""626"">sala acompañado de pampas o ramas secas</strong>, o en tu <strong data-start=""636"" data-end=""692"">recibidor como pieza escultural que da la bienvenida</strong>. Gracias a sus tonos cálidos y su estilo refinado, combina a la perfección con decoraciones modernas, bohemias o rústicas.</p>\n<p class=""cvGsUA direction-ltr align-start para-style-body""><span class=""OYPEnA font-feature-liga-off font-feature-clig-off font-feature-calt-off text-decoration-none text-strikethrough-none""><strong>Dimensiones:</strong> 21.5cm x 21.5cm x 20cm</span></p>\n<strong>Referencia:</strong> 1586",,,taxable,,1,,,0,0,,,,,0,,,299900,"Jarrones, Jarrones > Jarrones Hogar",,,https://anbarhome.com/wp-content/uploads/2025/07/1585-Photoroom-1.jpg,,,,,,,,,0,,2025-07-02,default,,yes,,,,,,0,,nickx_video_url_youtube,no,10000000000000,,,,,,,,,,,,,,,,,,,,,
3908,simple,1585,,"Jarrón grande tonos tierra en resina",1,0,visible,,"<p data-start=""146"" data-end=""439"">Inspírate en la calma de la naturaleza con nuestro <strong data-start=""197"" data-end=""233"">jarrón en resina en tonos tierra</strong>, una pieza decorativa que aporta calidez y equilibrio a cualquier espacio. Su diseño sobrio y elegante, en acabados que evocan la tierra y la piedra, lo convierten en un complemento versátil y atemporal.</p>\n<p data-start=""441"" data-end=""680"">Imagina este jarrón realzando la <strong data-start=""474"" data-end=""529"">mesa de comedor con ramas secas o flores silvestres</strong>, o siendo el punto focal en una <strong data-start=""562"" data-end=""590"">repisa o mueble auxiliar</strong>, aportando ese toque natural que transforma tu hogar en un ambiente acogedor y moderno.</p>\n<p class=""cvGsUA direction-ltr align-start para-style-body""><span class=""OYPEnA font-feature-liga-off font-feature-clig-off font-feature-calt-off text-decoration-none text-strikethrough-none""><strong>Dimensiones:</strong> 27cm x 26cm x 25CM</span></p>\n<strong>Referencia:</strong> 1585",,,taxable,,1,,,0,0,,,,,0,,,339900,"Jarrones, Jarrones > Jarrones Hogar",,,https://anbarhome.com/wp-content/uploads/2025/07/1585-Photoroom.jpg,,,,,,,,,0,,2025-07-02,default,,yes,,,,,,0,,nickx_video_url_youtube,no,10000000000000,,,,,,,,,,,,,,,,,,,,,
3910,simple,1583,,"Jarrón tonos tierra en resina",1,0,visible,,"<p data-start=""88"" data-end=""332"">Un accesorio decorativo que transmite <strong data-start=""168"" data-end=""196"">armonía y estilo natural</strong>. Sus tonos tierra evocan la calidez de lo orgánico, convirtiéndolo en la pieza ideal para dar carácter y personalidad a tus espacios.</p>\n<p data-start=""334"" data-end=""578"">Úsalo en la <strong data-start=""346"" data-end=""385"">mesa de centro acompañado de pampas</strong>, en tu <strong data-start=""393"" data-end=""445"">recibidor con ramas verdes que den la bienvenida</strong>, o como <strong data-start=""454"" data-end=""493"">detalle independiente en una repisa</strong>. Un jarrón versátil que aporta belleza y equilibrio en cualquier rincón del hogar.</p>\n<p class=""cvGsUA direction-ltr align-start para-style-body""><span class=""OYPEnA font-feature-liga-off font-feature-clig-off font-feature-calt-off text-decoration-none text-strikethrough-none""><strong>Dimensiones:</strong> 22cm x 22cm x 50cm</span></p>\n<strong>Referencia:</strong> 1583",,,taxable,,1,,,0,0,,,,,0,,,449900,"Jarrones, Jarrones > Jarrones Hogar",,,https://anbarhome.com/wp-content/uploads/2025/07/1583-Photoroom.jpg,,,,,,,,,0,,2025-07-02,default,,yes,,,,,,0,,nickx_video_url_youtube,no,10000000000000,,,,,,,,,,,,,,,,,,,,,
3911,simple,1141,,"Jarrón tonos tierra en resina",1,0,visible,,"<p data-start=""131"" data-end=""395"">Decora con estilo y calidez gracias a este jarrón en resina de <strong data-start=""234"" data-end=""261"">acabado en tonos tierra</strong>, una pieza versátil que se adapta a cualquier estilo de hogar. Su diseño elegante aporta un aire natural y acogedor a tus espacios.</p>\n<p data-start=""397"" data-end=""645"">Perfecto para <strong data-start=""411"" data-end=""453"">realzar tu comedor como centro de mesa</strong>, dar vida a la <strong data-start=""469"" data-end=""503"">sala con flores secas o pampas</strong>, o destacar en tu <strong data-start=""522"" data-end=""565"">recibidor como detalle decorativo único</strong>. Un accesorio imprescindible para quienes buscan decoración con personalidad.</p>\n<p class=""cvGsUA direction-ltr align-start para-style-body""><span class=""OYPEnA font-feature-liga-off font-feature-clig-off font-feature-calt-off text-decoration-none text-strikethrough-none""><strong>Dimensiones</strong>: 24 cm altura</span></p>\n<strong>Referencia:</strong> 1141",,,taxable,,1,,,0,0,,,,,0,,,169900,"Jarrones, Jarrones > Jarrones Hogar",,,https://anbarhome.com/wp-content/uploads/2025/07/1141-Photoroom.jpg,,,,,,,,,0,,2025-07-02,default,,yes,,,,,,0,,nickx_video_url_youtube,no,10000000000000,,,,,,,,,,,,,,,,,,,,,
3912,simple,1144,,"Jarrón tonos tierra en resina",1,0,visible,,"<p data-start=""91"" data-end=""332"">Un accesorio que refleja <strong data-start=""158"" data-end=""193"">equilibrio, naturaleza y estilo</strong>. Sus tonos tierra evocan calma y conexión con lo orgánico, convirtiéndolo en la pieza perfecta para añadir calidez a cualquier ambiente.</p>\n<p data-start=""334"" data-end=""609"">Úsalo en la <strong data-start=""346"" data-end=""386"">mesa de centro con flores silvestres</strong>, en el <strong data-start=""394"" data-end=""447"">recibidor para dar la bienvenida con ramas verdes</strong>, o incluso en una <strong data-start=""466"" data-end=""518"">estantería como detalle decorativo independiente</strong>. Un jarrón que no solo adorna, sino que transforma tu hogar en un espacio lleno de vida.</p>\n<p class=""cvGsUA direction-ltr align-start para-style-body""><span class=""OYPEnA font-feature-liga-off font-feature-clig-off font-feature-calt-off text-decoration-none text-strikethrough-none""><strong>Dimensiones:</strong> 32 cm altura</span></p>\n<strong>Referencia:</strong> 1144",,,taxable,,1,,,0,0,,,,,0,,,249900,"Jarrones, Jarrones > Jarrones Hogar",,,https://anbarhome.com/wp-content/uploads/2025/07/1144-Photoroom.jpg,,,,,,,,,0,,2025-07-02,default,,yes,,,,,,0,,nickx_video_url_youtube,no,10000000000000,,,,,,,,,,,,,,,,,,,,,
3913,simple,1143,,"Jarrón tonos tierra en resina",1,0,visible,,"<p data-start=""128"" data-end=""476"">Lleva la <strong data-start=""179"" data-end=""207"">calidez de la naturaleza</strong> a tu hogar con este jarrón en resina de tonos tierra, diseñado para aportar armonía, estilo y un aire acogedor a tus espacios. Su acabado artesanal lo convierte en una pieza versátil y atemporal que combina a la perfección con decoraciones modernas, boho o rústicas.</p>\n<p data-start=""478"" data-end=""746"">Imagina colocarlo en tu <strong data-start=""502"" data-end=""535"">sala con ramas secas o pampas</strong>, en tu <strong data-start=""543"" data-end=""593"">comedor como centro de mesa con flores frescas</strong> o en una <strong data-start=""603"" data-end=""655"">terraza cubierta para acentuar un rincón natural</strong>. Siempre será el detalle que conecta tu hogar con la esencia de lo orgánico y auténtico.</p>\n<p class=""cvGsUA direction-ltr align-start para-style-body""><span class=""OYPEnA font-feature-liga-off font-feature-clig-off font-feature-calt-off text-decoration-none text-strikethrough-none""><strong>Dimensiones</strong>: 23 cm altura</span></p>\n<strong>Referencia:</strong> 1143",,,taxable,,1,,,0,0,,,,,0,,,189900,"Jarrones, Jarrones > Jarrones Hogar",,,https://anbarhome.com/wp-content/uploads/2025/07/1143-Photoroom.jpg,,,,,,,,,0,,2025-07-02,default,,yes,,,,,,0,,nickx_video_url_youtube,no,10000000000000,,,,,,,,,,,,,,,,,,,,,
3914,simple,1142,,"Jarrón tonos tierra en resina",1,0,visible,,"<p data-start=""146"" data-end=""439"">Inspírate en la calma de la naturaleza con nuestro <strong data-start=""197"" data-end=""233"">jarrón en resina en tonos tierra</strong>, una pieza decorativa que aporta calidez y equilibrio a cualquier espacio. Su diseño sobrio y elegante, en acabados que evocan la tierra y la piedra, lo convierten en un complemento versátil y atemporal.</p>\n<p data-start=""441"" data-end=""680"">Imagina este jarrón realzando la <strong data-start=""474"" data-end=""529"">mesa de comedor con ramas secas o flores silvestres</strong>, o siendo el punto focal en una <strong data-start=""562"" data-end=""590"">repisa o mueble auxiliar</strong>, aportando ese toque natural que transforma tu hogar en un ambiente acogedor y moderno.</p>\n<p class=""cvGsUA direction-ltr align-start para-style-body""><span class=""OYPEnA font-feature-liga-off font-feature-clig-off font-feature-calt-off text-decoration-none text-strikethrough-none""><strong>Dimensiones:</strong> 34 cm altura</span></p>\n<strong>Referencia:</strong> 1142",,,taxable,,1,,,0,0,,,,,0,,,219900,"Jarrones, Jarrones > Jarrones Hogar",,,https://anbarhome.com/wp-content/uploads/2025/07/1142-Photoroom-1.jpg,,,,,,,,,0,,2025-07-02,default,,yes,,,,,,0,,nickx_video_url_youtube,no,10000000000000,,,,,,,,,,,,,,,,,,,,,
3915,simple,1146,,"Jarrón en resina color blanco textura porosa",1,0,visible,,"<p data-start=""116"" data-end=""374"">Dale un aire sofisticado a tu hogar con este jarrón en resina, diseñado con delicados detalles filigrana y un acabado en blanco atemporal. Una pieza versátil que combina con cualquier estilo de decoración.</p>\n<p data-start=""376"" data-end=""582"">Colócalo en tu <strong data-start=""391"" data-end=""430"">mesa de comedor como centro de mesa</strong>, en la <strong data-start=""438"" data-end=""470"">sala con flores de temporada</strong> o en tu <strong data-start=""479"" data-end=""528"">recibidor como pieza decorativa independiente</strong>. Un detalle que eleva la elegancia de cada espacio.</p>\n<p class=""cvGsUA direction-ltr align-start para-style-body""><span class=""OYPEnA font-feature-liga-off font-feature-clig-off font-feature-calt-off text-decoration-none text-strikethrough-none""><strong>Dimensiones:</strong> 37 cm</span></p>\n<strong>Referencia:</strong> 1146",,,taxable,,1,,,0,0,,,,,0,,,399900,"Jarrones, Jarrones > Jarrones Hogar",,,https://anbarhome.com/wp-content/uploads/2025/07/1146-Photoroom.jpg,,,,,,,,,0,,2025-07-02,default,,yes,,,,,,0,,nickx_video_url_youtube,no,10000000000000,,,,,,,,,,,,,,,,,,,,,
3920,simple,1132,,"Jarrón en resina estilo filigrana color blanco",1,0,visible,,"<p data-start=""104"" data-end=""450"">Este <strong data-start=""258"" data-end=""295"">jarrón en resina estilo filigrana </strong>es un accesorio versátil que combina diseño y estilo. Este jarrón en resina se luce tanto con flores naturales como artificiales, o simplemente como objeto decorativo.</p>\n<p data-start=""104"" data-end=""450"">Úsalo en la <strong data-start=""1149"" data-end=""1189"">mesa del comedor como centro de mesa</strong> o en tu <strong data-start=""1198"" data-end=""1239"">oficina para dar un toque sofisticado</strong>.</p>\n<p class=""cvGsUA direction-ltr align-start para-style-body""><span class=""OYPEnA font-feature-liga-off font-feature-clig-off font-feature-calt-off text-decoration-none text-strikethrough-none""><strong>Dimensiones:</strong> 25cm x 26cm x 31cm</span></p>\n<strong>Referencia:</strong> 1132",,,taxable,,1,,,0,0,,,,,0,,,499900,"Jarrones, Jarrones > Jarrones Hogar",,,https://anbarhome.com/wp-content/uploads/2025/07/1132-Photoroom.jpg,,,,,,,,,0,,2025-07-02,default,,yes,,,,,,0,,nickx_video_url_youtube,no,10000000000000,,,,,,,,,,,,,,,,,,,,,
3922,simple,1130,,"Jarrón en resina estilo filigrana color blanco",1,0,visible,,"<p data-start=""104"" data-end=""450"">Dale un aire sofisticado y único a tu hogar con nuestro <strong data-start=""160"" data-end=""210"">jarrón en resina estilo filigrana color blanco</strong>, una pieza que combina elegancia artesanal con un diseño contemporáneo. Su acabado en filigrana crea un juego de texturas delicadas que lo convierten en mucho más que un simple jarrón: es una obra decorativa que realza cualquier espacio.</p>\n<p data-start=""452"" data-end=""819"">Imagina este jarrón colocado en la <strong data-start=""487"" data-end=""516"">mesa de centro de tu sala</strong> con flores frescas que aporten color, o en una <strong data-start=""564"" data-end=""588"">consola de recibidor</strong> acompañado de velas y libros decorativos, dando la bienvenida con estilo. También puede ser el toque minimalista y chic en tu <strong data-start=""715"" data-end=""739"">dormitorio o comedor</strong>, gracias a su tono blanco neutro que combina con cualquier paleta de colores.</p>\n<p class=""cvGsUA direction-ltr align-start para-style-body""><span class=""OYPEnA font-feature-liga-off font-feature-clig-off font-feature-calt-off text-decoration-none text-strikethrough-none""><strong>Dimensiones:</strong> 25cm x 18cm x 32cm</span></p>\n<strong>Referencia:</strong> 1130",,,taxable,,1,,,0,0,,,,,0,,,399900,"Jarrones, Jarrones > Jarrones Hogar",,,https://anbarhome.com/wp-content/uploads/2025/07/1130-Photoroom-1.jpg,,,,,,,,,0,,2025-07-02,default,,yes,,,,,,0,,nickx_video_url_youtube,no,10000000000000,,,,,,,,,,,,,,,,,,,,,
3923,simple,11292,,"Jarrón grande de cristal humo con base en madera wengué",1,0,visible,,"<p data-start=""158"" data-end=""404"">Un diseño que combina modernidad y naturaleza en perfecta armonía. Este <strong data-start=""230"" data-end=""264"">jarrón de cristal en tono humo</strong> destaca por su elegancia atemporal, realzada con una <strong data-start=""318"" data-end=""343"">base de madera wengué</strong>, conocida por su color profundo y su carácter sofisticado.</p>\n<p data-start=""406"" data-end=""630"">Ideal para lucir con flores frescas, ramas secas o pampas, pero también perfecto como pieza decorativa independiente, este jarrón se adapta con facilidad a salas, comedores o espacios de estilo contemporáneo y minimalista.</p>\n<p class=""cvGsUA direction-ltr align-start para-style-body""><span class=""OYPEnA font-feature-liga-off font-feature-clig-off font-feature-calt-off text-decoration-none text-strikethrough-none""><strong>Dimensiones:</strong> 19cm x 21.5cm</span></p>\n<strong>Referencia:</strong> 11292",,,taxable,,1,,,0,0,,,,,0,,,189900,"Jarrones, Jarrones > Jarrones Hogar",,,https://anbarhome.com/wp-content/uploads/2025/07/11291-Photoroom-1.jpg,,,,,,,,,0,,2025-07-02,default,,yes,,,,,,0,,nickx_video_url_youtube,no,10000000000000,,,,,,,,,,,,,,,,,,,,,
3924,simple,11291,,"Jarrón pequeño de cristal humo con base en madera wengué",1,0,visible,,"<p data-start=""158"" data-end=""404"">Un diseño que combina modernidad y naturaleza en perfecta armonía. Este <strong data-start=""230"" data-end=""264"">jarrón de cristal en tono humo</strong> destaca por su elegancia atemporal, realzada con una <strong data-start=""318"" data-end=""343"">base de madera wengué</strong>, conocida por su color profundo y su carácter sofisticado.</p>\n<p data-start=""406"" data-end=""630"">Ideal para lucir con flores frescas, ramas secas o pampas, pero también perfecto como pieza decorativa independiente, este jarrón se adapta con facilidad a salas, comedores o espacios de estilo contemporáneo y minimalista.</p>\n<p class=""cvGsUA direction-ltr align-start para-style-body""><span class=""OYPEnA font-feature-liga-off font-feature-clig-off font-feature-calt-off text-decoration-none text-strikethrough-none""><strong>Dimensiones:</strong> 15cm x 13.5cm</span></p>\n<strong>Referencia:</strong> 11291",,,taxable,,1,,,0,0,,,,,0,,,139900,"Jarrones, Jarrones > Jarrones Hogar",,,https://anbarhome.com/wp-content/uploads/2025/07/11291-Photoroom.jpg,,,,,,,,,0,,2025-07-02,default,,yes,,,,,,0,,nickx_video_url_youtube,no,10000000000000,,,,,,,,,,,,,,,,,,,,,
3925,simple,11282,,"Jarrón grande de cristal humo con base en latón ocre",1,0,visible,,"<p data-start=""150"" data-end=""425"">Sofisticación y estilo se unen en este <strong data-start=""189"" data-end=""221"">jarrón de cristal color humo</strong>, realzado con una <strong data-start=""240"" data-end=""262"">base en latón ocre</strong> que aporta un contraste elegante y contemporáneo. Una pieza decorativa que destaca por su diseño refinado y su versatilidad para adaptarse a cualquier ambiente.</p>\n<p data-start=""427"" data-end=""648"">Perfecto para lucir flores frescas, ramas secas o simplemente como objeto escultórico, este jarrón es ideal para mesas de centro, repisas o consolas, convirtiéndose en un acento de lujo discreto que eleva tu decoración.</p>\n<p class=""cvGsUA direction-ltr align-start para-style-body""><span class=""OYPEnA font-feature-liga-off font-feature-clig-off font-feature-calt-off text-decoration-none text-strikethrough-none""><strong>Dimensiones:</strong> 25cm x 25cm</span></p>\n<strong>Referencia:</strong> 11282",,,taxable,,1,,,0,0,,,,,0,,,249900,"Jarrones, Jarrones > Jarrones Hogar",,,https://anbarhome.com/wp-content/uploads/2025/07/11281-Photoroom-1.jpg,,,,,,,,,0,,2025-07-02,default,,yes,,,,,,0,,nickx_video_url_youtube,no,10000000000000,,,,,,,,,,,,,,,,,,,,,
3926,simple,11281,,"Jarrón pequeño de cristal humo con base en latón ocre",1,0,visible,,"<p data-start=""150"" data-end=""425"">Sofisticación y estilo se unen en este <strong data-start=""189"" data-end=""221"">jarrón de cristal color humo</strong>, realzado con una <strong data-start=""240"" data-end=""262"">base en latón ocre</strong> que aporta un contraste elegante y contemporáneo. Una pieza decorativa que destaca por su diseño refinado y su versatilidad para adaptarse a cualquier ambiente.</p>\n<p data-start=""427"" data-end=""648"">Perfecto para lucir flores frescas, ramas secas o simplemente como objeto escultórico, este jarrón es ideal para mesas de centro, repisas o consolas, convirtiéndose en un acento de lujo discreto que eleva tu decoración.</p>\n<p class=""cvGsUA direction-ltr align-start para-style-body""><span class=""OYPEnA font-feature-liga-off font-feature-clig-off font-feature-calt-off text-decoration-none text-strikethrough-none""><strong>Dimensiones:</strong> 20.5cm x 18.5cm</span></p>\n<strong>Referencia:</strong> 11281",,,taxable,,1,,,0,0,,,,,0,,,219900,"Jarrones, Jarrones > Jarrones Hogar",,,https://anbarhome.com/wp-content/uploads/2025/07/11281-Photoroom.jpg,,,,,,,,,0,,2025-07-02,default,,yes,,,,,,0,,nickx_video_url_youtube,no,10000000000000,,,,,,,,,,,,,,,,,,,,,
3927,simple,1422,,"Set de jarrones en latón negro con fibra natural",1,0,visible,,"<p data-start=""158"" data-end=""384"">Un equilibrio perfecto entre lo moderno y lo artesanal. Este <strong data-start=""219"" data-end=""253"">set de jarrones en latón negro</strong> con detalles en <strong data-start=""270"" data-end=""287"">fibra natural</strong> es ideal para quienes buscan piezas únicas que transmitan elegancia y calidez al mismo tiempo.</p>\n<p data-start=""386"" data-end=""653"">El contraste entre el metal oscuro y la textura orgánica de la fibra los convierte en un acento decorativo versátil: colócalos en conjunto sobre una mesa de centro o aparador, o distribúyelos en diferentes espacios para mantener una armonía estilística en tu hogar.</p>\n<p data-start=""655"" data-end=""789"">Más que simples jarrones, son <strong data-start=""685"" data-end=""706"">objetos de diseño</strong> que aportan personalidad, sofisticación y un toque natural a cualquier ambiente.</p>\n<p class=""cvGsUA direction-ltr align-start para-style-body""><span class=""OYPEnA font-feature-liga-off font-feature-clig-off font-feature-calt-off text-decoration-none text-strikethrough-none""><strong>Dimensiones:</strong> Grande: 14cm x 45cm / </span><span class=""OYPEnA font-feature-liga-off font-feature-clig-off font-feature-calt-off text-decoration-none text-strikethrough-none"">Mediano: 12cm x 37cm</span></p>\n<strong>Referencia:</strong> 1422",,,taxable,,1,,,0,0,,,,,0,,,299900,"Jarrones, Jarrones > Jarrones Hogar",,,https://anbarhome.com/wp-content/uploads/2025/07/1422-Photoroom.jpg,,,,,,,,,0,,2025-07-02,default,,yes,,,,,,0,,nickx_video_url_youtube,no,10000000000000,,,,,,,,,,,,,,,,,,,,,
3928,simple,1470,,"Jarrón Escultórico Ovalado Negro Grande",1,0,visible,,"<h3 data-section-id=""jwd6pn"" data-start=""0"" data-end=""49"">Jarrón Decorativo Negro de Diseño Escultórico</h3>\n<p data-start=""51"" data-end=""411"">Dale vida a tus espacios con este hermoso jarrón decorativo de diseño contemporáneo, creada para destacar la belleza natural de tus plantas mientras aporta un toque de sofisticación y estilo. Sus líneas suaves y su silueta irregular inspirada en formas orgánicas la convierten en una pieza decorativa única que combina funcionalidad y arte en un solo elemento.</p>\n<p data-start=""413"" data-end=""836"">Su elegante acabado negro mate aporta profundidad visual y crea un contraste perfecto con el verde de las plantas, flores o arreglos decorativos, logrando una composición moderna, armoniosa y llena de personalidad. Gracias a su diseño versátil, esta matera se adapta fácilmente a diferentes estilos de decoración, desde ambientes minimalistas y contemporáneos hasta espacios nórdicos, industriales o de inspiración natural.</p>\n<p data-start=""838"" data-end=""1030"">Más que un simple jarrón es una pieza decorativa que puede convertirse en el centro de atención de cualquier rincón, aportando equilibrio, textura y un aire sofisticado a tu hogar u oficina.</p>\n\n<h3 data-section-id=""1k8yuba"" data-start=""1032"" data-end=""1062"">Características destacadas</h3>\n<p data-start=""1064"" data-end=""1415"">✔ Diseño escultórico con formas orgánicas y modernas.<br data-start=""1117"" data-end=""1120"" />✔ Acabado negro mate elegante y atemporal.<br data-start=""1162"" data-end=""1165"" />✔ Ideal para resaltar plantas naturales o artificiales.<br data-start=""1220"" data-end=""1223"" />✔ Aporta estilo, personalidad y sofisticación a cualquier ambiente.<br data-start=""1290"" data-end=""1293"" />✔ Fácil de combinar con diferentes estilos decorativos.<br data-start=""1348"" data-end=""1351"" />✔ Perfecta para interiores residenciales y espacios comerciales.</p>\n<p class=""cvGsUA direction-ltr align-start para-style-body""><span class=""OYPEnA font-feature-liga-off font-feature-clig-off font-feature-calt-off text-decoration-none text-strikethrough-none""><strong>Dimensiones:</strong> 31cm x</span> <span class=""OYPEnA font-feature-liga-off font-feature-clig-off font-feature-calt-off text-decoration-none text-strikethrough-none"">18cm x 31cm</span></p>\n<strong>Referencia:</strong> 1470",,,taxable,,1,,,0,0,,18,31,31,0,,289900,359900,"Jarrones, Jarrones > Jarrones Hogar, Sale",,,"https://anbarhome.com/wp-content/uploads/2025/07/1469-1470.png_202606061801.jpeg, https://anbarhome.com/wp-content/uploads/2025/07/1469-1470.png_202606061801.jpeg, https://anbarhome.com/wp-content/uploads/2025/07/1469-1470.png_202606061803.jpeg, https://anbarhome.com/wp-content/uploads/2025/07/1469-1470.png_202606061759.jpeg, https://anbarhome.com/wp-content/uploads/2025/07/cambiala_a_fondo_blanco_2K_202606051801.jpeg_202606061759.jpeg",,,,,,,,,0,,2025-07-02,default,,yes,,,,,,0,,nickx_video_url_youtube,no,10000000000000,,1781050105,,yes,yes,,,product,,,,,,,,,,,,,,,,,,,,,,,,,,,,,,,,,,,,
3929,simple,1469,,"Jarrón Escultórico Ovalado Negro Pequeño",1,0,visible,,"<h3 data-section-id=""jwd6pn"" data-start=""0"" data-end=""49"">Jarrón Decorativo Negro de Diseño Escultórico</h3>\n<p data-start=""51"" data-end=""411"">Dale vida a tus espacios con este hermoso jarrón decorativo de diseño contemporáneo, creada para destacar la belleza natural de tus plantas mientras aporta un toque de sofisticación y estilo. Sus líneas suaves y su silueta irregular inspirada en formas orgánicas la convierten en una pieza decorativa única que combina funcionalidad y arte en un solo elemento.</p>\n<p data-start=""413"" data-end=""836"">Su elegante acabado negro mate aporta profundidad visual y crea un contraste perfecto con el verde de las plantas, flores o arreglos decorativos, logrando una composición moderna, armoniosa y llena de personalidad. Gracias a su diseño versátil, esta matera se adapta fácilmente a diferentes estilos de decoración, desde ambientes minimalistas y contemporáneos hasta espacios nórdicos, industriales o de inspiración natural.</p>\n<p data-start=""838"" data-end=""1030"">Más que un simple jarrón es una pieza decorativa que puede convertirse en el centro de atención de cualquier rincón, aportando equilibrio, textura y un aire sofisticado a tu hogar u oficina.</p>\n\n<h3 data-section-id=""1k8yuba"" data-start=""1032"" data-end=""1062"">Características destacadas</h3>\n<p data-start=""1064"" data-end=""1415"">✔ Diseño escultórico con formas orgánicas y modernas.<br data-start=""1117"" data-end=""1120"" />✔ Acabado negro mate elegante y atemporal.<br data-start=""1162"" data-end=""1165"" />✔ Ideal para resaltar plantas naturales o artificiales.<br data-start=""1220"" data-end=""1223"" />✔ Aporta estilo, personalidad y sofisticación a cualquier ambiente.<br data-start=""1290"" data-end=""1293"" />✔ Fácil de combinar con diferentes estilos decorativos.<br data-start=""1348"" data-end=""1351"" />✔ Perfecta para interiores residenciales y espacios comerciales.</p>\n<p class=""cvGsUA direction-ltr align-start para-style-body""><span class=""OYPEnA font-feature-liga-off font-feature-clig-off font-feature-calt-off text-decoration-none text-strikethrough-none""><strong>Dimensiones:</strong> 24cm x 20cm x 23cm</span></p>\n<strong>Referencia:</strong> 1469",,,taxable,,1,,,0,0,,20,24,23,0,,249900,319900,"Jarrones, Jarrones > Jarrones Hogar, Sale",,,"https://anbarhome.com/wp-content/uploads/2025/07/1469-1470.png_202606061801.jpeg, https://anbarhome.com/wp-content/uploads/2025/07/1469-1470.png_202606061801.jpeg, https://anbarhome.com/wp-content/uploads/2025/07/1469-1470.png_202606061803.jpeg, https://anbarhome.com/wp-content/uploads/2025/07/cambiala_a_fondo_blanco_2K_202606051801.jpeg_202606061759.jpeg, https://anbarhome.com/wp-content/uploads/2025/07/1469-1470.png_202606061759.jpeg",,,,,,,,,0,,2025-07-02,default,,yes,,,,,,0,,nickx_video_url_youtube,no,10000000000000,,1781050222,,yes,yes,,,product,,,,,,,,,,,,,,,,,,,,,,,,,,,,,,,,,,,,
3930,simple,1582,,"Jarrón gris con bisos en resina",1,0,visible,,"<p data-start=""124"" data-end=""342"">Un diseño sofisticado que combina modernidad y estilo. Este <strong data-start=""184"" data-end=""215"">jarrón en resina color gris</strong> con delicados <strong data-start=""230"" data-end=""239"">bisos</strong> se convierte en una pieza decorativa única, perfecta para añadir textura y elegancia a tus espacios.</p>\n<p data-start=""344"" data-end=""634"">Su acabado geométrico aporta dinamismo visual, mientras que el tono gris lo hace versátil y fácil de integrar en ambientes minimalistas, industriales o contemporáneos. Ideal para lucir con pampas, ramas secas o como objeto escultórico por sí mismo en mesas auxiliares, repisas o consolas.</p>\n<p class=""cvGsUA direction-ltr align-start para-style-body""><span class=""OYPEnA font-feature-liga-off font-feature-clig-off font-feature-calt-off text-decoration-none text-strikethrough-none""><strong>Dimensiones:</strong> 18cm x 18cm x 29cm</span></p>\n<strong>Referencia:</strong> 1582",,,taxable,,1,,,0,0,,,,,0,,,289900,"Jarrones, Jarrones > Jarrones Hogar",,,https://anbarhome.com/wp-content/uploads/2025/07/1582-Photoroom.jpg,,,,,,,,,0,,2025-07-02,default,,yes,,,,,,0,,nickx_video_url_youtube,no,10000000000000,,,,,,,,,,,,,,,,,,,,,,,,,,,,,,,,,,,,,,,,,,,,
3931,simple,1468,,"Jarrón grande en resina negro",1,0,visible,,"<p data-start=""104"" data-end=""315"">Un clásico moderno que nunca pasa desapercibido. Este <strong data-start=""158"" data-end=""190"">jarrón en resina color negro</strong> combina elegancia, sobriedad y estilo, convirtiéndose en la pieza perfecta para dar carácter y profundidad a tus espacios.</p>\n<p data-start=""317"" data-end=""521"">Gracias a su diseño versátil, puede lucir espectacular con flores secas, pampas o ramas decorativas, pero también destacar por sí solo como un objeto escultórico en mesas, repisas o rincones especiales.</p>\n<p data-start=""523"" data-end=""662"">El acabado negro aporta un aire sofisticado y atemporal, ideal para quienes buscan una decoración minimalista con un toque de distinción.</p>\n<p class=""cvGsUA direction-ltr align-start para-style-body""><span class=""OYPEnA font-feature-liga-off font-feature-clig-off font-feature-calt-off text-decoration-none text-strikethrough-none""><strong>Dimensiones:</strong> 19cm x 19cm x 46cm</span></p>\n<strong>Referencia:</strong> 1468\n<p class=""cvGsUA direction-ltr align-start para-style-body""></p>",,,taxable,,1,,,0,0,,,,,0,,,499900,"Jarrones, Jarrones > Jarrones Hogar",,,https://anbarhome.com/wp-content/uploads/2025/07/1467-Photoroom-1.jpg,,,,,,,,,0,,2025-07-02,default,,yes,,,,,,0,,nickx_video_url_youtube,no,10000000000000,,,,,,,,,,,,,,,,,,,,,,,,,,,,,,,,,,,,,,,,,,,,
3932,simple,1467,,"Jarrón pequeño en resina negro",1,0,visible,,"<p data-start=""104"" data-end=""315"">Un clásico moderno que nunca pasa desapercibido. Este <strong data-start=""158"" data-end=""190"">jarrón en resina color negro</strong> combina elegancia, sobriedad y estilo, convirtiéndose en la pieza perfecta para dar carácter y profundidad a tus espacios.</p>\n<p data-start=""317"" data-end=""521"">Gracias a su diseño versátil, puede lucir espectacular con flores secas, pampas o ramas decorativas, pero también destacar por sí solo como un objeto escultórico en mesas, repisas o rincones especiales.</p>\n<p data-start=""523"" data-end=""662"">El acabado negro aporta un aire sofisticado y atemporal, ideal para quienes buscan una decoración minimalista con un toque de distinción.</p>\n<p class=""cvGsUA direction-ltr align-start para-style-body""><span class=""OYPEnA font-feature-liga-off font-feature-clig-off font-feature-calt-off text-decoration-none text-strikethrough-none""><strong>Dimensiones:</strong> 18cm x 18cm x 27cm</span></p>\n<p class=""cvGsUA direction-ltr align-start para-style-body""><strong>Referencia:</strong> 1467</p>",,,taxable,,1,,,0,0,,,,,0,,,399900,"Jarrones, Jarrones > Jarrones Hogar",,,https://anbarhome.com/wp-content/uploads/2025/07/1467-Photoroom.jpg,,,,,,,,,0,,2025-07-02,default,,yes,,,,,,0,,nickx_video_url_youtube,no,10000000000000,,,,,,,,,,,,,,,,,,,,,,,,,,,,,,,,,,,,,,,,,,,,
3939,simple,11242,,"Jarrón grande de cara humana en vidrio color ámbar",1,0,visible,,"<p data-start=""151"" data-end=""393"">El arte y la decoración se encuentran en este <strong data-start=""197"" data-end=""229"">jarrón de vidrio color ámbar</strong> con diseño de <strong data-start=""244"" data-end=""261"">rostro humano</strong>. Una pieza moderna y original que aporta carácter y estilo a cualquier espacio, convirtiéndose en el centro de todas las miradas.</p>\n<p data-start=""395"" data-end=""599"">Su tono ámbar transmite calidez y sofisticación, mientras que su silueta escultórica lo hace perfecto tanto como elemento decorativo por sí solo o acompañado de flores secas, ramas naturales o follajes.</p>\n<p data-start=""601"" data-end=""751"">Ideal para realzar una mesa de centro, una repisa o un rincón especial del hogar, este jarrón no es solo un accesorio: es una declaración de diseño.</p>\n<p class=""cvGsUA direction-ltr align-start para-style-body""><span class=""OYPEnA font-feature-liga-off font-feature-clig-off font-feature-calt-off text-decoration-none text-strikethrough-none""><strong>Dimensiones:</strong> 15cm x 30.5cm</span></p>\n<strong>Referencia:</strong> 11242",,,taxable,,1,,,0,0,,,,,0,,,219900,"Jarrones, Jarrones > Jarrones Hogar",,,https://anbarhome.com/wp-content/uploads/2025/07/11241-Photoroom-1.jpg,,,,,,,,,0,,2025-07-02,default,,yes,,,,,,0,,nickx_video_url_youtube,no,10000000000000,,,,,,,,,,,,,,,,,,,,,,,,,,,,,,,,,,,,,,,,,,,,
3940,simple,11241,,"Jarrón pequeño de cara humana en vidrio color ámbar",1,0,visible,,"<p data-start=""151"" data-end=""393"">El arte y la decoración se encuentran en este <strong data-start=""197"" data-end=""229"">jarrón de vidrio color ámbar</strong> con diseño de <strong data-start=""244"" data-end=""261"">rostro humano</strong>. Una pieza moderna y original que aporta carácter y estilo a cualquier espacio, convirtiéndose en el centro de todas las miradas.</p>\n<p data-start=""395"" data-end=""599"">Su tono ámbar transmite calidez y sofisticación, mientras que su silueta escultórica lo hace perfecto tanto como elemento decorativo por sí solo o acompañado de flores secas, ramas naturales o follajes.</p>\n<p data-start=""601"" data-end=""751"">Ideal para realzar una mesa de centro, una repisa o un rincón especial del hogar, este jarrón no es solo un accesorio: es una declaración de diseño.</p>\n<p class=""cvGsUA direction-ltr align-start para-style-body""><span class=""OYPEnA font-feature-liga-off font-feature-clig-off font-feature-calt-off text-decoration-none text-strikethrough-none""><strong>Dimensiones:</strong> 12cm x</span> <span class=""OYPEnA font-feature-liga-off font-feature-clig-off font-feature-calt-off text-decoration-none text-strikethrough-none"">23cm</span></p>\n<strong>Referencia:</strong> 11241",,,taxable,,1,,,0,0,,,,,0,,,179900,"Jarrones, Jarrones > Jarrones Hogar",,,https://anbarhome.com/wp-content/uploads/2025/07/11241-Photoroom.jpg,,,,,,,,,0,,2025-07-02,default,,yes,,,,,,0,,nickx_video_url_youtube,no,10000000000000,,,,,,,,,,,,,,,,,,,,,,,,,,,,,,,,,,,,,,,,,,,,
3944,simple,11232,,"Ánfora grande de cristal ambar con tapa removible en vidrio",1,0,visible,,"<p data-start=""169"" data-end=""446"">La calidez y el encanto del ámbar se hacen presentes en esta pieza única de cristal. Su diseño elegante con tapa removible en vidrio la convierte en un accesorio tan <strong data-start=""335"" data-end=""364"">decorativo como funcional</strong>, perfecto para añadir un toque de sofisticación a cualquier rincón de tu hogar. El tono ámbar aporta una atmósfera acogedora y envolvente, ideal para quienes buscan un estilo moderno con un guiño clásico.</p>\n<p data-start=""448"" data-end=""648"">Úsala como un detalle especial en tu sala para guardar chocolates o galletas, en tu baño para organizar accesorios o algodones, o en tu habitación como caja decorativa para joyas o pequeños tesoros.</p>\n<p class=""cvGsUA direction-ltr align-start para-style-body""><span class=""OYPEnA font-feature-liga-off font-feature-clig-off font-feature-calt-off text-decoration-none text-strikethrough-none""><strong>Dimensiones:</strong> 33cm x 32cm x 32cm</span></p>\n<strong>Referencia:</strong> 11232",,,taxable,,1,,,0,0,,,,,0,,249900,349900,"Jarrones, Jarrones > Jarrones Hogar",,,https://anbarhome.com/wp-content/uploads/2025/07/11231-Photoroom-1.jpg,,,,,,,,,0,,2025-07-02,default,,yes,,,,,,0,,nickx_video_url_youtube,no,10000000000000,,1781045237,,,,,,,,,,,,,,,,,,,,,,,,,,,,,,,,,,,,,,,,,,
3945,simple,11231,,"Ánfora pequeña de cristal ambar con tapa removible en vidrio",1,0,visible,,"<p data-start=""169"" data-end=""446"">La calidez y el encanto del ámbar se hacen presentes en esta pieza única de cristal. Su diseño elegante con tapa removible en vidrio la convierte en un accesorio tan <strong data-start=""335"" data-end=""364"">decorativo como funcional</strong>, perfecto para añadir un toque de sofisticación a cualquier rincón de tu hogar. El tono ámbar aporta una atmósfera acogedora y envolvente, ideal para quienes buscan un estilo moderno con un guiño clásico.</p>\n<p data-start=""448"" data-end=""648"">Úsala como un detalle especial en tu sala para guardar chocolates o galletas, en tu baño para organizar accesorios o algodones, o en tu habitación como caja decorativa para joyas o pequeños tesoros.</p>\n<p class=""cvGsUA direction-ltr align-start para-style-body""><span class=""OYPEnA font-feature-liga-off font-feature-clig-off font-feature-calt-off text-decoration-none text-strikethrough-none""><strong>Dimensiones:</strong> 19cm x</span> <span class=""OYPEnA font-feature-liga-off font-feature-clig-off font-feature-calt-off text-decoration-none text-strikethrough-none"">35.5cm</span></p>\n<strong>Referencia:</strong> 11231",,,taxable,,1,,,0,0,,,,,0,,199900,289900,"Jarrones, Jarrones > Jarrones Hogar",,,https://anbarhome.com/wp-content/uploads/2025/07/11231-Photoroom.jpg,,,,,,,,,0,,2025-07-02,default,,yes,,,,,,0,,nickx_video_url_youtube,no,10000000000000,,1781045237,,,,,,,,,,,,,,,,,,,,,,,,,,,,,,,,,,,,,,,,,,
3946,simple,11222,,"Ánfora grande de cristal azul con tapa removible en vidrio",1,0,visible,,"<p data-start=""130"" data-end=""356"">Eleva la decoración de tu hogar con esta pieza única de <strong data-start=""186"" data-end=""202"">cristal azul</strong>, diseñada para enamorar a primera vista. Su acabado elegante y su tapa removible en vidrio la convierten en un accesorio tan versátil como sofisticado.</p>\n<p data-start=""358"" data-end=""652"">Ideal para colocar en una mesa de centro, un aparador o incluso en tu mesa de noche, este objeto no solo decora: también <strong data-start=""479"" data-end=""502"">organiza con estilo</strong>. Úsalo para guardar dulces, joyas, algodones, especias o pequeños detalles que quieras mantener siempre a la mano, pero con un toque de distinción.</p>\n<p class=""cvGsUA direction-ltr align-start para-style-body""><span class=""OYPEnA font-feature-liga-off font-feature-clig-off font-feature-calt-off text-decoration-none text-strikethrough-none""><strong>Dimensiones:</strong> 18cm x 47cm</span></p>\n<strong>Referencia:</strong> 11222",,,taxable,,1,,,0,0,,,,,0,,249900,349900,"Jarrones, Jarrones > Jarrones Hogar",,,https://anbarhome.com/wp-content/uploads/2025/07/11221-Photoroom-1.jpg,,,,,,,,,0,,2025-07-02,default,,yes,,,,,,0,,nickx_video_url_youtube,no,10000000000000,,1781045237,,,,,,,,,,,,,,,,,,,,,,,,,,,,,,,,,,,,,,,,,,
3947,simple,11221,,"Ánfora pequeña de cristal azul con tapa removible en vidrio",1,0,visible,,"<p data-start=""130"" data-end=""356"">Eleva la decoración de tu hogar con esta pieza única de <strong data-start=""186"" data-end=""202"">cristal azul</strong>, diseñada para enamorar a primera vista. Su acabado elegante y su tapa removible en vidrio la convierten en un accesorio tan versátil como sofisticado.</p>\n<p data-start=""358"" data-end=""652"">Ideal para colocar en una mesa de centro, un aparador o incluso en tu mesa de noche, este objeto no solo decora: también <strong data-start=""479"" data-end=""502"">organiza con estilo</strong>. Úsalo para guardar dulces, joyas, algodones, especias o pequeños detalles que quieras mantener siempre a la mano, pero con un toque de distinción.</p>\n<p class=""cvGsUA direction-ltr align-start para-style-body""><span class=""OYPEnA font-feature-liga-off font-feature-clig-off font-feature-calt-off text-decoration-none text-strikethrough-none""><strong>Dimensiones:</strong> 19cm x</span> <span class=""OYPEnA font-feature-liga-off font-feature-clig-off font-feature-calt-off text-decoration-none text-strikethrough-none"">35.5cm</span></p>\n<strong>Referencia:</strong> 11221",,,taxable,,1,,,0,0,,,,,0,,199900,289900,"Jarrones, Jarrones > Jarrones Hogar",,,https://anbarhome.com/wp-content/uploads/2025/07/11221-Photoroom.jpg,,,,,,,,,0,,2025-07-02,default,,yes,,,,,,0,,nickx_video_url_youtube,no,10000000000000,,1781045179,,,,,,,,,,,,,,,,,,,,,,,,,,,,,,,,,,,,,,,,,,
3948,simple,11202,,"Jarrón grande negro ovalada con visos dorados",1,0,visible,,"<p data-start=""271"" data-end=""570"">El <strong data-start=""274"" data-end=""316"">jarrón negro ovalado con visos dorados</strong> de <strong data-start=""320"" data-end=""334"">ANBAR HOME</strong> es una pieza que destaca por su sofisticación y carácter. Su acabado en negro profundo transmite elegancia atemporal, mientras que los delicados visos dorados añaden un brillo sutil que lo convierte en el centro de todas las miradas.</p>\n<p data-start=""572"" data-end=""611"">Ideal para realzar cualquier espacio como centro de mesa con un arreglo de flores frescas o secas. Sobre una consola, para recibir a tus invitados con un detalle lleno de estilo o colocado sobre una mesa auxiliar o repisa, como pieza protagonista que resalta por sí misma.</p>\n<p class=""cvGsUA direction-ltr align-start para-style-body""><span class=""OYPEnA font-feature-liga-off font-feature-clig-off font-feature-calt-off text-decoration-none text-strikethrough-none""><strong>Dimensiones:</strong> 29cm x16cm x 35cm</span></p>\n<strong>Referencia:</strong> 11202",,,taxable,,1,,,0,0,,,,,0,,,349900,"Jarrones, Jarrones > Jarrones Hogar",,,https://anbarhome.com/wp-content/uploads/2025/07/11201-Photoroom-1.jpg,,,,,,,,,0,,2025-07-02,default,,yes,,,,,,0,,nickx_video_url_youtube,no,10000000000000,,,,,,,,,,,,,,,,,,,,,,,,,,,,,,,,,,,,,,,,,,,,
3949,simple,11201,,"Jarrón pequeño negro ovalada con visos dorados",1,0,visible,,"<p data-start=""271"" data-end=""570"">El <strong data-start=""274"" data-end=""316"">jarrón negro ovalado con visos dorados</strong> de <strong data-start=""320"" data-end=""334"">ANBAR HOME</strong> es una pieza que destaca por su sofisticación y carácter. Su acabado en negro profundo transmite elegancia atemporal, mientras que los delicados visos dorados añaden un brillo sutil que lo convierte en el centro de todas las miradas.</p>\n<p data-start=""572"" data-end=""611"">Ideal para realzar cualquier espacio como centro de mesa con un arreglo de flores frescas o secas. Sobre una consola, para recibir a tus invitados con un detalle lleno de estilo o colocado sobre una mesa auxiliar o repisa, como pieza protagonista que resalta por sí misma.</p>\n<p class=""cvGsUA direction-ltr align-start para-style-body""><span class=""OYPEnA font-feature-liga-off font-feature-clig-off font-feature-calt-off text-decoration-none text-strikethrough-none""><strong>Dimensiones:</strong> 23cm x 13cm x 25cm</span></p>\n<strong>Referencia:</strong> 11201",,,taxable,,1,,,0,0,,,,,0,,,299900,"Jarrones, Jarrones > Jarrones Hogar",,,https://anbarhome.com/wp-content/uploads/2025/07/11201-Photoroom.jpg,,,,,,,,,0,,2025-07-02,default,,yes,,,,,,0,,nickx_video_url_youtube,no,10000000000000,,,,,,,,,,,,,,,,,,,,,,,,,,,,,,,,,,,,,,,,,,,,
3950,simple,11192,,"Jarrón grande negro en acrílico tallado",1,0,visible,,"<p data-start=""225"" data-end=""526"">El <strong data-start=""228"" data-end=""264"">jarrón negro en acrílico tallado</strong> de <strong data-start=""268"" data-end=""282"">ANBAR HOME</strong> es una pieza decorativa que combina elegancia y modernidad. Su acabado en negro profundo aporta sobriedad y lujo, mientras que el tallado en acrílico refleja la luz de manera sutil, creando un efecto visual único que eleva cualquier espacio.</p>\n<p data-start=""528"" data-end=""803"">Imagina este jarrón en tu sala, sobre la mesa de centro acompañado de flores blancas para un contraste elegante; en el comedor como pieza central durante una cena especial; o en una repisa, donde su diseño tallado se convierte en protagonista incluso sin arreglos florales.</p>\n<p class=""cvGsUA direction-ltr align-start para-style-body""><span class=""OYPEnA font-feature-liga-off font-feature-clig-off font-feature-calt-off text-decoration-none text-strikethrough-none""><strong>Dimensiones:</strong> 33cm x 32cm x 32cm</span></p>\n<strong>Referencia:</strong> 11192",,,taxable,,1,,,0,0,,,,,0,,,449900,"Jarrones, Jarrones > Jarrones Hogar",,,https://anbarhome.com/wp-content/uploads/2025/07/11191-Photoroom-1.jpg,,,,,,,,,0,,2025-07-02,default,,yes,,,,,,0,,nickx_video_url_youtube,no,10000000000000,,,,,,,,,,,,,,,,,,,,,,,,,,,,,,,,,,,,,,,,,,,,
3951,simple,11191,,"Jarrón pequeño negro en acrílico tallado",1,0,visible,,"<p data-start=""225"" data-end=""526"">El <strong data-start=""228"" data-end=""264"">jarrón negro en acrílico tallado</strong> de <strong data-start=""268"" data-end=""282"">ANBAR HOME</strong> es una pieza decorativa que combina elegancia y modernidad. Su acabado en negro profundo aporta sobriedad y lujo, mientras que el tallado en acrílico refleja la luz de manera sutil, creando un efecto visual único que eleva cualquier espacio.</p>\n<p data-start=""528"" data-end=""803"">Imagina este jarrón en tu sala, sobre la mesa de centro acompañado de flores blancas para un contraste elegante; en el comedor como pieza central durante una cena especial; o en una repisa, donde su diseño tallado se convierte en protagonista incluso sin arreglos florales.</p>\n<p class=""cvGsUA direction-ltr align-start para-style-body""><span class=""OYPEnA font-feature-liga-off font-feature-clig-off font-feature-calt-off text-decoration-none text-strikethrough-none""><strong>Dimensiones:</strong> 24cm x 23.5cm x 21.5cm</span></p>\n<strong>Referencia:</strong> 11191",,,taxable,,1,,,0,0,,,,,0,,,299900,"Jarrones, Jarrones > Jarrones Hogar",,,https://anbarhome.com/wp-content/uploads/2025/07/11191-Photoroom.jpg,,,,,,,,,0,,2025-07-02,default,,yes,,,,,,0,,nickx_video_url_youtube,no,10000000000000,,,,,,,,,,,,,,,,,,,,,,,,,,,,,,,,,,,,,,,,,,,,
3952,simple,11182,,"Jarrón grande negro ovalada con visos cobre",1,0,visible,,"<p data-start=""237"" data-end=""534"">El <strong data-start=""240"" data-end=""280"">jarrón negro ovalado con visos cobre</strong> de <strong data-start=""284"" data-end=""298"">ANBAR HOME</strong> es una pieza decorativa que combina modernidad y sofisticación en un diseño único. Su acabado negro profundo transmite sobriedad, mientras que los delicados visos en cobre añaden un brillo cálido y sutil que realza cualquier espacio.</p>\n<p data-start=""536"" data-end=""841"">Imagina este jarrón sobre la mesa del comedor, acompañado de flores secas para resaltar su contraste metálico; en una consola de entrada, dando la bienvenida con un toque de distinción; o en la sala, sobre una mesa auxiliar, donde se convierte en protagonista incluso sin necesidad de arreglos florales.</p>\n<p class=""cvGsUA direction-ltr align-start para-style-body""><span class=""OYPEnA font-feature-liga-off font-feature-clig-off font-feature-calt-off text-decoration-none text-strikethrough-none""><strong>Dimensiones:</strong> 50cm x 8cm x 37cm</span></p>\n<strong>Referencia: </strong>11182",,,taxable,,1,,,0,0,,,,,0,,,349900,"Jarrones, Jarrones > Jarrones Hogar",,,https://anbarhome.com/wp-content/uploads/2025/07/11181-Photoroom-1.jpg,,,,,,,,,0,,2025-07-02,default,,yes,,,,,,0,,nickx_video_url_youtube,no,10000000000000,,,,,,,,,,,,,,,,,,,,,,,,,,,,,,,,,,,,,,,,,,,,
3953,simple,11181,,"Jarrón pequeño negro ovalada con visos cobre",1,0,visible,,"<p data-start=""237"" data-end=""534"">El <strong data-start=""240"" data-end=""280"">jarrón negro ovalado con visos cobre</strong> de <strong data-start=""284"" data-end=""298"">ANBAR HOME</strong> es una pieza decorativa que combina modernidad y sofisticación en un diseño único. Su acabado negro profundo transmite sobriedad, mientras que los delicados visos en cobre añaden un brillo cálido y sutil que realza cualquier espacio.</p>\n<p data-start=""536"" data-end=""841"">Imagina este jarrón sobre la mesa del comedor, acompañado de flores secas para resaltar su contraste metálico; en una consola de entrada, dando la bienvenida con un toque de distinción; o en la sala, sobre una mesa auxiliar, donde se convierte en protagonista incluso sin necesidad de arreglos florales.</p>\n<p class=""cvGsUA direction-ltr align-start para-style-body""><span class=""OYPEnA font-feature-liga-off font-feature-clig-off font-feature-calt-off text-decoration-none text-strikethrough-none""><strong>Dimensiones:</strong> 42cm x 5cm x 32cm</span></p>\n<strong>Referencia:</strong> <span data-sheets-root=""1"">11181</span>",,,taxable,,1,,,0,0,,,,,0,,,299900,"Jarrones, Jarrones > Jarrones Hogar",,,https://anbarhome.com/wp-content/uploads/2025/07/11181-Photoroom.jpg,,,,,,,,,0,,2025-07-02,default,,yes,,,,,,0,,nickx_video_url_youtube,no,10000000000000,,,,,,,,,,,,,,,,,,,,,,,,,,,,,,,,,,,,,,,,,,,,
3954,simple,1465,,"Jarrón pequeño gris raton en acrilico tipo bolsa",1,0,visible,,"<p data-start=""237"" data-end=""589"">En <strong data-start=""240"" data-end=""254"">ANBAR HOME</strong> sabemos que los detalles originales hacen la diferencia. Nuestro <strong data-start=""320"" data-end=""364"">jarrón gris ratón en acrílico tipo bolsa</strong> combina creatividad y elegancia en una pieza fuera de lo común. Su forma inspirada en una bolsa aporta un aire moderno y divertido, mientras que el acabado en acrílico gris lo convierte en un objeto versátil y sofisticado.</p>\n<p data-start=""591"" data-end=""881"">Imagina este jarrón en tu sala, sobre la mesa de centro con flores blancas o ramas secas, creando un contraste lleno de estilo. También puedes colocarlo en una repisa como pieza decorativa independiente, o en la entrada de tu hogar para sorprender a tus invitados desde el primer momento.</p>\n<p class=""cvGsUA direction-ltr align-start para-style-body""><span class=""OYPEnA font-feature-liga-off font-feature-clig-off font-feature-calt-off text-decoration-none text-strikethrough-none""><strong>Dimensiones:</strong> 28cm x 23.2cm x</span> <span class=""OYPEnA font-feature-liga-off font-feature-clig-off font-feature-calt-off text-decoration-none text-strikethrough-none"">27cm</span></p>\n<strong>Referencia:</strong> <span data-sheets-root=""1"">1465</span>",,,taxable,,1,,,0,0,,,,,0,,,299900,"Jarrones, Jarrones > Jarrones Hogar",,,https://anbarhome.com/wp-content/uploads/2025/07/1464-Photoroom-1.jpg,,,,,,,,,0,,2025-07-02,default,,yes,,,,,,0,,nickx_video_url_youtube,no,10000000000000,,,,,,,,,,,,,,,,,,,,,,,,,,,,,,,,,,,,,,,,,,,,
3955,simple,1464,,"Jarrón grande gris raton en acrilico tipo bolsa",1,0,visible,,"<p data-start=""237"" data-end=""589"">En <strong data-start=""240"" data-end=""254"">ANBAR HOME</strong> sabemos que los detalles originales hacen la diferencia. Nuestro <strong data-start=""320"" data-end=""364"">jarrón gris ratón en acrílico tipo bolsa</strong> combina creatividad y elegancia en una pieza fuera de lo común. Su forma inspirada en una bolsa aporta un aire moderno y divertido, mientras que el acabado en acrílico gris lo convierte en un objeto versátil y sofisticado.</p>\n<p data-start=""591"" data-end=""881"">Imagina este jarrón en tu sala, sobre la mesa de centro con flores blancas o ramas secas, creando un contraste lleno de estilo. También puedes colocarlo en una repisa como pieza decorativa independiente, o en la entrada de tu hogar para sorprender a tus invitados desde el primer momento.</p>\n<p class=""cvGsUA direction-ltr align-start para-style-body""><span class=""OYPEnA font-feature-liga-off font-feature-clig-off font-feature-calt-off text-decoration-none text-strikethrough-none""><strong>Dimensiones:</strong> 36cm x 27.5cm x 36cm</span></p>\n<strong>Referencia:</strong> 1464",,,taxable,,1,,,0,0,,,,,0,,,399900,"Jarrones, Jarrones > Jarrones Hogar",,,https://anbarhome.com/wp-content/uploads/2025/07/1464-Photoroom.jpg,,,,,,,,,0,,2025-07-02,default,,yes,,,,,,0,,nickx_video_url_youtube,no,10000000000000,,,,,,,,,,,,,,,,,,,,,,,,,,,,,,,,,,,,,,,,,,,,
3956,simple,1117,,"Jarrón grande gris raton en acrílico tallado con errajes",1,0,visible,,"<p data-start=""289"" data-end=""640"">El <strong data-start=""292"" data-end=""346"">jarrón gris ratón en acrílico tallado con herrajes</strong> de <strong data-start=""350"" data-end=""364"">ANBAR HOME</strong> es la pieza perfecta para quienes buscan elegancia y estilo en un solo objeto. Su acabado en acrílico tallado refleja la luz con sutileza, creando un efecto visual sofisticado, mientras que los herrajes aportan un contraste metálico que lo hace aún más exclusivo y moderno.</p>\n<p data-start=""642"" data-end=""952"">Imagina este jarrón en tu comedor, al centro de la mesa con un arreglo de ramas verdes que resalte su tono gris atemporal. También es ideal para decorar una consola en la entrada, combinando con espejos o cuadros modernos, o en la sala sobre una mesa auxiliar, donde se luce incluso como pieza independiente.</p>\n<p class=""cvGsUA direction-ltr align-start para-style-body""><span class=""OYPEnA font-feature-liga-off font-feature-clig-off font-feature-calt-off text-decoration-none text-strikethrough-none""><strong>Dimensiones:</strong> 31cm x 11cm x 43cm</span></p>\n<strong>Referencia:</strong> 1117",,,taxable,,1,,,0,0,,,,,0,,,429900,"Jarrones, Jarrones > Jarrones Hogar",,,https://anbarhome.com/wp-content/uploads/2025/07/1116-Photoroom-1.jpg,,,,,,,,,0,,2025-07-02,default,,yes,,,,,,0,,nickx_video_url_youtube,no,10000000000000,,,,,,,,,,,,,,,,,,,,,,,,,,,,,,,,,,,,,,,,,,,,
3957,simple,1116,,"Jarrón pequeño gris raton en acrílico tallado con errajes",1,0,visible,,"<p data-start=""289"" data-end=""640"">El <strong data-start=""292"" data-end=""346"">jarrón gris ratón en acrílico tallado con herrajes</strong> de <strong data-start=""350"" data-end=""364"">ANBAR HOME</strong> es la pieza perfecta para quienes buscan elegancia y estilo en un solo objeto. Su acabado en acrílico tallado refleja la luz con sutileza, creando un efecto visual sofisticado, mientras que los herrajes aportan un contraste metálico que lo hace aún más exclusivo y moderno.</p>\n<p data-start=""642"" data-end=""952"">Imagina este jarrón en tu comedor, al centro de la mesa con un arreglo de ramas verdes que resalte su tono gris atemporal. También es ideal para decorar una consola en la entrada, combinando con espejos o cuadros modernos, o en la sala sobre una mesa auxiliar, donde se luce incluso como pieza independiente.</p>\n<p class=""cvGsUA direction-ltr align-start para-style-body""><span class=""OYPEnA font-feature-liga-off font-feature-clig-off font-feature-calt-off text-decoration-none text-strikethrough-none""><strong>Dimensiones:</strong> 29.5cm x 18cm x 35.5cm</span></p>\n<strong>Referencia: </strong>1116",,,taxable,,1,,,0,0,,,,,0,,,359900,"Jarrones, Jarrones > Jarrones Hogar",,,https://anbarhome.com/wp-content/uploads/2025/07/1116-Photoroom.jpg,,,,,,,,,0,,2025-07-02,default,,yes,,,,,,0,,nickx_video_url_youtube,no,10000000000000,,,,,,,,,,,,,,,,,,,,,,,,,,,,,,,,,,,,,,,,,,,,
3958,simple,11152,,"Jarrón pequeño gris raton en acrilico tallado",1,0,visible,,"<p data-start=""243"" data-end=""567"">El <strong data-start=""246"" data-end=""287"">jarrón gris ratón en acrílico tallado</strong> de <strong data-start=""291"" data-end=""305"">ANBAR HOME</strong> es una pieza decorativa que combina diseño contemporáneo con un acabado único. Su tono gris neutro lo convierte en un complemento versátil, mientras que el tallado en acrílico le aporta textura, brillo y un efecto sofisticado que resalta en cualquier espacio.</p>\n<p data-start=""569"" data-end=""878"">Imagina tu sala con este jarrón colocado sobre una mesa auxiliar, acompañado de flores blancas para crear un contraste elegante. También puedes usarlo como centro de mesa en el comedor o como pieza decorativa independiente en una repisa, donde su diseño tallado atrape la luz y se convierta en protagonista.</p>\n<p class=""cvGsUA direction-ltr align-start para-style-body""><span class=""OYPEnA font-feature-liga-off font-feature-clig-off font-feature-calt-off text-decoration-none text-strikethrough-none""><strong>Dimensiones:</strong> 17cm x 13.5cm</span> <span class=""OYPEnA font-feature-liga-off font-feature-clig-off font-feature-calt-off text-decoration-none text-strikethrough-none"">x 26cm</span></p>\n<strong>Referencia:</strong> <span data-sheets-root=""1"">11152</span>",,,taxable,,1,,,0,0,,,,,0,,,289900,"Jarrones, Jarrones > Jarrones Hogar",,,https://anbarhome.com/wp-content/uploads/2025/07/jarrongris-Photoroom.jpg,,,,,,,,,0,,2025-07-02,default,,yes,,,,,,0,,nickx_video_url_youtube,no,10000000000000,,,,,,,,,,,,,,,,,,,,,,,,,,,,,,,,,,,,,,,,,,,,
3959,simple,11151,,"Jarrón grande gris raton en acrilico tallado",1,0,visible,,"<p data-start=""243"" data-end=""567"">El <strong data-start=""246"" data-end=""287"">jarrón gris ratón en acrílico tallado</strong> de <strong data-start=""291"" data-end=""305"">ANBAR HOME</strong> es una pieza decorativa que combina diseño contemporáneo con un acabado único. Su tono gris neutro lo convierte en un complemento versátil, mientras que el tallado en acrílico le aporta textura, brillo y un efecto sofisticado que resalta en cualquier espacio.</p>\n<p data-start=""569"" data-end=""878"">Imagina tu sala con este jarrón colocado sobre una mesa auxiliar, acompañado de flores blancas para crear un contraste elegante. También puedes usarlo como centro de mesa en el comedor o como pieza decorativa independiente en una repisa, donde su diseño tallado atrape la luz y se convierta en protagonista.</p>\n<p class=""cvGsUA direction-ltr align-start para-style-body""><span class=""OYPEnA font-feature-liga-off font-feature-clig-off font-feature-calt-off text-decoration-none text-strikethrough-none""><strong>Dimensiones:</strong> 29.5cm x 22cm x 45.5cm</span></p>\n<strong>Referencia:</strong> 11151",,,taxable,,1,,,0,0,,,,,0,,,599900,"Jarrones, Jarrones > Jarrones Hogar",,,https://anbarhome.com/wp-content/uploads/2025/07/jarrongris-Photoroom-1.jpg,,,,,,,,,0,,2025-07-02,default,,yes,,,,,,0,,nickx_video_url_youtube,no,10000000000000,,,,,,,,,,,,,,,,,,,,,,,,,,,,,,,,,,,,,,,,,,,,
3960,simple,11113,,"Jarrón blanco en resina",1,0,visible,,"<p data-start=""212"" data-end=""536"">En <strong data-start=""215"" data-end=""229"">ANBAR HOME</strong> creemos que los objetos decorativos son los que dan vida a un hogar, y nuestro <strong data-start=""309"" data-end=""336"">jarrón blanco en resina</strong> es la pieza perfecta para lograrlo. Su acabado en blanco aporta frescura y luminosidad, mientras que la resina garantiza resistencia y ligereza, convirtiéndolo en un accesorio versátil y atemporal.</p>\n<p data-start=""538"" data-end=""846"">Imagina tu sala con este jarrón sobre la mesa de centro, decorado con ramas verdes o flores secas, creando un contraste natural que aporta calma y elegancia. También puedes colocarlo en tu habitación sobre una cómoda, o en la entrada de tu hogar para dar la bienvenida con un detalle sutil pero impactante.</p>\n<p class=""cvGsUA direction-ltr align-center para-style-body""><span class=""OYPEnA font-feature-liga-off font-feature-clig-off font-feature-calt-off text-decoration-none text-strikethrough-none""><strong>Dimensiones:</strong> 19.5cm x 12cm x 39cm</span></p>\n<strong>Referencia:</strong> 11113",,,taxable,,1,,,0,0,,,,,0,,,289900,"Jarrones, Jarrones > Jarrones Hogar",,,https://anbarhome.com/wp-content/uploads/2025/07/11113-Photoroom.jpg,,,,,,,,,0,,2025-07-02,default,,yes,,,,,,0,,nickx_video_url_youtube,no,10000000000000,,,,,,,,,,,,,,,,,,,,,,,,,,,,,,,,,,,,,,,,,,,,
3961,simple,11114,,"Jarrón blanco en resina",1,0,visible,,"<p data-start=""212"" data-end=""536"">En <strong data-start=""215"" data-end=""229"">ANBAR HOME</strong> creemos que los objetos decorativos son los que dan vida a un hogar, y nuestro <strong data-start=""309"" data-end=""336"">jarrón blanco en resina</strong> es la pieza perfecta para lograrlo. Su acabado en blanco aporta frescura y luminosidad, mientras que la resina garantiza resistencia y ligereza, convirtiéndolo en un accesorio versátil y atemporal.</p>\n<p data-start=""538"" data-end=""846"">Imagina tu sala con este jarrón sobre la mesa de centro, decorado con ramas verdes o flores secas, creando un contraste natural que aporta calma y elegancia. También puedes colocarlo en tu habitación sobre una cómoda, o en la entrada de tu hogar para dar la bienvenida con un detalle sutil pero impactante.</p>\n<p class=""cvGsUA direction-ltr align-center para-style-body""><span class=""OYPEnA font-feature-liga-off font-feature-clig-off font-feature-calt-off text-decoration-none text-strikethrough-none""><strong>Dimensiones:</strong> 22 cm x8.5cm x 37.5cm</span></p>\n<strong>Referencia:</strong> 11114",,,taxable,,1,,,0,0,,,,,0,,,289900,"Jarrones, Jarrones > Jarrones Hogar",,,https://anbarhome.com/wp-content/uploads/2025/07/11114-Photoroom.jpg,,,,,,,,,0,,2025-07-02,default,,yes,,,,,,0,,nickx_video_url_youtube,no,10000000000000,,,,,,,,,,,,,,,,,,,,,,,,,,,,,,,,,,,,,,,,,,,,
3962,simple,11112,,"Jarron negro y dorado pequeño en acero",1,0,visible,,"<p data-start=""290"" data-end=""626"">En <strong data-start=""293"" data-end=""307"">ANBAR HOME</strong> sabemos que la decoración está en los detalles, y nuestro <strong data-start=""366"" data-end=""412"">jarrón negro con detalles dorados en acero</strong> es la pieza que convierte cualquier rincón en un punto de sofisticación. Su acabado negro profundo aporta modernidad, mientras que los toques dorados añaden un brillo sutil y lujoso que nunca pasa desapercibido.</p>\n<p data-start=""628"" data-end=""985"">Imagina tu comedor con este jarrón como centro de mesa, acompañado de flores frescas o ramas secas, creando un contraste elegante y lleno de estilo. También puedes colocarlo en una consola de entrada para recibir a tus invitados con un detalle decorativo impactante, o en tu sala sobre una mesa auxiliar, donde brille por sí mismo como pieza protagonista.</p>\n<p class=""cvGsUA direction-ltr align-start para-style-body""><span class=""OYPEnA font-feature-liga-off font-feature-clig-off font-feature-calt-off text-decoration-none text-strikethrough-none""><strong>Dimensiones:</strong> 11,5 cm x 24 cm</span></p>\n<strong>Referencia:</strong> 11112",,,taxable,,1,,,0,0,,,,,0,,,179900,"Jarrones, Jarrones > Jarrones Hogar",,,https://anbarhome.com/wp-content/uploads/2025/07/11111-Photoroom-1-1.jpg,,,,,,,,,0,,2025-07-02,default,,yes,,,,,,0,,nickx_video_url_youtube,no,10000000000000,,,,,,,,,,,,,,,,,,,,,,,,,,,,,,,,,,,,,,,,,,,,
3963,simple,11111,,"Jarron negro y dorado grande en acero",1,0,visible,,"<p data-start=""290"" data-end=""626"">En <strong data-start=""293"" data-end=""307"">ANBAR HOME</strong> sabemos que la decoración está en los detalles, y nuestro <strong data-start=""366"" data-end=""412"">jarrón negro con detalles dorados en acero</strong> es la pieza que convierte cualquier rincón en un punto de sofisticación. Su acabado negro profundo aporta modernidad, mientras que los toques dorados añaden un brillo sutil y lujoso que nunca pasa desapercibido.</p>\n<p data-start=""628"" data-end=""985"">Imagina tu comedor con este jarrón como centro de mesa, acompañado de flores frescas o ramas secas, creando un contraste elegante y lleno de estilo. También puedes colocarlo en una consola de entrada para recibir a tus invitados con un detalle decorativo impactante, o en tu sala sobre una mesa auxiliar, donde brille por sí mismo como pieza protagonista.</p>\n<p class=""cvGsUA direction-ltr align-start para-style-body""><span class=""OYPEnA font-feature-liga-off font-feature-clig-off font-feature-calt-off text-decoration-none text-strikethrough-none"">Dimensiones: 11,5 cm x 29 cm</span></p>\nReferencia: <span data-sheets-root=""1"">11111</span>\n<p class=""cvGsUA direction-ltr align-start para-style-body""></p>",,,taxable,,1,,,0,0,,,,,0,,,199900,"Jarrones, Jarrones > Jarrones Hogar",,,https://anbarhome.com/wp-content/uploads/2025/07/11111-Photoroom-1.jpg,,,,,,,,,0,,2025-07-02,default,,yes,,,,,,0,,nickx_video_url_youtube,no,10000000000000,,,,,,,,,,,,,,,,,,,,,,,,,,,,,,,,,,,,,,,,,,,,
3965,simple,15002,,"Jarrón grande en latón dorado",1,0,visible,,"<p class=""cvGsUA direction-ltr align-start para-style-body"">Más que un accesorio, el <strong data-start=""838"" data-end=""864"">jarrón en latón dorado</strong> es un detalle de <strong data-start=""882"" data-end=""907"">diseño y personalidad</strong>. Su acabado metálico dorado aporta calidez y sofisticación, ideal para transformar cualquier rincón en un espacio elegante.</p>\n<p class=""cvGsUA direction-ltr align-start para-style-body"">Úsalo en la <strong data-start=""1044"" data-end=""1076"">sala sobre una mesa auxiliar</strong>, en el <strong data-start=""1084"" data-end=""1114"">comedor como pieza central</strong>, o incluso en el <strong data-start=""1132"" data-end=""1163"">dormitorio sobre una cómoda</strong> acompañado de flores o ramas decorativas. Un clásico que nunca pasa desapercibido.</p>\n<p class=""cvGsUA direction-ltr align-start para-style-body""><span class=""OYPEnA font-feature-liga-off font-feature-clig-off font-feature-calt-off text-decoration-none text-strikethrough-none""><strong>Dimensiones:</strong> 40cm de altura</span></p>\n<strong>Referencia:</strong> 15002",,,taxable,,1,,,0,0,,,,,0,,,249900,"Jarrones, Jarrones > Jarrones Hogar",,,https://anbarhome.com/wp-content/uploads/2025/07/15001-Photoroom-1.jpg,,,,,,,,,0,,2025-07-02,default,,yes,,,,,,0,,nickx_video_url_youtube,no,10000000000000,,,,,,,,,,,,,,,,,,,,,,,,,,,,,,,,,,,,,,,,,,,,
3966,simple,15001,,"Jarrón pequeño en latón dorado",1,0,visible,,"Más que un accesorio, el <strong data-start=""838"" data-end=""864"">jarrón en latón dorado</strong> es un detalle de <strong data-start=""882"" data-end=""907"">diseño y personalidad</strong>. Su acabado metálico dorado aporta calidez y sofisticación, ideal para transformar cualquier rincón en un espacio elegante.\n\nÚsalo en la <strong data-start=""1044"" data-end=""1076"">sala sobre una mesa auxiliar</strong>, en el <strong data-start=""1084"" data-end=""1114"">comedor como pieza central</strong>, o incluso en el <strong data-start=""1132"" data-end=""1163"">dormitorio sobre una cómoda</strong> acompañado de flores o ramas decorativas. Un clásico que nunca pasa desapercibido.\n<p class=""cvGsUA direction-ltr align-start para-style-body""><span class=""OYPEnA font-feature-liga-off font-feature-clig-off font-feature-calt-off text-decoration-none text-strikethrough-none""><strong>Dimensiones:</strong> 35cm de altura</span></p>\n<strong>Referencia:</strong> 15001",,,taxable,,1,,,0,0,,,,,0,,,219900,"Jarrones, Jarrones > Jarrones Hogar",,,https://anbarhome.com/wp-content/uploads/2025/07/15001-Photoroom.jpg,,,,,,,,,0,,2025-07-02,default,,yes,,,,,,0,,nickx_video_url_youtube,no,10000000000000,,,,,,,,,,,,,,,,,,,,,,,,,,,,,,,,,,,,,,,,,,,,
3967,simple,1490,,"Set de jarrones en latón dorado",1,0,visible,,"<p data-start=""178"" data-end=""566"">Un conjunto que aporta <strong data-start=""201"" data-end=""233"">brillo, lujo y sofisticación</strong> a cualquier ambiente. Nuestro <strong data-start=""264"" data-end=""299"">set de jarrones en latón dorado</strong> combina el encanto del acabado metálico con un diseño versátil y atemporal, ideal para transformar cualquier espacio con un toque de distinción. Su luminosidad refleja la luz de manera sutil, convirtiéndolos en protagonistas perfectos ya sea juntos o por separado.</p>\n<p data-start=""568"" data-end=""894"">Colócalos como <strong data-start=""583"" data-end=""634"">centro de mesa en el comedor con flores frescas</strong>, en una <strong data-start=""643"" data-end=""698"">consola de recibidor acompañados de velas y espejos</strong> para una entrada sofisticada, o distribúyelos en distintos espacios: uno en la <strong data-start=""778"" data-end=""810"">sala sobre una mesa auxiliar</strong> y otro en una <strong data-start=""825"" data-end=""850"">estantería decorativa</strong> para mantener la armonía en toda la casa.</p>\n<p class=""cvGsUA direction-ltr align-start para-style-body""><span class=""OYPEnA font-feature-liga-off font-feature-clig-off font-feature-calt-off text-decoration-none text-strikethrough-none""><strong>Dimensiones:</strong> Grande: 70 cm de altura / </span><span class=""OYPEnA font-feature-liga-off font-feature-clig-off font-feature-calt-off text-decoration-none text-strikethrough-none"">Mediano: 40 cm de altura</span></p>\n<strong>Referencia:</strong> 1490",,,taxable,,1,,,0,0,,,,,0,,,1190000,"Jarrones, Jarrones > Jarrones Hogar",,,https://anbarhome.com/wp-content/uploads/2025/07/1490-Photoroom.jpg,,,,,,,,,0,,2025-07-02,default,,yes,,,,,,0,,nickx_video_url_youtube,no,10000000000000,,,,,,,,,,,,,,,,,,,,,,,,,,,,,,,,,,,,,,,,,,,,
3974,simple,14212,,"Jarrón en latón grande plateado",1,0,visible,,"<p data-start=""168"" data-end=""484"">Un detalle sofisticado que aporta <strong data-start=""202"" data-end=""238"">brillo y elegancia contemporánea</strong> a cualquier espacio. Nuestro <strong data-start=""268"" data-end=""304"">jarrón en latón plateado</strong> combina la fuerza del metal con un acabado luminoso y moderno, convirtiéndose en un accesorio versátil que puede destacar por sí solo o acompañado de flores y ramas decorativas.</p>\n<p data-start=""486"" data-end=""898"">Imagina este jarrón sobre una <strong data-start=""516"" data-end=""562"">mesa de centro con flores blancas o verdes</strong> para un contraste elegante, en una <strong data-start=""598"" data-end=""658"">consola de recibidor junto a velas y cuadros decorativos</strong> para crear una bienvenida sofisticada, o en la <strong data-start=""706"" data-end=""738"">sala sobre una mesa auxiliar</strong> como detalle independiente que realza el ambiente. También funciona perfectamente en <strong data-start=""824"" data-end=""850"">dormitorios o estudios</strong>, aportando un toque de luz y estilo refinado.</p>\n<p class=""cvGsUA direction-ltr align-start para-style-body""><span class=""OYPEnA font-feature-liga-off font-feature-clig-off font-feature-calt-off text-decoration-none text-strikethrough-none""><strong>Dimensiones:</strong> 35cm x 12cm x 46cm</span></p>\n<strong>Referencia:</strong> 14212",,,taxable,,1,,,0,0,,,,,0,,,349900,"Jarrones, Jarrones > Jarrones Hogar",,,https://anbarhome.com/wp-content/uploads/2025/07/14211-Photoroom-1.jpg,,,,,,,,,0,,2025-07-02,default,,yes,,,,,,0,,nickx_video_url_youtube,no,10000000000000,,,,,,,,,,,,,,,,,,,,,,,,,,,,,,,,,,,,,,,,,,,,
3975,simple,14211,,"Jarrón en latón mediano plateado",1,0,visible,,"<p data-start=""168"" data-end=""484"">Un detalle sofisticado que aporta <strong data-start=""202"" data-end=""238"">brillo y elegancia contemporánea</strong> a cualquier espacio. Nuestro <strong data-start=""268"" data-end=""304"">jarrón en latón plateado</strong> combina la fuerza del metal con un acabado luminoso y moderno, convirtiéndose en un accesorio versátil que puede destacar por sí solo o acompañado de flores y ramas decorativas.</p>\n<p data-start=""486"" data-end=""898"">Imagina este jarrón sobre una <strong data-start=""516"" data-end=""562"">mesa de centro con flores blancas o verdes</strong> para un contraste elegante, en una <strong data-start=""598"" data-end=""658"">consola de recibidor junto a velas y cuadros decorativos</strong> para crear una bienvenida sofisticada, o en la <strong data-start=""706"" data-end=""738"">sala sobre una mesa auxiliar</strong> como detalle independiente que realza el ambiente. También funciona perfectamente en <strong data-start=""824"" data-end=""850"">dormitorios o estudios</strong>, aportando un toque de luz y estilo refinado.</p>\n<p class=""cvGsUA direction-ltr align-start para-style-body""><span class=""OYPEnA font-feature-liga-off font-feature-clig-off font-feature-calt-off text-decoration-none text-strikethrough-none""><strong>Dimensiones:</strong> 31cm x 10cm x 38xm</span></p>\n<strong>Referencia:</strong> 14211",,,taxable,,1,,,0,0,,,,,0,,,299900,"Jarrones, Jarrones > Jarrones Hogar",,,https://anbarhome.com/wp-content/uploads/2025/07/14211-Photoroom.jpg,,,,,,,,,0,,2025-07-02,default,,yes,,,,,,0,,nickx_video_url_youtube,no,10000000000000,,,,,,,,,,,,,,,,,,,,,,,,,,,,,,,,,,,,,,,,,,,,
3980,simple,1495,,"Set de jarrones en latón Dorado",1,0,visible,,"<p data-start=""191"" data-end=""572"">La pareja perfecta para darle a tu hogar un <strong data-start=""235"" data-end=""270"">toque de brillo y sofisticación</strong>. Nuestro <strong data-start=""280"" data-end=""315"">set de jarrones en latón dorado</strong> combina un diseño elegante con un acabado metálico que refleja la luz y aporta calidez a cualquier ambiente. Su versatilidad permite que se adapten tanto a espacios modernos como a interiores clásicos, siempre destacando como un detalle de lujo discreto.</p>\n<p data-start=""574"" data-end=""936"">Imagina este set en la <strong data-start=""597"" data-end=""645"">mesa de comedor como centro de mesa elegante</strong>, en una <strong data-start=""654"" data-end=""714"">consola de recibidor junto a velas y cuadros decorativos</strong>, o separados para dar vida a diferentes rincones: uno en la <strong data-start=""775"" data-end=""807"">sala sobre una mesa auxiliar</strong> y otro en la <strong data-start=""821"" data-end=""852"">habitación sobre una cómoda</strong>. Su diseño atemporal los convierte en piezas decorativas que nunca pasan de moda.</p>\n<p class=""cvGsUA direction-ltr align-center para-style-body""><span class=""OYPEnA font-feature-liga-off font-feature-clig-off font-feature-calt-off text-decoration-none text-strikethrough-none""><strong>Dimensiones:</strong> Grande: 45cm altura / </span><span class=""OYPEnA font-feature-liga-off font-feature-clig-off font-feature-calt-off text-decoration-none text-strikethrough-none"">Mediano: 40cm altura / </span><span class=""OYPEnA font-feature-liga-off font-feature-clig-off font-feature-calt-off text-decoration-none text-strikethrough-none"">Pequeño: 36 de altura</span></p>\n<strong>Referencia:</strong> 1495\n<p class=""cvGsUA direction-ltr align-center para-style-body""></p>",,,taxable,,1,,,0,0,,,,,0,,,1100000,"Jarrones, Jarrones > Jarrones Hogar",,,https://anbarhome.com/wp-content/uploads/2025/07/1495-Photoroom.jpg,,,,,,,,,0,,2025-07-02,default,,yes,,,,,,0,,nickx_video_url_youtube,no,10000000000000,,,,,,,,,,,,,,,,,,,,,,,,,,,,,,,,,,,,,,,,,,,,
3986,simple,1394,,"Jarrón en latón grande dorado",1,0,visible,,"<p data-start=""177"" data-end=""518"">La pieza perfecta para añadir un <strong data-start=""210"" data-end=""242"">toque de brillo y distinción</strong> a tu hogar. Nuestro <strong data-start=""263"" data-end=""289"">jarrón en latón dorado</strong> combina un diseño elegante con un acabado metálico que refleja la luz y realza cualquier ambiente. Su versatilidad lo convierte en un accesorio decorativo que puede ser protagonista o complemento según el estilo de tu espacio.</p>\n<p data-start=""520"" data-end=""883"">Imagina este jarrón en una <strong data-start=""547"" data-end=""608"">mesa de centro con ramas verdes para un contraste natural</strong>, en un <strong data-start=""616"" data-end=""658"">recibidor acompañado de libros y velas</strong> para una entrada sofisticada, o en el <strong data-start=""697"" data-end=""728"">comedor como centro de mesa</strong>, aportando un aire festivo y refinado. También funciona como <strong data-start=""790"" data-end=""831"">pieza independiente en una estantería</strong>, sumando un detalle de lujo discreto y atemporal.</p>\n<p class=""cvGsUA direction-ltr align-start para-style-body""><span class=""OYPEnA font-feature-liga-off font-feature-clig-off font-feature-calt-off text-decoration-none text-strikethrough-none""><strong>Dimensiones:</strong> 20cm x 45cm</span></p>\n<strong>Referencia:</strong> 1394",,,taxable,,1,,,0,0,,,,,0,,,249900,"Jarrones, Jarrones > Jarrones Hogar",,,https://anbarhome.com/wp-content/uploads/2025/07/1393-Photoroom-1.jpg,,,,,,,,,0,,2025-07-02,default,,yes,,,,,,0,,nickx_video_url_youtube,no,10000000000000,,,,,,,,,,,,,,,,,,,,,,,,,,,,,,,,,,,,,,,,,,,,
3987,simple,1393,,"Jarrón en latón mediano dorado",1,0,visible,,"<p data-start=""177"" data-end=""518"">La pieza perfecta para añadir un <strong data-start=""210"" data-end=""242"">toque de brillo y distinción</strong> a tu hogar. Nuestro <strong data-start=""263"" data-end=""289"">jarrón en latón dorado</strong> combina un diseño elegante con un acabado metálico que refleja la luz y realza cualquier ambiente. Su versatilidad lo convierte en un accesorio decorativo que puede ser protagonista o complemento según el estilo de tu espacio.</p>\n<p data-start=""520"" data-end=""883"">Imagina este jarrón en una <strong data-start=""547"" data-end=""608"">mesa de centro con ramas verdes para un contraste natural</strong>, en un <strong data-start=""616"" data-end=""658"">recibidor acompañado de libros y velas</strong> para una entrada sofisticada, o en el <strong data-start=""697"" data-end=""728"">comedor como centro de mesa</strong>, aportando un aire festivo y refinado. También funciona como <strong data-start=""790"" data-end=""831"">pieza independiente en una estantería</strong>, sumando un detalle de lujo discreto y atemporal.</p>\n<p class=""cvGsUA direction-ltr align-start para-style-body""><span class=""OYPEnA font-feature-liga-off font-feature-clig-off font-feature-calt-off text-decoration-none text-strikethrough-none""><strong>Dimensiones:</strong> 17cm x</span> <span class=""OYPEnA font-feature-liga-off font-feature-clig-off font-feature-calt-off text-decoration-none text-strikethrough-none"">35cm</span></p>\n<strong>Referencia:</strong> 1393",,,taxable,,1,,,0,0,,,,,0,,,219900,"Jarrones, Jarrones > Jarrones Hogar",,,https://anbarhome.com/wp-content/uploads/2025/07/1393-Photoroom.jpg,,,,,,,,,0,,2025-07-02,default,,yes,,,,,,0,,nickx_video_url_youtube,no,10000000000000,,,,,,,,,,,,,,,,,,,,,,,,,,,,,,,,,,,,,,,,,,,,
3988,simple,1397,,"Set de jarrones en latón con terminado envejecido",1,0,visible,,"<p data-start=""214"" data-end=""605"">Un dúo que combina <strong data-start=""233"" data-end=""276"">elegancia, carácter y esencia artesanal</strong>. Nuestro <strong data-start=""286"" data-end=""339"">set de jarrones en latón con terminado envejecido</strong> refleja la belleza del paso del tiempo, con un acabado que aporta textura, calidez y sofisticación a cualquier ambiente. Cada pieza está pensada para destacar tanto juntas como por separado, convirtiéndose en un recurso versátil dentro de la decoración del hogar.</p>\n<p data-start=""607"" data-end=""961"">Úsalos como protagonistas en la <strong data-start=""639"" data-end=""684"">mesa de comedor con flores secas o pampas</strong>, colócalos en una <strong data-start=""703"" data-end=""769"">consola de recibidor acompañados de velas y libros decorativos</strong> para una entrada imponente, o distribúyelos en distintos espacios: uno en la <strong data-start=""847"" data-end=""892"">sala como pieza escultórica independiente</strong> y otro en un <strong data-start=""906"" data-end=""931"">rincón del dormitorio</strong> aportando un detalle único.</p>\n<p class=""cvGsUA direction-ltr align-center para-style-body""><span class=""OYPEnA font-feature-liga-off font-feature-clig-off font-feature-calt-off text-decoration-none text-strikethrough-none""><strong>Dimensiones:</strong> Grande: 52cm x 45.5cm / </span><span class=""OYPEnA font-feature-liga-off font-feature-clig-off font-feature-calt-off text-decoration-none text-strikethrough-none"">Mediano: 34cm x 37cm / </span><span class=""OYPEnA font-feature-liga-off font-feature-clig-off font-feature-calt-off text-decoration-none text-strikethrough-none"">Pequeño: 26cm x 27cm</span></p>\n<strong>Referencia:</strong> 1397\n<p class=""cvGsUA direction-ltr align-center para-style-body""></p>",,,taxable,,1,,,0,0,,,,,0,,,1590000,"Jarrones, Jarrones > Jarrones Hogar",,,https://anbarhome.com/wp-content/uploads/2025/07/1397-Photoroom.jpg,,,,,,,,,0,,2025-07-02,default,,yes,,,,,,0,,nickx_video_url_youtube,no,10000000000000,,,,,,,,,,,,,,,,,,,,,,,,,,,,,,,,,,,,,,,,,,,,
3989,simple,1395,,"Set de jarrones negros en latón",1,0,visible,,"<p data-start=""179"" data-end=""509"">Elegantes, modernos y llenos de carácter. Nuestro <strong data-start=""229"" data-end=""264"">set de jarrones negros en latón</strong> aporta un aire <strong data-start=""280"" data-end=""311"">sofisticado y contemporáneo</strong> a cualquier espacio. El acabado metálico en tono negro combina la fuerza del latón con la sobriedad de un color atemporal, convirtiendo a estas piezas en protagonistas discretas pero impactantes.</p>\n<p data-start=""511"" data-end=""965"">Colócalos juntos sobre una <strong data-start=""538"" data-end=""595"">consola de recibidor acompañados de un espejo y velas</strong> para una entrada con estilo, úsalos en la <strong data-start=""638"" data-end=""689"">mesa de comedor con ramas secas o flores claras</strong> para un contraste llamativo, o sepáralos para decorar distintos rincones: uno en la <strong data-start=""774"" data-end=""806"">sala sobre la mesa de centro</strong> y otro en una <strong data-start=""821"" data-end=""846"">estantería decorativa</strong>. Su versatilidad permite integrarlos en ambientes modernos, industriales, minimalistas o incluso clásicos renovados.</p>\n<p class=""cvGsUA direction-ltr align-start para-style-body""><span class=""OYPEnA font-feature-liga-off font-feature-clig-off font-feature-calt-off text-decoration-none text-strikethrough-none""><strong>Dimensiones:</strong> Grande: 31cm x 78cm / </span><span class=""OYPEnA font-feature-liga-off font-feature-clig-off font-feature-calt-off text-decoration-none text-strikethrough-none"">Mediano: 32.5cm x 64cm / </span><span class=""OYPEnA font-feature-liga-off font-feature-clig-off font-feature-calt-off text-decoration-none text-strikethrough-none"">Pequeño: 24cm x 50cm</span></p>\n<strong>Referencia:</strong> 1395\n<p class=""cvGsUA direction-ltr align-start para-style-body""></p>",,,taxable,,1,,,0,0,,,,,0,,,1790000,"Jarrones, Jarrones > Jarrones Hogar",,,https://anbarhome.com/wp-content/uploads/2025/07/1395-Photoroom.jpg,,,,,,,,,0,,2025-07-02,default,,yes,,,,,,0,,nickx_video_url_youtube,no,10000000000000,,,,,,,,,,,,,,,,,,,,,,,,,,,,,,,,,,,,,,,,,,,,
3990,simple,1396,,"Set de jarrones dorados en latón",1,0,visible,,"<p data-start=""167"" data-end=""537"">Un conjunto que desprende <strong data-start=""193"" data-end=""225"">lujo, brillo y sofisticación</strong>. Nuestro <strong data-start=""235"" data-end=""271"">set de jarrones dorados en latón</strong> es la elección perfecta para quienes buscan añadir un detalle exclusivo y atemporal a su decoración. Cada pieza, con su acabado metálico dorado, refleja la luz con sutileza y aporta un aire cálido y refinado que transforma cualquier rincón en un espacio elegante.</p>\n<p data-start=""539"" data-end=""900"">Colócalos juntos para crear un <strong data-start=""570"" data-end=""613"">centro de mesa impactante en el comedor</strong>, combínalos en una <strong data-start=""633"" data-end=""688"">consola de recibidor acompañados de velas y espejos</strong> para una entrada sofisticada, o sepáralos en diferentes espacios: uno en la <strong data-start=""765"" data-end=""818"">sala como pieza protagonista en la mesa de centro</strong> y otro en una <strong data-start=""833"" data-end=""858"">estantería decorativa</strong>, aportando equilibrio y armonía visual.</p>\n<p class=""cvGsUA direction-ltr align-start para-style-body""><span class=""OYPEnA font-feature-liga-off font-feature-clig-off font-feature-calt-off text-decoration-none text-strikethrough-none""><strong>Dimensiones:</strong> Grande: 31.5cm x 66cm / </span><span class=""OYPEnA font-feature-liga-off font-feature-clig-off font-feature-calt-off text-decoration-none text-strikethrough-none"">Mediano: 29.5cm x 61cm</span></p>\n<strong>Referencia:</strong> 1396\n<p class=""cvGsUA direction-ltr align-start para-style-body""></p>",,,taxable,,1,,,0,0,,,,,0,,,799000,"Jarrones, Jarrones > Jarrones Hogar",,,https://anbarhome.com/wp-content/uploads/2025/07/1396-Photoroom.jpg,,,,,,,,,0,,2025-07-02,default,,yes,,,,,,0,,nickx_video_url_youtube,no,10000000000000,,,,,,,,,,,,,,,,,,,,,,,,,,,,,,,,,,,,,,,,,,,,
3991,simple,14992,,"Jarrón grande en latón dorado",1,0,visible,,"<p data-start=""186"" data-end=""543"">Un clásico moderno que nunca pasa desapercibido. El <strong data-start=""238"" data-end=""264"">jarrón en latón dorado</strong> es una pieza que aporta <strong data-start=""289"" data-end=""344"">sofisticación, calidez y un toque de lujo atemporal</strong> a cualquier espacio. Su acabado metálico dorado refleja la luz de manera sutil, convirtiéndolo en un objeto decorativo ideal tanto para destacar en solitario como para acompañar arreglos florales.</p>\n<p data-start=""545"" data-end=""901"">Visualízalo en un <strong data-start=""563"" data-end=""611"">aparador elegante con velas y portarretratos</strong>, en una <strong data-start=""620"" data-end=""668"">mesa auxiliar junto a una lámpara decorativa</strong>, o como <strong data-start=""677"" data-end=""749"">pieza central en la mesa de comedor con flores blancas o ramas secas</strong> para generar contraste. También es perfecto para crear <strong data-start=""805"" data-end=""865"">rincones sofisticados en salones, estudios o dormitorios</strong>, aportando brillo y personalidad.</p>\n<p class=""cvGsUA direction-ltr align-start para-style-body""><span class=""OYPEnA font-feature-liga-off font-feature-clig-off font-feature-calt-off text-decoration-none text-strikethrough-none""><strong>Dimensiones:</strong> 59cm de altura</span></p>\n<strong>Referencia:</strong> 14992",,,taxable,,1,,,0,0,,,,,0,,,499900,"Jarrones, Jarrones > Jarrones Hogar",,,https://anbarhome.com/wp-content/uploads/2025/07/14991-Photoroom-1.jpg,,,,,,,,,0,,2025-07-02,default,,yes,,,,,,0,,nickx_video_url_youtube,no,10000000000000,,,,,,,,,,,,,,,,,,,,,,,,,,,,,,,,,,,,,,,,,,,,
3992,simple,14991,,"Jarrón pequeño en latón dorado",1,0,visible,,"<p data-start=""186"" data-end=""543"">Un clásico moderno que nunca pasa desapercibido. El <strong data-start=""238"" data-end=""264"">jarrón en latón dorado</strong> es una pieza que aporta <strong data-start=""289"" data-end=""344"">sofisticación, calidez y un toque de lujo atemporal</strong> a cualquier espacio. Su acabado metálico dorado refleja la luz de manera sutil, convirtiéndolo en un objeto decorativo ideal tanto para destacar en solitario como para acompañar arreglos florales.</p>\n<p data-start=""545"" data-end=""901"">Visualízalo en un <strong data-start=""563"" data-end=""611"">aparador elegante con velas y portarretratos</strong>, en una <strong data-start=""620"" data-end=""668"">mesa auxiliar junto a una lámpara decorativa</strong>, o como <strong data-start=""677"" data-end=""749"">pieza central en la mesa de comedor con flores blancas o ramas secas</strong> para generar contraste. También es perfecto para crear <strong data-start=""805"" data-end=""865"">rincones sofisticados en salones, estudios o dormitorios</strong>, aportando brillo y personalidad.</p>\n<p class=""cvGsUA direction-ltr align-start para-style-body""><span class=""OYPEnA font-feature-liga-off font-feature-clig-off font-feature-calt-off text-decoration-none text-strikethrough-none""><strong>Dimensiones:</strong> 49cm de altura</span></p>\n<strong>Referencia:</strong> 14991",,,taxable,,1,,,0,0,,,,,0,,,299900,"Jarrones, Jarrones > Jarrones Hogar",,,https://anbarhome.com/wp-content/uploads/2025/07/14991-Photoroom.jpg,,,,,,,,,0,,2025-07-02,default,,yes,,,,,,0,,nickx_video_url_youtube,no,10000000000000,,,,,,,,,,,,,,,,,,,,,,,,,,,,,,,,,,,,,,,,,,,,
3995,simple,1390,,"Jarrón pequeño en latón dorado",1,0,visible,,"<p data-start=""145"" data-end=""523"">Un diseño que irradia <strong data-start=""167"" data-end=""202"">lujo, elegancia y sofisticación</strong>. Nuestro <strong data-start=""212"" data-end=""238"">jarrón en latón dorado</strong> es una pieza decorativa capaz de transformar cualquier espacio en un ambiente lleno de estilo. Su acabado metálico brillante aporta luminosidad y un aire refinado que lo convierte en protagonista, ya sea usado solo como objeto escultórico o acompañado de flores y ramas decorativas.</p>\n<p data-start=""525"" data-end=""891"">Imagina este jarrón en la <strong data-start=""551"" data-end=""609"">mesa de comedor como centro de mesa con flores blancas</strong>, en una <strong data-start=""618"" data-end=""668"">consola de recibidor junto a un espejo y velas</strong> para una bienvenida glamorosa, o en la <strong data-start=""708"" data-end=""740"">sala sobre una mesa auxiliar</strong>, aportando un toque elegante y atemporal. También es perfecto para <strong data-start=""808"" data-end=""843"">eventos o celebraciones en casa</strong>, como detalle que deslumbra en la decoración.</p>\n<p class=""cvGsUA direction-ltr align-center para-style-body""><span class=""OYPEnA font-feature-liga-off font-feature-clig-off font-feature-calt-off text-decoration-none text-strikethrough-none""><strong>Dimensiones:</strong> 26.5cm x 36.5cm</span></p>\n<strong>Referencia:</strong> 1390\n<p class=""cvGsUA direction-ltr align-center para-style-body""></p>",,,taxable,,1,,,0,0,,,,,0,,,449900,"Jarrones, Jarrones > Jarrones Hogar",,,https://anbarhome.com/wp-content/uploads/2025/07/1392-Photoroom-2.jpg,,,,,,,,,0,,2025-07-02,default,,yes,,,,,,0,,nickx_video_url_youtube,no,10000000000000,,,,,,,,,,,,,,,,,,,,,,,,,,,,,,,,,,,,,,,,,,,,
3996,simple,1391,,"Jarrón mediano en latón dorado",1,0,visible,,"<p data-start=""145"" data-end=""523"">Un diseño que irradia <strong data-start=""167"" data-end=""202"">lujo, elegancia y sofisticación</strong>. Nuestro <strong data-start=""212"" data-end=""238"">jarrón en latón dorado</strong> es una pieza decorativa capaz de transformar cualquier espacio en un ambiente lleno de estilo. Su acabado metálico brillante aporta luminosidad y un aire refinado que lo convierte en protagonista, ya sea usado solo como objeto escultórico o acompañado de flores y ramas decorativas.</p>\n<p data-start=""525"" data-end=""891"">Imagina este jarrón en la <strong data-start=""551"" data-end=""609"">mesa de comedor como centro de mesa con flores blancas</strong>, en una <strong data-start=""618"" data-end=""668"">consola de recibidor junto a un espejo y velas</strong> para una bienvenida glamorosa, o en la <strong data-start=""708"" data-end=""740"">sala sobre una mesa auxiliar</strong>, aportando un toque elegante y atemporal. También es perfecto para <strong data-start=""808"" data-end=""843"">eventos o celebraciones en casa</strong>, como detalle que deslumbra en la decoración.</p>\n<p class=""cvGsUA direction-ltr align-center para-style-body""><span class=""OYPEnA font-feature-liga-off font-feature-clig-off font-feature-calt-off text-decoration-none text-strikethrough-none""><strong>Dimensiones:</strong> 33cm x 46cm</span></p>\n<strong>Referencia:</strong> 1391\n<p class=""cvGsUA direction-ltr align-center para-style-body""></p>",,,taxable,,1,,,0,0,,,,,0,,,599900,"Jarrones, Jarrones > Jarrones Hogar",,,https://anbarhome.com/wp-content/uploads/2025/07/1392-Photoroom-1.jpg,,,,,,,,,0,,2025-07-02,default,,yes,,,,,,0,,nickx_video_url_youtube,no,10000000000000,,,,,,,,,,,,,,,,,,,,,,,,,,,,,,,,,,,,,,,,,,,,
3997,simple,1392,,"Jarrón grande en latón dorado",1,0,visible,,"<p data-start=""145"" data-end=""523"">Un diseño que irradia <strong data-start=""167"" data-end=""202"">lujo, elegancia y sofisticación</strong>. Nuestro <strong data-start=""212"" data-end=""238"">jarrón en latón dorado</strong> es una pieza decorativa capaz de transformar cualquier espacio en un ambiente lleno de estilo. Su acabado metálico brillante aporta luminosidad y un aire refinado que lo convierte en protagonista, ya sea usado solo como objeto escultórico o acompañado de flores y ramas decorativas.</p>\n<p data-start=""525"" data-end=""891"">Imagina este jarrón en la <strong data-start=""551"" data-end=""609"">mesa de comedor como centro de mesa con flores blancas</strong>, en una <strong data-start=""618"" data-end=""668"">consola de recibidor junto a un espejo y velas</strong> para una bienvenida glamorosa, o en la <strong data-start=""708"" data-end=""740"">sala sobre una mesa auxiliar</strong>, aportando un toque elegante y atemporal. También es perfecto para <strong data-start=""808"" data-end=""843"">eventos o celebraciones en casa</strong>, como detalle que deslumbra en la decoración.</p>\n<p class=""cvGsUA direction-ltr align-center para-style-body""><span class=""OYPEnA font-feature-liga-off font-feature-clig-off font-feature-calt-off text-decoration-none text-strikethrough-none""><strong>Dimensiones:</strong> 35cm x 63cm</span></p>\n<strong>Referencia:</strong> 1392\n<p class=""cvGsUA direction-ltr align-center para-style-body""></p>",,,taxable,,1,,,0,0,,,,,0,,,699900,"Jarrones, Jarrones > Jarrones Hogar",,,https://anbarhome.com/wp-content/uploads/2025/07/1392-Photoroom.jpg,,,,,,,,,0,,2025-07-02,default,,yes,,,,,,0,,nickx_video_url_youtube,no,10000000000000,,,,,,,,,,,,,,,,,,,,,,,,,,,,,,,,,,,,,,,,,,,,
3999,simple,1388,,"Jarrón en latón mediano envejecido",1,0,visible,,"<p data-start=""227"" data-end=""544"">Un verdadero clásico reinventado. El <strong data-start=""264"" data-end=""301"">jarrón en latón mediano envejecido</strong> es una pieza decorativa que destaca por su presencia y carácter. Su acabado metálico con efecto desgastado aporta un aire <strong data-start=""424"" data-end=""449"">antiguo y sofisticado</strong>, ideal para quienes aman los objetos que cuentan historias y transmiten elegancia atemporal.</p>\n<p data-start=""546"" data-end=""968"">Su tamaño lo convierte en protagonista dentro de cualquier ambiente: úsalo en una <strong data-start=""628"" data-end=""681"">esquina de la sala con ramas secas de gran altura</strong>, como <strong data-start=""688"" data-end=""747"">centro de atención en el comedor con flores exuberantes</strong>, o en un <strong data-start=""757"" data-end=""802"">recibidor acompañado de un espejo y velas</strong> para crear una atmósfera cálida y majestuosa. También encaja perfecto en decoraciones de estilo <strong data-start=""899"" data-end=""932"">industrial, vintage o rústico</strong>, aportando un contraste refinado.</p>\n<p class=""cvGsUA direction-ltr align-start para-style-body""><span class=""OYPEnA font-feature-liga-off font-feature-clig-off font-feature-calt-off text-decoration-none text-strikethrough-none""><strong>Dimensiones:</strong> 29cm x 40.5cm</span></p>\n<strong>Referencia:</strong> 1388",,,taxable,,1,,,0,0,,,,,0,,,459900,"Jarrones, Jarrones > Jarrones Hogar",,,https://anbarhome.com/wp-content/uploads/2025/07/1387-Photoroom-1.jpg,,,,,,,,,0,,2025-07-02,default,,yes,,,,,,0,,nickx_video_url_youtube,no,10000000000000,,,,,,,,,,,,,,,,,,,,,,,,,,,,,,,,,,,,,,,,,,,,
4000,simple,1387,,"Jarrón en latón grande envejecido",1,0,visible,,"<p data-start=""227"" data-end=""544"">Un verdadero clásico reinventado. El <strong data-start=""264"" data-end=""301"">jarrón en latón grande envejecido</strong> es una pieza decorativa que destaca por su presencia y carácter. Su acabado metálico con efecto desgastado aporta un aire <strong data-start=""424"" data-end=""449"">antiguo y sofisticado</strong>, ideal para quienes aman los objetos que cuentan historias y transmiten elegancia atemporal.</p>\n<p data-start=""546"" data-end=""968"">Su tamaño lo convierte en protagonista dentro de cualquier ambiente: úsalo en una <strong data-start=""628"" data-end=""681"">esquina de la sala con ramas secas de gran altura</strong>, como <strong data-start=""688"" data-end=""747"">centro de atención en el comedor con flores exuberantes</strong>, o en un <strong data-start=""757"" data-end=""802"">recibidor acompañado de un espejo y velas</strong> para crear una atmósfera cálida y majestuosa. También encaja perfecto en decoraciones de estilo <strong data-start=""899"" data-end=""932"">industrial, vintage o rústico</strong>, aportando un contraste refinado.</p>\n<p class=""cvGsUA direction-ltr align-start para-style-body""><span class=""OYPEnA font-feature-liga-off font-feature-clig-off font-feature-calt-off text-decoration-none text-strikethrough-none""><strong>Dimensiones:</strong> 35.5cm x 49.5cm</span></p>\n<strong>Referencia:</strong> 1387",,,taxable,,1,,,0,0,,,,,0,,,589900,"Jarrones, Jarrones > Jarrones Hogar",,,https://anbarhome.com/wp-content/uploads/2025/07/1387-Photoroom.jpg,,,,,,,,,0,,2025-07-02,default,,yes,,,,,,0,,nickx_video_url_youtube,no,10000000000000,,,,,,,,,,,,,,,,,,,,,,,,,,,,,,,,,,,,,,,,,,,,
4002,simple,1112,,"Jarrón blanco en resina",1,0,visible,,"<p data-start=""212"" data-end=""536"">En <strong data-start=""215"" data-end=""229"">ANBAR HOME</strong> creemos que los objetos decorativos son los que dan vida a un hogar, y nuestro <strong data-start=""309"" data-end=""336"">jarrón blanco en resina</strong> es la pieza perfecta para lograrlo. Su acabado en blanco aporta frescura y luminosidad, mientras que la resina garantiza resistencia y ligereza, convirtiéndolo en un accesorio versátil y atemporal.</p>\n<p data-start=""538"" data-end=""846"">Imagina tu sala con este jarrón sobre la mesa de centro, decorado con ramas verdes o flores secas, creando un contraste natural que aporta calma y elegancia. También puedes colocarlo en tu habitación sobre una cómoda, o en la entrada de tu hogar para dar la bienvenida con un detalle sutil pero impactante.</p>\n<p class=""cvGsUA direction-ltr align-center para-style-body""><span class=""OYPEnA font-feature-liga-off font-feature-clig-off font-feature-calt-off text-decoration-none text-strikethrough-none"">Dimensiones: 26cm x 8.5cm x 35,5 cm</span></p>\nReferencia: 1112",,,taxable,,1,,,0,0,,,,,1,,,289900,"Jarrones, Jarrones > Jarrones Hogar",,,https://anbarhome.com/wp-content/uploads/2025/07/1112-Photoroom.jpg,,,,,,,,,0,,,default,,yes,,,,,,0,,nickx_video_url_youtube,no,10000000000000,,,,,,,,,,,,,,,,,,,,,,,,,,,,,,,,,,,,,,,,,,,,
4019,simple,78267,,"Reloj de mesa con estructura en acero y recuadro en madera",1,0,visible,,"<p data-start=""190"" data-end=""515"">Elegancia y funcionalidad en un solo diseño. Este reloj de mesa combina la resistencia del acero con la calidez y textura de la madera, creando un contraste moderno y sofisticado que realza cualquier espacio. Su estructura sólida garantiza durabilidad, mientras que el recuadro en madera aporta un toque natural y acogedor.</p>\n<p data-start=""517"" data-end=""765"">Perfecto para colocar sobre escritorios, consolas, repisas o mesas auxiliares, funcionando como un elemento decorativo y práctico al mismo tiempo. Ideal para oficinas, salas o dormitorios, añade estilo y personalidad sin sacrificar funcionalidad.</p>\n<p class=""cvGsUA direction-ltr align-start para-style-body""><span class=""OYPEnA font-feature-liga-off font-feature-clig-off font-feature-calt-off text-decoration-none text-strikethrough-none""><strong>Dimensiones:</strong> 45cm x 38 cm</span></p>\n<strong>Referencia:</strong> <span data-sheets-root=""1"">78267</span>",,,taxable,,1,,,0,0,,,,,0,,,469900,"Accesorios decorativos, Relojes, Accesorios decorativos > Relojes, Todos los productos",,,https://anbarhome.com/wp-content/uploads/2025/07/78267.jpg,,,,,,,,,0,,,default,,yes,,,,,,0,,nickx_video_url_youtube,no,10000000000000,,,,,,,,,,,,,,,,,,,,,,,,,,,,,,,,,,,,,,,,,,,,
4128,simple,MEMPHIS3,,"PINGUINO GRANDE IMPERIAL",1,0,visible,,"<p class=""cvGsUA direction-ltr align-center para-style-body""><span class=""OYPEnA font-feature-liga-off font-feature-clig-off font-feature-calt-off text-decoration-none text-strikethrough-none"">Grande: Medidas: 134 cm</span></p>\n<p class=""cvGsUA direction-ltr align-center para-style-body""></p>\n<p class=""cvGsUA direction-ltr align-center para-style-body""><span class=""OYPEnA font-feature-liga-off font-feature-clig-off font-feature-calt-off text-decoration-none text-strikethrough-none"">Material: Resina y felpa</span></p>",,,taxable,,1,,,0,0,,,,,0,,1800000,3600000,"Todos los productos",,,https://anbarhome.com/wp-content/uploads/2025/07/navidad_17_5.png,,,,,,,,,0,,,,,,,,,,,,,,,10000000000000,,,,,,,,,,,,,,,,,,,,,,,,,,,,,,,,,,,,,,,,,,,,
4129,simple,MEMPHIS2,,"PINGUINO GRANDE IMPERIAL",1,0,visible,,"<p class=""cvGsUA direction-ltr align-center para-style-body""><span class=""OYPEnA font-feature-liga-off font-feature-clig-off font-feature-calt-off text-decoration-none text-strikethrough-none"">Grande: Medidas: 134 cm</span></p>\n<p class=""cvGsUA direction-ltr align-center para-style-body""></p>\n<p class=""cvGsUA direction-ltr align-center para-style-body""><span class=""OYPEnA font-feature-liga-off font-feature-clig-off font-feature-calt-off text-decoration-none text-strikethrough-none"">Material: Resina y felpa</span></p>",,,taxable,,1,,,0,0,,,,,0,,1800000,3600000,"Todos los productos",,,https://anbarhome.com/wp-content/uploads/2025/07/navidad_17_4.png,,,,,,,,,0,,,,,,,,,,,,,,,10000000000000,,,,,,,,,,,,,,,,,,,,,,,,,,,,,,,,,,,,,,,,,,,,
4130,simple,MUMBLE,,"PINGUINO GRANDE IMPERIAL",1,0,visible,,"<p class=""cvGsUA direction-ltr align-center para-style-body""><span class=""OYPEnA font-feature-liga-off font-feature-clig-off font-feature-calt-off text-decoration-none text-strikethrough-none"">Grande: Medidas: 90 cm</span></p>\n<p class=""cvGsUA direction-ltr align-center para-style-body""></p>\n<p class=""cvGsUA direction-ltr align-center para-style-body""><span class=""OYPEnA font-feature-liga-off font-feature-clig-off font-feature-calt-off text-decoration-none text-strikethrough-none"">Material: Resina y felpa</span></p>",,,taxable,,1,,,0,0,,,,,0,,1800000,3600000,"Todos los productos",,,https://anbarhome.com/wp-content/uploads/2025/07/navidad_17_3.png,,,,,,,,,0,,,,,,,,,,,,,,,10000000000000,,,,,,,,,,,,,,,,,,,,,,,,,,,,,,,,,,,,,,,,,,,,
4131,simple,MEMPHIS,,"PINGUINO GRANDE IMPERIAL",1,0,visible,,"<p class=""cvGsUA direction-ltr align-center para-style-body""><span class=""OYPEnA font-feature-liga-off font-feature-clig-off font-feature-calt-off text-decoration-none text-strikethrough-none"">Grande: Medidas: 134 cm</span></p>\n<p class=""cvGsUA direction-ltr align-center para-style-body""></p>\n<p class=""cvGsUA direction-ltr align-center para-style-body""><span class=""OYPEnA font-feature-liga-off font-feature-clig-off font-feature-calt-off text-decoration-none text-strikethrough-none"">Material: Resina y felpa</span></p>",,,taxable,,1,,,0,0,,,,,0,,1800000,3600000,"Todos los productos",,,https://anbarhome.com/wp-content/uploads/2025/07/navidad_17_2.png,,,,,,,,,0,,,,,,,,,,,,,,,10000000000000,,,,,,,,,,,,,,,,,,,,,,,,,,,,,,,,,,,,,,,,,,,,,,
4132,simple,NORMA,,"PINGUINO MEDIANO MPERIAL",1,0,visible,,"<p class=""cvGsUA direction-ltr align-center para-style-body""><span class=""OYPEnA font-feature-liga-off font-feature-clig-off font-feature-calt-off text-decoration-none text-strikethrough-none"">Grande: Medidas: 108 cm</span></p>\n<p class=""cvGsUA direction-ltr align-center para-style-body""></p>\n<p class=""cvGsUA direction-ltr align-center para-style-body""><span class=""OYPEnA font-feature-liga-off font-feature-clig-off font-feature-calt-off text-decoration-none text-strikethrough-none"">Material: Resina y felpa</span></p>",,,taxable,,1,,,0,0,,,,,0,,1400000,2800000,"Todos los productos",,,https://anbarhome.com/wp-content/uploads/2025/07/navidad_17_1.png,,,,,,,,,0,,,,,,,,,,,,,,,10000000000000,,,,,,,,,,,,,,,,,,,,,,,,,,,,,,,,,,,,,,,,,,,,,,
4133,simple,40cm3,,"BOLA DE NAVIDAD  AFFLUENT MATE",1,0,visible,,"<span class=""OYPEnA font-feature-liga-off font-feature-clig-off font-feature-calt-off text-decoration-none text-strikethrough-none"">MATERIAL: RESINA</span>",,,taxable,,1,,,0,0,,,,,0,,,199900,"Todos los productos",,,https://anbarhome.com/wp-content/uploads/2025/07/navidad_14_3.png,,,,,,,,,0,,,,,,,,,,,,,,,10000000000000,,,,,,,,,,,,,,,,,,,,,,,,,,,,,,,,,,,,,,,,,,,,,,
4134,simple,30cm3,,"BOLA DE NAVIDAD  AFFLUENT MATE",1,0,visible,,"<span class=""OYPEnA font-feature-liga-off font-feature-clig-off font-feature-calt-off text-decoration-none text-strikethrough-none"">MATERIAL: RESINA</span>",,,taxable,,1,,,0,0,,,,,0,,,119900,"Todos los productos",,,https://anbarhome.com/wp-content/uploads/2025/07/navidad_14_3.png,,,,,,,,,0,,,,,,,,,,,,,,,10000000000000,,,,,,,,,,,,,,,,,,,,,,,,,,,,,,,,,,,,,,,,,,,,,,
4135,simple,25cm3,,"BOLA DE NAVIDAD  AFFLUENT MATE",1,0,visible,,"<span class=""OYPEnA font-feature-liga-off font-feature-clig-off font-feature-calt-off text-decoration-none text-strikethrough-none"">MATERIAL: RESINA</span>",,,taxable,,1,,,0,0,,,,,0,,,89900,"Todos los productos",,,https://anbarhome.com/wp-content/uploads/2025/07/navidad_14_3.png,,,,,,,,,0,,,,,,,,,,,,,,,10000000000000,,,,,,,,,,,,,,,,,,,,,,,,,,,,,,,,,,,,,,,,,,,,,,
4136,simple,20cm2,,"BOLA DE NAVIDAD  mariposas CON LED  110V",1,0,visible,,"<span class=""OYPEnA font-feature-liga-off font-feature-clig-off font-feature-calt-off text-decoration-none text-strikethrough-none"">TIENE TOMA INDEPENDIENTE DE CORRIENTE - MATERIAL EN VIDRIO</span>",,,taxable,,1,,,0,0,,,,,0,,,99900,"Todos los productos",,,https://anbarhome.com/wp-content/uploads/2025/07/navidad_14_2.png,,,,,,,,,0,,,,,,,,,,,,,,,10000000000000,,,,,,,,,,,,,,,,,,,,,,,,,,,,,,,,,,,,,,,,,,,,,,
4137,simple,25cm1,,"BOLA DE NAVIDAD  mariposas CON LED  110V",1,0,visible,,"<span class=""OYPEnA font-feature-liga-off font-feature-clig-off font-feature-calt-off text-decoration-none text-strikethrough-none"">TIENE TOMA INDEPENDIENTE DE CORRIENTE - MATERIAL EN VIDRIO</span>",,,taxable,,1,,,0,0,,,,,0,,,199900,"Todos los productos",,,https://anbarhome.com/wp-content/uploads/2025/07/navidad_14_1.png,,,,,,,,,0,,,,,,,,,,,,,,,10000000000000,,,,,,,,,,,,,,,,,,,,,,,,,,,,,,,,,,,,,,,,,,,,,,
4138,simple,20cm1,,"BOLA DE NAVIDAD  mariposas CON LED  110V",1,0,visible,,"<span class=""OYPEnA font-feature-liga-off font-feature-clig-off font-feature-calt-off text-decoration-none text-strikethrough-none"">TIENE TOMA INDEPENDIENTE DE CORRIENTE - MATERIAL EN VIDRIO</span>",,,taxable,,1,,,0,0,,,,,0,,,119900,"Todos los productos",,,https://anbarhome.com/wp-content/uploads/2025/07/navidad_14_1.png,,,,,,,,,0,,,,,,,,,,,,,,,10000000000000,,,,,,,,,,,,,,,,,,,,,,,,,,,,,,,,,,,,,,,,,,,,,,
4139,simple,15cm1,,"BOLA DE NAVIDAD  mariposas CON LED  110V",1,0,visible,,"<span class=""OYPEnA font-feature-liga-off font-feature-clig-off font-feature-calt-off text-decoration-none text-strikethrough-none"">TIENE TOMA INDEPENDIENTE DE CORRIENTE - MATERIAL EN VIDRIO</span>",,,taxable,,1,,,0,0,,,,,0,,,89900,"Todos los productos",,,https://anbarhome.com/wp-content/uploads/2025/07/navidad_14_1.png,,,,,,,,,0,,,,,,,,,,,,,,,10000000000000,,,,,,,,,,,,,,,,,,,,,,,,,,,,,,,,,,,,,,,,,,,,,,
4143,simple,308006,,"RENO FELPA PEQUEÑO",1,0,visible,,"<p class=""cvGsUA direction-ltr align-center para-style-body""><span class=""OYPEnA font-feature-liga-off font-feature-clig-off font-feature-calt-off text-decoration-none text-strikethrough-none"">Pequeño: Medidas: 70cm x 24cm</span></p>\n<p class=""cvGsUA direction-ltr align-center para-style-body""></p>\n<p class=""cvGsUA direction-ltr align-center para-style-body""><span class=""OYPEnA font-feature-liga-off font-feature-clig-off font-feature-calt-off text-decoration-none text-strikethrough-none"">Material: Resina y felpa</span></p>",,,taxable,,1,,,0,0,,,,,0,,,1390000,"Todos los productos",,,https://anbarhome.com/wp-content/uploads/2025/07/navidad_12_4.png,,,,,,,,,0,,,,,,,,,,,,,,,10000000000000,,,,,,,,,,,,,,,,,,,,,,,,,,,,,,,,,,,,,,,,,,,,,,
4144,simple,308005,,"RENO FELPA PEQUEÑO",1,0,visible,,"<p class=""cvGsUA direction-ltr align-center para-style-body""><span class=""OYPEnA font-feature-liga-off font-feature-clig-off font-feature-calt-off text-decoration-none text-strikethrough-none"">Acostado: Medidas: 104cm x 42cm</span></p>\n<p class=""cvGsUA direction-ltr align-center para-style-body""></p>\n<p class=""cvGsUA direction-ltr align-center para-style-body""><span class=""OYPEnA font-feature-liga-off font-feature-clig-off font-feature-calt-off text-decoration-none text-strikethrough-none"">Material: Resina y felpa</span></p>",,,taxable,,1,,,0,0,,,,,0,,,2300000,"Todos los productos",,,https://anbarhome.com/wp-content/uploads/2025/07/navidad_12_3.png,,,,,,,,,0,,,,,,,,,,,,,,,10000000000000,,,,,,,,,,,,,,,,,,,,,,,,,,,,,,,,,,,,,,,,,,,,,,
4145,simple,80012A-B,,"RENO FELPA MEDIANO",1,0,visible,,"<p class=""cvGsUA direction-ltr align-center para-style-body""><span class=""OYPEnA font-feature-liga-off font-feature-clig-off font-feature-calt-off text-decoration-none text-strikethrough-none"">Mediano: Medidas: 150cm x 47cm</span></p>\n<p class=""cvGsUA direction-ltr align-center para-style-body""></p>\n<p class=""cvGsUA direction-ltr align-center para-style-body""><span class=""OYPEnA font-feature-liga-off font-feature-clig-off font-feature-calt-off text-decoration-none text-strikethrough-none"">Material: Resina y felpa</span></p>\n<p class=""cvGsUA direction-ltr align-center para-style-body""><span class=""OYPEnA font-feature-liga-off font-feature-clig-off font-feature-calt-off text-decoration-none text-strikethrough-none"">MUEVEN LA CABEZA DE LADO</span></p>\n<p class=""cvGsUA direction-ltr align-center para-style-body""><span class=""OYPEnA font-feature-liga-off font-feature-clig-off font-feature-calt-off text-decoration-none text-strikethrough-none"">A LADO. TAMBIEN TIENE SONIDO</span></p>",,,taxable,,1,,,0,0,,,,,0,,,5290000,"Todos los productos",,,https://anbarhome.com/wp-content/uploads/2025/07/navidad_12_2.png,,,,,,,,,0,,,,,,,,,,,,,,,10000000000000,,,,,,,,,,,,,,,,,,,,,,,,,,,,,,,,,,,,,,,,,,,,,,
4146,simple,8001M-A,,"RENO FELPA MEDIANO",1,0,visible,,"<p class=""cvGsUA direction-ltr align-center para-style-body""><span class=""OYPEnA font-feature-liga-off font-feature-clig-off font-feature-calt-off text-decoration-none text-strikethrough-none"">Grande: Medidas: 185cm x 62cm</span></p>\n<p class=""cvGsUA direction-ltr align-center para-style-body""><span class=""OYPEnA font-feature-liga-off font-feature-clig-off font-feature-calt-off text-decoration-none text-strikethrough-none"">Material: Resina y felpa</span></p>\n<p class=""cvGsUA direction-ltr align-center para-style-body""><span class=""OYPEnA font-feature-liga-off font-feature-clig-off font-feature-calt-off text-decoration-none text-strikethrough-none"">MUEVEN LA CABEZA DE LADO</span></p>\n<p class=""cvGsUA direction-ltr align-center para-style-body""><span class=""OYPEnA font-feature-liga-off font-feature-clig-off font-feature-calt-off text-decoration-none text-strikethrough-none"">A LADO. TAMBIEN TIENE SONIDO</span></p>",,,taxable,,1,,,0,0,,,,,0,,,6500000,"Todos los productos",,,https://anbarhome.com/wp-content/uploads/2025/07/navidad_12_1.png,,,,,,,,,0,,,,,,,,,,,,,,,10000000000000,,,,,,,,,,,,,,,,,,,,,,,,,,,,,,,,,,,,,,,,,,,,,,
4147,simple,308060,,"RENO FELPA PEQUEÑO",1,0,visible,,"<p class=""cvGsUA direction-ltr align-center para-style-body""><span class=""OYPEnA font-feature-liga-off font-feature-clig-off font-feature-calt-off text-decoration-none text-strikethrough-none"">Pequeño: Medidas: 90cm x 82cm</span></p>\n<p class=""cvGsUA direction-ltr align-center para-style-body""></p>\n<p class=""cvGsUA direction-ltr align-center para-style-body""><span class=""OYPEnA font-feature-liga-off font-feature-clig-off font-feature-calt-off text-decoration-none text-strikethrough-none"">Material: Resina y felpa</span></p>",,,taxable,,1,,,0,0,,,,,0,,,1790000,"Todos los productos",,,https://anbarhome.com/wp-content/uploads/2025/07/navidad_11_3.png,,,,,,,,,0,,,,,,,,,,,,,,,10000000000000,,,,,,,,,,,,,,,,,,,,,,,,,,,,,,,,,,,,,,,,,,,,,,
4148,simple,308014,,"RENO FELPA MEDIANO",1,0,visible,,"<p class=""cvGsUA direction-ltr align-center para-style-body""><span class=""OYPEnA font-feature-liga-off font-feature-clig-off font-feature-calt-off text-decoration-none text-strikethrough-none"">Mediano: Medidas: 168cm x 116 cm</span></p>\n<p class=""cvGsUA direction-ltr align-center para-style-body""></p>\n<p class=""cvGsUA direction-ltr align-center para-style-body""><span class=""OYPEnA font-feature-liga-off font-feature-clig-off font-feature-calt-off text-decoration-none text-strikethrough-none"">Material: Resina y felpa</span></p>",,,taxable,,1,,,0,0,,,,,0,,,3500000,"Todos los productos",,,https://anbarhome.com/wp-content/uploads/2025/07/navidad_11_2.png,,,,,,,,,0,,,,,,,,,,,,,,,10000000000000,,,,,,,,,,,,,,,,,,,,,,,,,,,,,,,,,,,,,,,,,,,,,,
4149,simple,308057,,"RENO FELPA GRANDE",1,0,visible,,"<p class=""cvGsUA direction-ltr align-center para-style-body""><span class=""OYPEnA font-feature-liga-off font-feature-clig-off font-feature-calt-off text-decoration-none text-strikethrough-none"">Grande: Medidas: 130cm x 105 cm</span></p>\n<p class=""cvGsUA direction-ltr align-center para-style-body""></p>\n<p class=""cvGsUA direction-ltr align-center para-style-body""><span class=""OYPEnA font-feature-liga-off font-feature-clig-off font-feature-calt-off text-decoration-none text-strikethrough-none"">Material: Resina y felpa</span></p>",,,taxable,,1,,,0,0,,,,,0,,,4200000,"Todos los productos",,,https://anbarhome.com/wp-content/uploads/2025/07/navidad_11_1.png,,,,,,,,,0,,,,,,,,,,,,,,,10000000000000,,,,,,,,,,,,,,,,,,,,,,,,,,,,,,,,,,,,,,,,,,,,,,
4151,simple,306001,,"TAMBORES NAVIDAD",1,0,visible,,"<p class=""cvGsUA direction-ltr align-center para-style-body""><span class=""OYPEnA font-feature-liga-off font-feature-clig-off font-feature-calt-off text-decoration-none text-strikethrough-none"">Grande: Medidas: 40cm x 40cm</span></p>\n<p class=""cvGsUA direction-ltr align-center para-style-body""><span class=""OYPEnA font-feature-liga-off font-feature-clig-off font-feature-calt-off text-decoration-none text-strikethrough-none"">Mediano: Medidas: 35cm x </span></p>\n<p class=""cvGsUA direction-ltr align-center para-style-body""><span class=""OYPEnA font-feature-liga-off font-feature-clig-off font-feature-calt-off text-decoration-none text-strikethrough-none"">Pequeño: Medidas: 30cm x 30cm </span></p>\n<p class=""cvGsUA direction-ltr align-center para-style-body""><span class=""OYPEnA font-feature-liga-off font-feature-clig-off font-feature-calt-off text-decoration-none text-strikethrough-none"">Material: Resina</span></p>",,,taxable,,1,,,0,0,,,,,0,,,1500000,"Todos los productos",,,https://anbarhome.com/wp-content/uploads/2025/07/navidad_10_4.png,,,,,,,,,0,,,,,,,,,,,,,,,10000000000000,,,,,,,,,,,,,,,,,,,,,,,,,,,,,,,,,,,,,,,,,,,,,,
4152,simple,920029,,"CASCANUECES plata",1,0,visible,,"<p class=""cvGsUA direction-ltr align-center para-style-body""><span class=""OYPEnA font-feature-liga-off font-feature-clig-off font-feature-calt-off text-decoration-none text-strikethrough-none"">Medidas: 61cm x 16cm x 15cm</span></p>\n<p class=""cvGsUA direction-ltr align-center para-style-body""></p>\n<p class=""cvGsUA direction-ltr align-center para-style-body""><span class=""OYPEnA font-feature-liga-off font-feature-clig-off font-feature-calt-off text-decoration-none text-strikethrough-none"">Material: Resina</span></p>",,,taxable,,1,,,0,0,,,,,0,,,439900,"Todos los productos",,,https://anbarhome.com/wp-content/uploads/2025/07/navidad_10_3.png,,,,,,,,,0,,,,,,,,,,,,,,,10000000000000,,,,,,,,,,,,,,,,,,,,,,,,,,,,,,,,,,,,,,,,,,,,,,
4153,simple,249142,,"CASCANUECES blanco",1,0,visible,,"<p class=""cvGsUA direction-ltr align-center para-style-body""><span class=""OYPEnA font-feature-liga-off font-feature-clig-off font-feature-calt-off text-decoration-none text-strikethrough-none"">Medidas: 61cm x 16cm x 15cm</span></p>\n<p class=""cvGsUA direction-ltr align-center para-style-body""></p>\n<p class=""cvGsUA direction-ltr align-center para-style-body""><span class=""OYPEnA font-feature-liga-off font-feature-clig-off font-feature-calt-off text-decoration-none text-strikethrough-none"">Material: Resina</span></p>",,,taxable,,1,,,0,0,,,,,0,,,439900,"Todos los productos",,,https://anbarhome.com/wp-content/uploads/2025/07/navidad_10_2.png,,,,,,,,,0,,,,,,,,,,,,,,,10000000000000,,,,,,,,,,,,,,,,,,,,,,,,,,,,,,,,,,,,,,,,,,,,,,
4154,simple,220324,,"CASCANUECES  dorado",1,0,visible,,"<p class=""cvGsUA direction-ltr align-center para-style-body""><span class=""OYPEnA font-feature-liga-off font-feature-clig-off font-feature-calt-off text-decoration-none text-strikethrough-none"">Medidas: 36cm x 10cm x 10cm</span></p>\n<p class=""cvGsUA direction-ltr align-center para-style-body""></p>\n<p class=""cvGsUA direction-ltr align-center para-style-body""><span class=""OYPEnA font-feature-liga-off font-feature-clig-off font-feature-calt-off text-decoration-none text-strikethrough-none"">Material: Resina</span></p>",,,taxable,,1,,,0,0,,,,,0,,,229000,"Todos los productos",,,https://anbarhome.com/wp-content/uploads/2025/07/navidad_10_1.png,,,,,,,,,0,,,,,,,,,,,,,,,10000000000000,,,,,,,,,,,,,,,,,,,,,,,,,,,,,,,,,,,,,,,,,,,,,,
4155,simple,72063R,,"RENO WELCOME",1,0,visible,,"<p class=""cvGsUA direction-ltr align-center para-style-body""><span class=""OYPEnA font-feature-liga-off font-feature-clig-off font-feature-calt-off text-decoration-none text-strikethrough-none"">Medidas: 125 cm x 26cm x 26cm</span></p>\n<p class=""cvGsUA direction-ltr align-center para-style-body""></p>\n<p class=""cvGsUA direction-ltr align-center para-style-body""><span class=""OYPEnA font-feature-liga-off font-feature-clig-off font-feature-calt-off text-decoration-none text-strikethrough-none"">Material: Resina</span></p>",,,taxable,,1,,,0,0,,,,,0,,,1390000,"Todos los productos",,,https://anbarhome.com/wp-content/uploads/2025/07/navidad_9_4.png,,,,,,,,,0,,,,,,,,,,,,,,,10000000000000,,,,,,,,,,,,,,,,,,,,,,,,,,,,,,,,,,,,,,,,,,,,,,
4157,simple,00292G,,"CASCANUECES DORADO",1,0,visible,,"<p class=""cvGsUA direction-ltr align-center para-style-body""><span class=""OYPEnA font-feature-liga-off font-feature-clig-off font-feature-calt-off text-decoration-none text-strikethrough-none"">Medidas: 107 cm x 64cm x 27cm</span></p>\n<p class=""cvGsUA direction-ltr align-center para-style-body""></p>\n<p class=""cvGsUA direction-ltr align-center para-style-body""><span class=""OYPEnA font-feature-liga-off font-feature-clig-off font-feature-calt-off text-decoration-none text-strikethrough-none"">Material: Resina</span></p>",,,taxable,,1,,,0,0,,,,,0,,,2390000,"Todos los productos",,,https://anbarhome.com/wp-content/uploads/2025/07/navidad_9_2.png,,,,,,,,,0,,,,,,,,,,,,,,,10000000000000,,,,,,,,,,,,,,,,,,,,,,,,,,,,,,,,,,,,,,,,,,,,,,
4158,simple,301003,,"CASCANUECES  BLANCO",1,0,visible,,"<p class=""cvGsUA direction-ltr align-center para-style-body""><span class=""OYPEnA font-feature-liga-off font-feature-clig-off font-feature-calt-off text-decoration-none text-strikethrough-none"">Medidas: 120 cm x 21cm x 21cm</span></p>\n<p class=""cvGsUA direction-ltr align-center para-style-body""></p>\n<p class=""cvGsUA direction-ltr align-center para-style-body""><span class=""OYPEnA font-feature-liga-off font-feature-clig-off font-feature-calt-off text-decoration-none text-strikethrough-none"">Material: Resina</span></p>",,,taxable,,1,,,0,0,,,,,0,,,2300000,"Todos los productos",,,https://anbarhome.com/wp-content/uploads/2025/07/navidad_9_1.png,,,,,,,,,0,,,,,,,,,,,,,,,10000000000000,,,,,,,,,,,,,,,,,,,,,,,,,,,,,,,,,,,,,,,,,,,,,,
4159,simple,41126A2,,"TRINEO PLATA",1,0,visible,,"<p class=""cvGsUA direction-ltr align-center para-style-body""><span class=""OYPEnA font-feature-liga-off font-feature-clig-off font-feature-calt-off text-decoration-none text-strikethrough-none"">Medidas: 37cm x 19cm x 17cm</span></p>\n<p class=""cvGsUA direction-ltr align-center para-style-body""></p>\n<p class=""cvGsUA direction-ltr align-center para-style-body""><span class=""OYPEnA font-feature-liga-off font-feature-clig-off font-feature-calt-off text-decoration-none text-strikethrough-none"">Material: Resina</span></p>",,,taxable,,1,,,0,0,,,,,0,,,299900,"Todos los productos",,,https://anbarhome.com/wp-content/uploads/2025/07/navidad_8_5.png,,,,,,,,,0,,,,,,,,,,,,,,,10000000000000,,,,,,,,,,,,,,,,,,,,,,,,,,,,,,,,,,,,,,,,,,,,,,
4160,simple,41126A,,"TRINEO PLATA",1,0,visible,,"<p class=""cvGsUA direction-ltr align-center para-style-body""><span class=""OYPEnA font-feature-liga-off font-feature-clig-off font-feature-calt-off text-decoration-none text-strikethrough-none"">Medidas: 37cm x 19cm x 17cm</span></p>\n<p class=""cvGsUA direction-ltr align-center para-style-body""></p>\n<p class=""cvGsUA direction-ltr align-center para-style-body""><span class=""OYPEnA font-feature-liga-off font-feature-clig-off font-feature-calt-off text-decoration-none text-strikethrough-none"">Material: Resina</span></p>",,,taxable,,1,,,0,0,,,,,0,,,299900,"Todos los productos",,,https://anbarhome.com/wp-content/uploads/2025/07/navidad_8_4.png,,,,,,,,,0,,,,,,,,,,,,,,,10000000000000,,,,,,,,,,,,,,,,,,,,,,,,,,,,,,,,,,,,,,,,,,,,,,
4161,simple,0656/A,,"CASCANUECES DORADO",1,0,visible,,"<p class=""cvGsUA direction-ltr align-center para-style-body""><span class=""OYPEnA font-feature-liga-off font-feature-clig-off font-feature-calt-off text-decoration-none text-strikethrough-none"">Medidas: 55cm x 13cm x 12cm</span></p>\n<p class=""cvGsUA direction-ltr align-center para-style-body""></p>\n<p class=""cvGsUA direction-ltr align-center para-style-body""><span class=""OYPEnA font-feature-liga-off font-feature-clig-off font-feature-calt-off text-decoration-none text-strikethrough-none"">Material: Resina</span></p>",,,taxable,,1,,,0,0,,,,,0,,,299900,"Todos los productos",,,https://anbarhome.com/wp-content/uploads/2025/07/navidad_8_3.png,,,,,,,,,0,,,,,,,,,,,,,,,10000000000000,,,,,,,,,,,,,,,,,,,,,,,,,,,,,,,,,,,,,,,,,,,,,,
4162,simple,180784,,"ADORNO MC",1,0,visible,,"<p class=""cvGsUA direction-ltr align-center para-style-body""><span class=""OYPEnA font-feature-liga-off font-feature-clig-off font-feature-calt-off text-decoration-none text-strikethrough-none"">Medidas: 92 cm x 37cm x 29cm</span></p>\n<p class=""cvGsUA direction-ltr align-center para-style-body""><span class=""OYPEnA font-feature-liga-off font-feature-clig-off font-feature-calt-off text-decoration-none text-strikethrough-none"">Material: Resina</span></p>",,,taxable,,1,,,0,0,4,10,10,10,0,,,990000,"Todos los productos",,,https://anbarhome.com/wp-content/uploads/2025/07/navidad_8_2.png,,,,,,,,,0,,,default,,yes,,,,,,0,,nickx_video_url_youtube,no,10000000000000,,,,,,,,,,,,,,,,,,,,,,,,,,,,,,,,,,,,,,,,,,,,,12000,
4163,simple,00293A,,"CASCANUECES BANDEJA",1,0,visible,,"<p class=""cvGsUA direction-ltr align-center para-style-body""><span class=""OYPEnA font-feature-liga-off font-feature-clig-off font-feature-calt-off text-decoration-none text-strikethrough-none"">Medidas: 90 cm x 39cm x 29cm</span></p>\n<p class=""cvGsUA direction-ltr align-center para-style-body""></p>\n<p class=""cvGsUA direction-ltr align-center para-style-body""><span class=""OYPEnA font-feature-liga-off font-feature-clig-off font-feature-calt-off text-decoration-none text-strikethrough-none"">Material: Resina</span></p>",,,taxable,,1,,,0,0,,,,,0,,,1590000,"Todos los productos",,,https://anbarhome.com/wp-content/uploads/2025/07/navidad_8_1.png,,,,,,,,,0,,,,,,,,,,,,,,,10000000000000,,,,,,,,,,,,,,,,,,,,,,,,,,,,,,,,,,,,,,,,,,,,,,
4164,simple,180682,,"papá noel",1,0,visible,,"<p class=""cvGsUA direction-ltr align-center para-style-body""><span class=""OYPEnA font-feature-liga-off font-feature-clig-off font-feature-calt-off text-decoration-none text-strikethrough-none"">Medidas: 95 cm x 28 cm x 28cm</span></p>\n<p class=""cvGsUA direction-ltr align-center para-style-body""></p>\n<p class=""cvGsUA direction-ltr align-center para-style-body""><span class=""OYPEnA font-feature-liga-off font-feature-clig-off font-feature-calt-off text-decoration-none text-strikethrough-none"">Material: Resina</span></p>",,,taxable,,1,,,0,0,,,,,0,,,1990000,"Todos los productos",,,https://anbarhome.com/wp-content/uploads/2025/07/navidad_7_2.png,,,,,,,,,0,,,,,,,,,,,,,,,10000000000000,,,,,,,,,,,,,,,,,,,,,,,,,,,,,,,,,,,,,,,,,,,,,,
4165,simple,173181,,CASCANUECES,1,0,visible,,"<p class=""cvGsUA direction-ltr align-center para-style-body""><span class=""OYPEnA font-feature-liga-off font-feature-clig-off font-feature-calt-off text-decoration-none text-strikethrough-none"">Medidas: 175cm x 62 cm x 44cm</span></p>\n<p class=""cvGsUA direction-ltr align-center para-style-body""></p>\n<p class=""cvGsUA direction-ltr align-center para-style-body""><span class=""OYPEnA font-feature-liga-off font-feature-clig-off font-feature-calt-off text-decoration-none text-strikethrough-none"">Material: Resina</span></p>",,,taxable,,1,,,0,0,,,,,0,,,5900000,"Todos los productos",,,https://anbarhome.com/wp-content/uploads/2025/07/navidad_7_1.png,,,,,,,,,0,,,,,,,,,,,,,,,10000000000000,,,,,,,,,,,,,,,,,,,,,,,,,,,,,,,,,,,,,,,,,,,,,,
4166,simple,80486C,,"papá noel",1,0,visible,,"<p class=""cvGsUA direction-ltr align-center para-style-body""><span class=""OYPEnA font-feature-liga-off font-feature-clig-off font-feature-calt-off text-decoration-none text-strikethrough-none"">Medidas: 180 cm x 58cm x 54cm</span></p>\n<p class=""cvGsUA direction-ltr align-center para-style-body""></p>\n<p class=""cvGsUA direction-ltr align-center para-style-body""><span class=""OYPEnA font-feature-liga-off font-feature-clig-off font-feature-calt-off text-decoration-none text-strikethrough-none"">Material: Resina</span></p>",,,taxable,,1,,,0,0,,,,,0,,,6900000,"Todos los productos",,,https://anbarhome.com/wp-content/uploads/2025/07/navidad_6_2.png,,,,,,,,,0,,,,,,,,,,,,,,,10000000000000,,,,,,,,,,,,,,,,,,,,,,,,,,,,,,,,,,,,,,,,,,,,,,
4167,simple,220233,,CASCANUECES,1,0,visible,,"<p class=""cvGsUA direction-ltr align-center para-style-body""><span class=""OYPEnA font-feature-liga-off font-feature-clig-off font-feature-calt-off text-decoration-none text-strikethrough-none"">Medidas: 180cm x 50 cm x 53cm</span></p>\n<p class=""cvGsUA direction-ltr align-center para-style-body""></p>\n<p class=""cvGsUA direction-ltr align-center para-style-body""><span class=""OYPEnA font-feature-liga-off font-feature-clig-off font-feature-calt-off text-decoration-none text-strikethrough-none"">Material: Resina</span></p>",,,taxable,,1,,,0,0,,,,,0,,,6400000,"Todos los productos",,,https://anbarhome.com/wp-content/uploads/2025/07/navidad_6_1.png,,,,,,,,,0,,,,,,,,,,,,,,,10000000000000,,,,,,,,,,,,,,,,,,,,,,,,,,,,,,,,,,,,,,,,,,,,,,
4168,simple,249079,,"RENO PLATA",1,0,visible,,"<span class=""OYPEnA font-feature-liga-off font-feature-clig-off font-feature-calt-off text-decoration-none text-strikethrough-none"">Mediano: Medidas: 19cm x 14cm x 9cm </span>",,,taxable,,1,,,0,0,,,,,0,,,119900,"Todos los productos",,,https://anbarhome.com/wp-content/uploads/2025/07/navidad_5_3.png,,,,,,,,,0,,,,,,,,,,,,,,,10000000000000,,,,,,,,,,,,,,,,,,,,,,,,,,,,,,,,,,,,,,,,,,,,,,
4169,simple,"249078 ",,"RENO PLATA",1,0,visible,,"<span class=""OYPEnA font-feature-liga-off font-feature-clig-off font-feature-calt-off text-decoration-none text-strikethrough-none"">Grande: Medidas: 29cm x 14cm x 9cm</span>",,,taxable,,1,,,0,0,,,,,0,,,149900,"Todos los productos",,,https://anbarhome.com/wp-content/uploads/2025/07/navidad_5_3.png,,,,,,,,,0,,,,,,,,,,,,,,,10000000000000,,,,,,,,,,,,,,,,,,,,,,,,,,,,,,,,,,,,,,,,,,,,,,
4170,simple,249075,,"RENO PLATA",1,0,visible,,"<span class=""OYPEnA font-feature-liga-off font-feature-clig-off font-feature-calt-off text-decoration-none text-strikethrough-none"">Mediano: Medidas: 22cm x 20cm x 8cm </span>\n\n&nbsp;",,,taxable,,1,,,0,0,,,,,0,,,149900,"Todos los productos",,,https://anbarhome.com/wp-content/uploads/2025/07/navidad_5_2.png,,,,,,,,,0,,,,,,,,,,,,,,,10000000000000,,,,,,,,,,,,,,,,,,,,,,,,,,,,,,,,,,,,,,,,,,,,,,
4171,simple,"249074 ",,"RENO PLATA",1,0,visible,,"<p class=""cvGsUA direction-ltr align-center para-style-body""><span class=""OYPEnA font-feature-liga-off font-feature-clig-off font-feature-calt-off text-decoration-none text-strikethrough-none"">Grande: Medidas: 33cm x 20cm x 8cm </span></p>",,,taxable,,1,,,0,0,,,,,0,,,199900,"Todos los productos",,,https://anbarhome.com/wp-content/uploads/2025/07/navidad_5_2.png,,,,,,,,,0,,,,,,,,,,,,,,,10000000000000,,,,,,,,,,,,,,,,,,,,,,,,,,,,,,,,,,,,,,,,,,,,,,
4172,simple,0603S2,,"SET RENO DORADO",1,0,visible,,"<p class=""cvGsUA direction-ltr align-center para-style-body""><span class=""OYPEnA font-feature-liga-off font-feature-clig-off font-feature-calt-off text-decoration-none text-strikethrough-none"">Grande: Medidas: 34cm x 21cm x 13cm</span></p>\n<p class=""cvGsUA direction-ltr align-center para-style-body""><span class=""OYPEnA font-feature-liga-off font-feature-clig-off font-feature-calt-off text-decoration-none text-strikethrough-none"">Mediano: Medidas: 23cm x 22cm x 13cm</span></p>\n<p class=""cvGsUA direction-ltr align-center para-style-body""></p>\n<p class=""cvGsUA direction-ltr align-center para-style-body""><span class=""OYPEnA font-feature-liga-off font-feature-clig-off font-feature-calt-off text-decoration-none text-strikethrough-none"">Material: Resina</span></p>",,,taxable,,1,,,0,0,,,,,0,,,329000,"Todos los productos",,,https://anbarhome.com/wp-content/uploads/2025/07/navidad_5_1.png,,,,,,,,,0,,,,,,,,,,,,,,,10000000000000,,,,,,,,,,,,,,,,,,,,,,,,,,,,,,,,,,,,,,,,,,,,,,
4173,simple,170187,,"RENO NAVIDEÑO ORO",1,0,visible,,"<p class=""cvGsUA direction-ltr align-center para-style-body""><span class=""OYPEnA font-feature-liga-off font-feature-clig-off font-feature-calt-off text-decoration-none text-strikethrough-none"">Medidas: 74 cm x 72 cm x 38cm</span></p>\n<p class=""cvGsUA direction-ltr align-center para-style-body""></p>\n<p class=""cvGsUA direction-ltr align-center para-style-body""><span class=""OYPEnA font-feature-liga-off font-feature-clig-off font-feature-calt-off text-decoration-none text-strikethrough-none"">Material: Resina</span></p>",,,taxable,,1,,,0,0,,,,,0,,,1490000,"Todos los productos",,,https://anbarhome.com/wp-content/uploads/2025/07/navidad_4_2.png,,,,,,,,,0,,,,,,,,,,,,,,,10000000000000,,,,,,,,,,,,,,,,,,,,,,,,,,,,,,,,,,,,,,,,,,,,,,
4174,simple,170188,,"reno navideño ORO",1,0,visible,,"<p class=""cvGsUA direction-ltr align-center para-style-body""><span class=""OYPEnA font-feature-liga-off font-feature-clig-off font-feature-calt-off text-decoration-none text-strikethrough-none"">Medidas: 101 cm x 80 cm x 37cm</span></p>\n<p class=""cvGsUA direction-ltr align-center para-style-body""></p>\n<p class=""cvGsUA direction-ltr align-center para-style-body""><span class=""OYPEnA font-feature-liga-off font-feature-clig-off font-feature-calt-off text-decoration-none text-strikethrough-none"">Material: Resina</span></p>",,,taxable,,1,,,0,0,,,,,0,,,1890000,"Todos los productos",,,https://anbarhome.com/wp-content/uploads/2025/07/navidad_4_1.png,,,,,,,,,0,,,,,,,,,,,,,,,10000000000000,,,,,,,,,,,,,,,,,,,,,,,,,,,,,,,,,,,,,,,,,,,,,,
4175,simple,0347RG,,"RENO WELCOME",1,0,visible,,"<p class=""cvGsUA direction-ltr align-center para-style-body""><span class=""OYPEnA font-feature-liga-off font-feature-clig-off font-feature-calt-off text-decoration-none text-strikethrough-none"">Medidas: 146 cm x 48cm x 34cm</span></p>\n<p class=""cvGsUA direction-ltr align-center para-style-body""></p>\n<p class=""cvGsUA direction-ltr align-center para-style-body""><span class=""OYPEnA font-feature-liga-off font-feature-clig-off font-feature-calt-off text-decoration-none text-strikethrough-none"">Material: Resina</span></p>",,,taxable,,1,,,0,0,,,,,0,,,2300000,"Todos los productos",,,https://anbarhome.com/wp-content/uploads/2025/07/navidad_3_2.png,,,,,,,,,0,,,,,,,,,,,,,,,10000000000000,,,,,,,,,,,,,,,,,,,,,,,,,,,,,,,,,,,,,,,,,,,,,,
4176,simple,1220WG,,"RENO NAVIDEÑO",1,0,visible,,"<p class=""cvGsUA direction-ltr align-center para-style-body""><span class=""OYPEnA font-feature-liga-off font-feature-clig-off font-feature-calt-off text-decoration-none text-strikethrough-none"">Medidas: 120 cm x 51 cm x 35cm</span></p>\n<p class=""cvGsUA direction-ltr align-center para-style-body""></p>\n<p class=""cvGsUA direction-ltr align-center para-style-body""><span class=""OYPEnA font-feature-liga-off font-feature-clig-off font-feature-calt-off text-decoration-none text-strikethrough-none"">Material: Resina</span></p>",,,taxable,,1,,,0,0,,,,,0,,,3990000,"Todos los productos",,,https://anbarhome.com/wp-content/uploads/2025/07/navidad_3_1.png,,,,,,,,,0,,,,,,,,,,,,,,,10000000000000,,,,,,,,,,,,,,,,,,,,,,,,,,,,,,,,,,,,,,,,,,,,,,
4177,simple,1064,,"MUÑECO DE NIEVE CON LUZ LED",1,0,visible,,"<p class=""cvGsUA direction-ltr align-center para-style-body""><span class=""OYPEnA font-feature-liga-off font-feature-clig-off font-feature-calt-off text-decoration-none text-strikethrough-none"">Grande: Medidas: 4 metros</span></p>\n<p class=""cvGsUA direction-ltr align-center para-style-body""></p>\n<p class=""cvGsUA direction-ltr align-center para-style-body""><span class=""OYPEnA font-feature-liga-off font-feature-clig-off font-feature-calt-off text-decoration-none text-strikethrough-none"">Material: Poliester y base de hierro</span></p>",,,taxable,,1,,,0,0,,,,,0,,2990000,5990000,"Todos los productos",,,https://anbarhome.com/wp-content/uploads/2025/07/navidad_18_2.png,,,,,,,,,0,,,,,,,,,,,,,,,10000000000000,,,,,,,,,,,,,,,,,,,,,,,,,,,,,,,,,,,,,,,,,,,,,,
4178,simple,08003B,,"OSO MEDIANO NEGRO",1,0,visible,,"<p class=""cvGsUA direction-ltr align-center para-style-body""><span class=""OYPEnA font-feature-liga-off font-feature-clig-off font-feature-calt-off text-decoration-none text-strikethrough-none"">Grande: Medidas: 143 cm</span></p>\n<p class=""cvGsUA direction-ltr align-center para-style-body""></p>\n<p class=""cvGsUA direction-ltr align-center para-style-body""><span class=""OYPEnA font-feature-liga-off font-feature-clig-off font-feature-calt-off text-decoration-none text-strikethrough-none"">Material: Resina y felpa</span></p>",,,taxable,,1,,,0,0,,,,,0,,2145000,4290000,"Todos los productos",,,https://anbarhome.com/wp-content/uploads/2025/07/navidad_18_1.png,,,,,,,,,0,,,,,,,,,,,,,,,10000000000000,,,,,,,,,,,,,,,,,,,,,,,,,,,,,,,,,,,,,,,,,,,,,,
6585,simple,1264,,"Portarretrato Papa Noel",1,0,visible,,"<p data-start=""148"" data-end=""383"">Combina la tradición navideña con un toque personal con este adorable portarretrato de Papá Noel. <strong>Ideal para lucir tus fotos favoritas de la familia durante la Navidad</strong>, este adorno aporta ternura, color y espíritu festivo a tu hogar.</p>\n<p data-start=""385"" data-end=""657"">Colócalo en una repisa, mesa auxiliar o en el árbol mismo si tiene gancho, acompañado de luces y esferas, para crear un rincón navideño lleno de alegría y calidez. También se puede integrar en centros de mesa para un detalle familiar y encantador.</p>\n<p data-start=""385"" data-end=""657""><strong>Dimensiones:</strong> 14cm de alto</p>\n<p data-start=""385"" data-end=""657""><strong>Referencia:</strong> <span data-sheets-root=""1"">1264</span></p>",,,taxable,,1,,,0,0,,,,,1,,,36900,"Todos los productos",,,https://anbarhome.com/wp-content/uploads/2025/10/1264.jpg,,,,,,,,,0,,,default,,yes,,,,,,0,,nickx_video_url_youtube,no,10000000000000,,,,,,,,,,,,,,,,,,,,,,,,,,,,,,,,,,,,,,,,,,,,,,
7655,simple,1164-B,,"Set de Taza y Plato - Muñeco de Nieve",1,0,visible,,"<p data-start=""302"" data-end=""563"">Llena tus días de ternura y espíritu navideño con nuestro encantador <strong data-start=""371"" data-end=""429"">Set de Taza y Plato con Ilustración de Muñeco de Nieve</strong>, una pieza que combina <strong data-start=""453"" data-end=""496"">diseño, funcionalidad y alegría festiva</strong> para acompañarte en los momentos más acogedores de la temporada.</p>\n<p data-start=""565"" data-end=""862"">Elaborado en <strong data-start=""578"" data-end=""606"">cerámica de alta calidad</strong>, este set destaca por su encantadora ilustración de un simpático muñeco de nieve, símbolo de la magia invernal y de la calidez de compartir. Su acabado brillante y sus detalles coloridos aportan un toque decorativo encantador a tu mesa o rincón de café.</p>\n<p data-start=""565"" data-end=""862""><strong>Dimensiones:</strong> Taza 7 Cm de diametro / Plato 15 Cm de diametro</p>\n<p data-start=""565"" data-end=""862""><strong>Referencia:</strong> <span data-sheets-root=""1"">1164-B</span></p>",,,taxable,,1,,,0,0,,,,,1,,,44900,"Todos los productos",,,https://anbarhome.com/wp-content/uploads/2025/10/1164-B.jpg,,,,,,,,,0,,,default,,yes,,,,,,0,,nickx_video_url_youtube,no,10000000000000,,,,,,,,,,,,,,,,,,,,,,,,,,,,,,,,,,,,,,,,,,,,,,
7783,simple,k028,,"Cojín con Bordado de Cascanueces",1,0,visible,,"<p data-start=""241"" data-end=""549"">Lleva el encanto del Cascanueces a tu hogar con nuestro <strong data-start=""297"" data-end=""333"">Cojín con bordado de cascanueces</strong>, una pieza que combina <strong data-start=""357"" data-end=""389"">tradición, color y elegancia</strong>. Su diseño bordado con detalles cuidadosamente trabajados le da un aire festivo y sofisticado, perfecto para realzar tus espacios en esta temporada navideña.</p>\n<p data-start=""551"" data-end=""769"">Fabricado con materiales suaves y de alta calidad, ofrece <strong data-start=""609"" data-end=""652"">comodidad y estilo en un solo accesorio</strong>. Es el detalle ideal para añadir <strong data-start=""686"" data-end=""726"">calidez, textura y espíritu navideño</strong> a tu sala, dormitorio o rincón favorito.</p>\n<p data-start=""771"" data-end=""993"">✨ <strong data-start=""773"" data-end=""796"">Ideal para usar en:</strong><br data-start=""796"" data-end=""799"" />Colócalo en el sofá, sobre una butaca o en la cama junto a otros cojines navideños. Su diseño alegre y tradicional <strong data-start=""914"" data-end=""990"">transforma cualquier ambiente en un espacio lleno de magia y celebración</strong>.</p>",,,taxable,,1,,,0,0,,,,,1,,,99900,"Todos los productos",,,https://anbarhome.com/wp-content/uploads/2025/10/k028.jpg,,,,,,,,,0,,,default,,yes,,,,,,0,,nickx_video_url_youtube,no,10000000000000,,,,,,,,,,,,,,,,,,,,,,,,,,,,,,,,,,,,,,,,,,,,,,
15233,simple,A32069,,"Jarrón Ámbar Ahumado Alto",1,0,visible,"<p data-path-to-node=""0"">Embellece tus espacios con el Jarrón Decorativo de Vidrio Ahumado, una pieza de diseño contemporáneo que fusiona el arte artesanal con la elegancia moderna.</p>\n<p data-path-to-node=""5"">Este jarrón destaca por su silueta estilizada en forma de cono abierto o flor, diseñada especialmente para aportar volumen, profundidad y sofisticación a cualquier ambiente. Su acabado ahumado en tonos champaña degradados se combina con una textura martillada y acanalada vertical, logrando un relieve único que interactúa con la luz del entorno, creando reflejos cálidos y un aspecto de lujo sutil.</p>","<p data-path-to-node=""0""><b data-path-to-node=""4"" data-index-in-node=""0"">Embellece tus espacios con el Jarrón Decorativo de Vidrio Ahumado, una pieza de diseño contemporáneo que fusiona el arte artesanal con la elegancia moderna.</b></p>\n<p data-path-to-node=""5"">Este jarrón destaca por su silueta estilizada en forma de cono abierto o flor, diseñada especialmente para aportar volumen, profundidad y sofisticación a cualquier ambiente. Su acabado ahumado en tonos champaña degradados se combina con una textura martillada y acanalada vertical, logrando un relieve único que interactúa con la luz del entorno, creando reflejos cálidos y un aspecto de lujo sutil.</p>\n\n<h3 data-path-to-node=""7"">Características Principales y Especificaciones Técnicas</h3>\n<p data-path-to-node=""8"">Para garantizar una compra informada, revisa los detalles técnicos del producto:</p>\n\n<ul data-path-to-node=""9"">\n 	<li>\n<p data-path-to-node=""9,0,0""><b data-path-to-node=""9,0,0"" data-index-in-node=""0"">Material Base:</b> Vidrio grueso de alta resistencia con acabado texturizado artesanal.</p>\n</li>\n 	<li>\n<p data-path-to-node=""9,1,0""><b data-path-to-node=""9,1,0"" data-index-in-node=""0"">Acabado:</b> Tonalidad ahumada translúcida con efecto degradado y relieve de estrías verticales.</p>\n</li>\n 	<li>\n<p data-path-to-node=""9,2,0""><b data-path-to-node=""9,2,0"" data-index-in-node=""0"">Modelos y Dimensiones Disponibles:</b></p>\n\n<ul data-path-to-node=""9,2,1"">\n 	<li>\n<p data-path-to-node=""9,2,1,0,0""><b data-path-to-node=""9,2,1,0,0"" data-index-in-node=""0"">Modelo A3-2078 (Grande):</b> Altura de 43 cm. Ideal como pieza focal en el suelo o consolas grandes.</p>\n</li>\n 	<li>\n<p data-path-to-node=""9,2,1,1,0""><b data-path-to-node=""9,2,1,1,0"" data-index-in-node=""0"">Modelo A3-2077 (Mediano):</b> Altura de 28 cm. Perfecto para mesas de centro, estantes o repisas.</p>\n</li>\n</ul>\n</li>\n 	<li>\n<p data-path-to-node=""9,3,0""><b data-path-to-node=""9,3,0"" data-index-in-node=""0"">Forma:</b> Boca ancha ondulada tipo flor que facilita el acomodo de los arreglos.</p>\n</li>\n 	<li>\n<p data-path-to-node=""9,4,0""><b data-path-to-node=""9,4,0"" data-index-in-node=""0"">Estilo:</b> Contemporáneo, Moderno, Glam, Ecléctico.</p>\n</li>\n 	<li>\n<p data-path-to-node=""9,5,0""><b data-path-to-node=""9,5,0"" data-index-in-node=""0"">Origen:</b> Importado.</p>\n</li>\n</ul>\n<h3 data-path-to-node=""11"">Beneficios y Usos Recomendados</h3>\n<p data-path-to-node=""12"">Cumpliendo con los rangos estipulados de contenido, este jarrón ofrece múltiples ventajas funcionales y estéticas:</p>\n\n<ul data-path-to-node=""13"">\n 	<li>\n<p data-path-to-node=""13,0,0""><b data-path-to-node=""13,0,0"" data-index-in-node=""0"">Versatilidad de Estilismo:</b> Puedes utilizarlo de forma individual como una escultura minimalista o en set (combinando los tamaños de 50 cm y 33 cm) para crear un juego dinámico de alturas en tu decoración.</p>\n</li>\n 	<li>\n<p data-path-to-node=""13,1,0""><b data-path-to-node=""13,1,0"" data-index-in-node=""0"">Capacidad para Arreglos:</b> Su diseño estructural es excelente para albergar follaje seco, ramas de pampas, flores artificiales de tallo largo o arreglos florales naturales.</p>\n</li>\n 	<li>\n<p data-path-to-node=""13,2,0""><b data-path-to-node=""13,2,0"" data-index-in-node=""0"">Espacios Ideales:</b> Su estética neutra y sofisticada complementa perfectamente salas de estar, comedores, vestíbulos de entrada, recepciones de oficinas o habitaciones principales.</p>\n</li>\n 	<li>\n<p data-path-to-node=""13,3,0""><b data-path-to-node=""13,3,0"" data-index-in-node=""0"">Regalo Exclusivo:</b> Por su acabado fino y empaque, es una opción ideal para regalos de bodas, aniversarios o inauguraciones de casa.</p>\n</li>\n</ul>\n<h3 data-path-to-node=""15"">Recomendaciones de Cuidado y Mantenimiento</h3>\n<ul data-path-to-node=""16"">\n 	<li>\n<p data-path-to-node=""16,0,0"">Limpiar la superficie suavemente con un paño de microfibra seco o ligeramente húmedo.</p>\n</li>\n 	<li>\n<p data-path-to-node=""16,1,0"">No utilizar líquidos abrasivos, esponjas de alambre ni químicos corrosivos que puedan alterar el acabado ahumado degradado.</p>\n</li>\n 	<li>\n<p data-path-to-node=""16,2,0"">Manipular con cuidado desde la base al cambiarlo de posición.</p>\n</li>\n</ul>\n&nbsp;\n<table class=""jsx-513032616 specification-table "">\n<tbody class=""jsx-513032616"">\n<tr class=""jsx-513032616"">\n<td class=""jsx-513032616 property-name"">Colección</td>\n<td class=""jsx-513032616 property-value"">Anbar Home 2026</td>\n</tr>\n<tr class=""jsx-513032616"">\n<td class=""jsx-513032616 property-name"">Condicion del producto</td>\n<td class=""jsx-513032616 property-value"">Nuevo</td>\n</tr>\n<tr class=""jsx-513032616"">\n<td class=""jsx-513032616 property-name"">Color básico</td>\n<td class=""jsx-513032616 property-value"">Amarillo</td>\n</tr>\n<tr class=""jsx-513032616"">\n<td class=""jsx-513032616 property-name"">Modo de fabricación</td>\n<td class=""jsx-513032616 property-value"">Artesanal</td>\n</tr>\n<tr class=""jsx-513032616"">\n<td class=""jsx-513032616 property-name"">Cuidado del producto</td>\n<td class=""jsx-513032616 property-value"">Limpiar la superficie suavemente con un paño de microfibra seco o ligeramente húmedo. No utilizar líquidos abrasivos, esponjas de alambre ni químicos corrosivos que puedan</td>\n</tr>\n<tr class=""jsx-513032616"">\n<td class=""jsx-513032616 property-name"">Alto</td>\n<td class=""jsx-513032616 property-value"">34cm</td>\n</tr>\n<tr class=""jsx-513032616"">\n<td class=""jsx-513032616 property-name"">Ancho</td>\n<td class=""jsx-513032616 property-value"">34cm</td>\n</tr>\n<tr class=""jsx-513032616"">\n<td class=""jsx-513032616 property-name"">Color</td>\n<td class=""jsx-513032616 property-value"">Ánbar</td>\n</tr>\n<tr class=""jsx-513032616"">\n<td class=""jsx-513032616 property-name"">País de origen</td>\n<td class=""jsx-513032616 property-value"">China</td>\n</tr>\n<tr class=""jsx-513032616"">\n<td class=""jsx-513032616 property-name"">Material</td>\n<td class=""jsx-513032616 property-value"">Vidrio</td>\n</tr>\n<tr class=""jsx-513032616"">\n<td class=""jsx-513032616 property-name"">Cantidad de paquetes</td>\n<td class=""jsx-513032616 property-value"">1</td>\n</tr>\n</tbody>\n</table>",,,taxable,,1,,,0,0,3,34,34,43,1,,,"1190000,00","Jarrones, Jarrones > Línea Suprema, Todos los productos",,,"https://anbarhome.com/wp-content/uploads/2026/06/Two_vases_side-by-side_202606251330.jpeg, https://anbarhome.com/wp-content/uploads/2026/06/Two_vases_side-by-side_202606251330.jpeg, https://anbarhome.com/wp-content/uploads/2026/06/Two_vases_side-by-side_202606251326.jpeg, https://anbarhome.com/wp-content/uploads/2026/06/Macro_close-up_of_the_surface_202606251311.jpeg, https://anbarhome.com/wp-content/uploads/2026/06/Close-up_shot_focusing_on_the_202606251311.jpeg",,,,,,,,,0,,,default,,yes,,,,,,,,nickx_video_url_youtube,no,10000000000000,,1782426220,,yes,yes,,,product,,,,,,,,,,,,,,,,,,,,,,,,,,,,,,,,,,,,,,
15239,simple,A3-2070,,"Jarrón Ámbar Ahumado Redondo",1,0,visible,"<p data-path-to-node=""3"">Añada una dosis de sofisticación orgánica y calidez minimalista a sus ambientes con este exclusivo jarrón decorativo de alta gama en formato redondo y de perfil bajo. Esta pieza destaca por su silueta esférica achatada y un elegante acabado translúcido en una suave tonalidad marfil arenoso con efecto satinado. Su diseño exterior presenta un relieve esculpido de líneas fluidas e inspiradas en la naturaleza, que emulan la delicada superposición de pétalos u hojas orgánicas. Al interactuar con la iluminación del entorno, el jarrón difumina suavemente la luz, creando una atmósfera serena, elegante y de gran valor estético. Con unas dimensiones de 28 cm de altura y un generoso diámetro de 35 cm, es el complemento perfecto para quienes buscan un diseño contemporáneo con alma artesanal y gran presencia visual.</p>\n<p data-path-to-node=""4""></p>","<p data-path-to-node=""0"">Añada una dosis de sofisticación orgánica y calidez minimalista a sus ambientes con este exclusivo jarrón decorativo de alta gama en formato redondo y de perfil bajo. Esta pieza destaca por su silueta esférica achatada y un elegante acabado translúcido en una suave tonalidad marfil arenoso con efecto satinado. Su diseño exterior presenta un relieve esculpido de líneas fluidas e inspiradas en la naturaleza, que emulan la delicada superposición de pétalos u hojas orgánicas. Al interactuar con la iluminación del entorno, el jarrón difumina suavemente la luz, creando una atmósfera serena, elegante y de gran valor estético. Con unas dimensiones de 28 cm de altura y un generoso diámetro de 35 cm, es el complemento perfecto para quienes buscan un diseño contemporáneo con alma artesanal y gran presencia visual.</p>\n<p data-path-to-node=""4""><b data-path-to-node=""4"" data-index-in-node=""0"">Características principales y materiales:</b></p>\n\n<ul data-path-to-node=""5"">\n 	<li>\n<p data-path-to-node=""5,0,0""><b data-path-to-node=""5,0,0"" data-index-in-node=""0"">Material Premium:</b> Fabricado en vidrio de alta resistencia y gran espesor con acabado esmerilado/satinado, lo que asegura una óptima estabilidad, un tacto sofisticado y excelente durabilidad.</p>\n</li>\n 	<li>\n<p data-path-to-node=""5,1,0""><b data-path-to-node=""5,1,0"" data-index-in-node=""0"">Relieve Esculpido Orgánico:</b> Superficie labrada con un patrón tridimensional facetado de hojas que aporta dinamismo visual y rompe con la monotonía de los espacios planos.</p>\n</li>\n 	<li>\n<p data-path-to-node=""5,2,0""><b data-path-to-node=""5,2,0"" data-index-in-node=""0"">Tonalidad Neutra y Cálida:</b> Su color marfil/arena traslúcido es sumamente versátil, facilitando su integración en paletas de colores neutros, estilos escandinavos, mediterráneos o de lujo silencioso.</p>\n</li>\n</ul>\n<p data-path-to-node=""6""><b data-path-to-node=""6"" data-index-in-node=""0"">Usos recomendados y aplicaciones:</b></p>\n\n<ul data-path-to-node=""7"">\n 	<li>\n<p data-path-to-node=""7,0,0""><b data-path-to-node=""7,0,0"" data-index-in-node=""0"">Pieza Focal de Superficie:</b> Su formato redondo, ancho y bajo lo hace ideal para coronar mesas de centro, grandes consolas de entrada, aparadores de comedor o repisas principales donde se busque un adorno de gran base sin obstruir las líneas de visión.</p>\n</li>\n 	<li>\n<p data-path-to-node=""7,1,0""><b data-path-to-node=""7,1,0"" data-index-in-node=""0"">Arreglos Florales Versátiles:</b> Debido a su boca estilizada y cuerpo ancho, es excelente para albergar ramos de flores de tallo corto y gran volumen, follaje verde denso, ramilletes compactos o simplemente lucirse de forma solitaria como una escultura independiente.</p>\n</li>\n 	<li>\n<p data-path-to-node=""7,2,0""><b data-path-to-node=""7,2,0"" data-index-in-node=""0"">Proyectos de Interiorismo:</b> Una elección predilecta para aportar texturas refinadas en salas de estar, dormitorios principales, recepciones de hoteles, oficinas corporativas o vitrinas comerciales.</p>\n</li>\n</ul>\n<p data-path-to-node=""8""><b data-path-to-node=""8"" data-index-in-node=""0"">Beneficios para el consumidor:</b></p>\n\n<ul data-path-to-node=""9"">\n 	<li>\n<p data-path-to-node=""9,0,0""><b data-path-to-node=""9,0,0"" data-index-in-node=""0"">Volumen Visual Elegante:</b> Su geometría esférica achatada suaviza las líneas rectas del mobiliario, logrando un equilibrio visual y una sensación de estabilidad perfecta en cualquier habitación.</p>\n</li>\n 	<li>\n<p data-path-to-node=""9,1,0""><b data-path-to-node=""9,1,0"" data-index-in-node=""0"">Iluminación Difusa:</b> Al ser translúcido pero satinado, genera un hermoso efecto linterna si se coloca cerca de una fuente de luz natural o artificial.</p>\n</li>\n 	<li>\n<p data-path-to-node=""9,2,0""><b data-path-to-node=""9,2,0"" data-index-in-node=""0"">Regalo Distinguido:</b> Un objeto decorativo atemporal e impactante, ideal para bodas, aniversarios, inauguraciones de propiedades o regalos corporativos premium.</p>\n</li>\n</ul>\n<p data-path-to-node=""10""><b data-path-to-node=""10"" data-index-in-node=""0"">Ficha técnica del producto:</b></p>\n\n<ul data-path-to-node=""11"">\n 	<li>\n<p data-path-to-node=""11,0,0""><b data-path-to-node=""11,0,0"" data-index-in-node=""0"">Tipo de producto:</b> Jarrón / Florero Decorativo Redondo Bajo</p>\n</li>\n 	<li>\n<p data-path-to-node=""11,1,0""><b data-path-to-node=""11,1,0"" data-index-in-node=""0"">Material estructural:</b> Vidrio satinado de alta calidad</p>\n</li>\n 	<li>\n<p data-path-to-node=""11,2,0""><b data-path-to-node=""11,2,0"" data-index-in-node=""0"">Color principal:</b> Marfil / Arena traslúcido</p>\n</li>\n 	<li>\n<p data-path-to-node=""11,3,0""><b data-path-to-node=""11,3,0"" data-index-in-node=""0"">Acabado superficial:</b> Relieve esculpido de hojas orgánicas</p>\n</li>\n 	<li>\n<p data-path-to-node=""11,4,0""><b data-path-to-node=""11,4,0"" data-index-in-node=""0"">Alto aproximado:</b> 28 cm</p>\n</li>\n 	<li>\n<p data-path-to-node=""11,5,0""><b data-path-to-node=""11,5,0"" data-index-in-node=""0"">Ancho/Diámetro aproximado:</b> 35 cm</p>\n</li>\n 	<li>\n<p data-path-to-node=""11,6,0""><b data-path-to-node=""11,6,0"" data-index-in-node=""0"">Largo aproximado:</b> 35 cm</p>\n</li>\n 	<li>\n<p data-path-to-node=""11,7,0""><b data-path-to-node=""11,7,0"" data-index-in-node=""0"">Forma:</b> Esférica achatada / Redonda orgánica</p>\n</li>\n 	<li>\n<p data-path-to-node=""11,8,0""><b data-path-to-node=""11,8,0"" data-index-in-node=""0"">Uso recomendado:</b> Decoración de interiores</p>\n</li>\n</ul>\n<p data-path-to-node=""12""><b data-path-to-node=""12"" data-index-in-node=""0"">Instrucciones de limpieza y cuidado:</b> Para conservar la delicada textura satinada y la opacidad original del vidrio, se aconseja limpiar la superficie de manera regular con un paño suave de microfibra completamente seco o apenas humedecido con agua. No utilice bajo ninguna circunstancia productos químicos abrasivos, limpiadores corrosivos ni esponjas rígidas que puedan alterar o rayar el acabado esmerilado de la pieza. Sujete firmemente desde la base para su manipulación.</p>\n<p data-path-to-node=""12""></p>\n\n<table class=""jsx-513032616 specification-table "">\n<tbody class=""jsx-513032616"">\n<tr class=""jsx-513032616"">\n<td class=""jsx-513032616 property-name"">Condicion del producto</td>\n<td class=""jsx-513032616 property-value"">Nuevo</td>\n</tr>\n<tr class=""jsx-513032616"">\n<td class=""jsx-513032616 property-name"">Modo de fabricación</td>\n<td class=""jsx-513032616 property-value"">Industrial</td>\n</tr>\n<tr class=""jsx-513032616"">\n<td class=""jsx-513032616 property-name"">Forma de uso</td>\n<td class=""jsx-513032616 property-value"">✨ Centro de mesa elegante: Colócalos en mesas de comedor junto a arreglos florales o bandejas decorativas para crear un punto focal sofisticado. ✨ Decoración de consola o</td>\n</tr>\n<tr class=""jsx-513032616"">\n<td class=""jsx-513032616 property-name"">Recomendaciones de uso</td>\n<td class=""jsx-513032616 property-value"">Limpiar la superficie suavemente con un paño de microfibra seco o ligeramente húmedo.</td>\n</tr>\n<tr class=""jsx-513032616"">\n<td class=""jsx-513032616 property-name"">Cuidado del producto</td>\n<td class=""jsx-513032616 property-value"">Limpiar la superficie suavemente con un paño de microfibra seco o ligeramente húmedo.</td>\n</tr>\n<tr class=""jsx-513032616"">\n<td class=""jsx-513032616 property-name"">Colección</td>\n<td class=""jsx-513032616 property-value"">Anbar Home 2026</td>\n</tr>\n<tr class=""jsx-513032616"">\n<td class=""jsx-513032616 property-name"">Alto</td>\n<td class=""jsx-513032616 property-value"">28</td>\n</tr>\n<tr class=""jsx-513032616"">\n<td class=""jsx-513032616 property-name"">Ancho</td>\n<td class=""jsx-513032616 property-value"">35</td>\n</tr>\n<tr class=""jsx-513032616"">\n<td class=""jsx-513032616 property-name"">Color</td>\n<td class=""jsx-513032616 property-value"">Ámbar</td>\n</tr>\n<tr class=""jsx-513032616"">\n<td class=""jsx-513032616 property-name"">País de origen</td>\n<td class=""jsx-513032616 property-value"">China</td>\n</tr>\n<tr class=""jsx-513032616"">\n<td class=""jsx-513032616 property-name"">Material</td>\n<td class=""jsx-513032616 property-value"">Vidrio</td>\n</tr>\n</tbody>\n</table>",,,taxable,,1,,,0,0,3,,,,1,,,899000,"Jarrones, Jarrones > Línea Suprema, Todos los productos",,,"https://anbarhome.com/wp-content/uploads/2026/06/Single_vase_in_minimalist_setting_202606251316.jpeg, https://anbarhome.com/wp-content/uploads/2026/06/Single_vase_in_minimalist_setting_202606251316.jpeg, https://anbarhome.com/wp-content/uploads/2026/06/Two_vases_side-by-side_202606251326.jpeg, https://anbarhome.com/wp-content/uploads/2026/06/Macro_close-up_of_the_surface_202606251311.jpeg, https://anbarhome.com/wp-content/uploads/2026/06/Extreme_close-up_macro_shot_of_202606251252.jpeg",,,,,,,,,0,,,default,,yes,,,,,,,,nickx_video_url_youtube,no,10000000000000,,1782426020,,yes,yes,,,product,,,,,,,,,,,,,,,,,,,,,,,,,,,,,,,,,,,,,,
15243,simple,A32075,,"Jarrón Geométrico Oliva Alto",1,0,visible,"<div class=""jsx-2445445216 accordion__title"">\n\nEstablezca un punto focal de vanguardia y sofisticación en sus ambientes con este exclusivo jarrón decorativo de alta gama en formato estilizado. Esta pieza resalta por su imponente silueta facetada de ángulos poligonales, inspirada en las tendencias del diseño geométrico contemporáneo. Está fabricado en un vidrio de gran espesor con un acabado esmerilado translúcido en un profundo color verde oliva que evoca la serenidad de la naturaleza.\n\nSu superficie exterior presenta un sutil texturizado de finas líneas grabadas que enriquecen su acabado táctil y visual. Al interactuar con la iluminación, sus caras angulares generan un dinámico juego de reflejos, luces y sombras que aporta profundidad a cualquier espacio. Con unas dimensiones de 47 cm de altura y 31 cm de diámetro, es el elemento ornamental perfecto para estancias que buscan un carácter arquitectónico único.\n\n</div>","<p data-path-to-node=""6"">Establezca un punto focal de vanguardia y sofisticación en sus ambientes con este exclusivo jarrón decorativo de alta gama en formato estilizado. Esta pieza resalta por su imponente silueta facetada de ángulos poligonales, inspirada en las tendencias del diseño geométrico contemporáneo. Está fabricado en un vidrio de gran espesor con un acabado esmerilado translúcido en un profundo color verde oliva que evoca la serenidad de la naturaleza. Su superficie exterior presenta un sutil texturizado de finas líneas grabadas que enriquecen su acabado táctil y visual. Al interactuar con la iluminación, sus caras angulares generan un dinámico juego de reflejos, luces y sombras que aporta profundidad a cualquier espacio. Con unas dimensiones de 47 cm de altura y 31 cm de diámetro, es el elemento ornamental perfecto para estancias que buscan un carácter arquitectónico único.</p>\n<p data-path-to-node=""7""><b data-path-to-node=""7"" data-index-in-node=""0"">Características principales y materiales:</b></p>\n\n<ul data-path-to-node=""8"">\n 	<li>\n<p data-path-to-node=""8,0,0""><b data-path-to-node=""8,0,0"" data-index-in-node=""0"">Material Premium:</b> Elaborado en vidrio de alta resistencia y densidad con un acabado mate satinado, asegurando una estabilidad óptima en superficies y una larga durabilidad.</p>\n</li>\n 	<li>\n<p data-path-to-node=""8,1,0""><b data-path-to-node=""8,1,0"" data-index-in-node=""0"">Diseño Escultórico Facetado:</b> Estructura geométrica con pliegues poligonales bien definidos que imitan la estética del origami o de un mineral finamente tallado, rompiendo con las formas tradicionales del hogar.</p>\n</li>\n 	<li>\n<p data-path-to-node=""8,2,0""><b data-path-to-node=""8,2,0"" data-index-in-node=""0"">Tonalidad Orgánica Versátil:</b> Su color verde musgo/oliva traslúcido aporta una dosis de frescura sofisticada, combinando a la perfección con estilos modernos, industriales, nórdicos o de lujo silencioso.</p>\n</li>\n</ul>\n<p data-path-to-node=""9""><b data-path-to-node=""9"" data-index-in-node=""0"">Usos recomendados y aplicaciones:</b></p>\n\n<ul data-path-to-node=""10"">\n 	<li>\n<p data-path-to-node=""10,0,0""><b data-path-to-node=""10,0,0"" data-index-in-node=""0"">Pieza de Acento Principal:</b> Por su estilizada altura de 47 cm, luce espectacular de manera solitaria como una obra de arte exenta sobre mesas de centro, consolas de entrada o aparadores de comedor.</p>\n</li>\n 	<li>\n<p data-path-to-node=""10,1,0""><b data-path-to-node=""10,1,0"" data-index-in-node=""0"">Arreglos Ornamentales Modernos:</b> Su boca hexagonal es ideal para albergar arreglos de follaje verde denso, ramas secas estilizadas (como eucalipto o ramas de manzanita) o flores exóticas de gran tallo.</p>\n</li>\n 	<li>\n<p data-path-to-node=""10,2,0""><b data-path-to-node=""10,2,0"" data-index-in-node=""0"">Interiorismo Profesional:</b> Una alternativa idónea para añadir distinción y texturas ricas en salas de estar residenciales, recepciones de hoteles, oficinas de diseño o vitrinas comerciales.</p>\n</li>\n</ul>\n<p data-path-to-node=""11""><b data-path-to-node=""11"" data-index-in-node=""0"">Beneficios:</b></p>\n\n<ul data-path-to-node=""12"">\n 	<li>\n<p data-path-to-node=""12,0,0""><b data-path-to-node=""12,0,0"" data-index-in-node=""0"">Carácter y Estructura Visual:</b> Introduce líneas arquitectónicas y volumen tridimensional a las habitaciones, transformando rincones planos en espacios con gran personalidad.</p>\n</li>\n 	<li>\n<p data-path-to-node=""12,1,0""><b data-path-to-node=""12,1,0"" data-index-in-node=""0"">Luz Tamizada:</b> Su acabado esmerilado filtra los haces lumínicos del entorno de forma suave, creando una atmósfera cálida, íntima y muy relajante.</p>\n</li>\n 	<li>\n<p data-path-to-node=""12,2,0""><b data-path-to-node=""12,2,0"" data-index-in-node=""0"">Fácil Mantenimiento:</b> Limpieza rápida y sencilla; basta con repasar el cuerpo geométrico con un paño suave de microfibra seco para mantener su textura mate impecable.</p>\n</li>\n</ul>\n<p data-path-to-node=""13""><b data-path-to-node=""13"" data-index-in-node=""0"">Ficha técnica del producto:</b></p>\n\n<ul data-path-to-node=""14"">\n 	<li>\n<p data-path-to-node=""14,0,0""><b data-path-to-node=""14,0,0"" data-index-in-node=""0"">Tipo de producto:</b> Jarrón / Florero Decorativo Alto</p>\n</li>\n 	<li>\n<p data-path-to-node=""14,1,0""><b data-path-to-node=""14,1,0"" data-index-in-node=""0"">Modelo / Código:</b> A3-2075</p>\n</li>\n 	<li>\n<p data-path-to-node=""14,2,0""><b data-path-to-node=""14,2,0"" data-index-in-node=""0"">Material estructural:</b> Vidrio esmerilado de alta calidad</p>\n</li>\n 	<li>\n<p data-path-to-node=""14,3,0""><b data-path-to-node=""14,3,0"" data-index-in-node=""0"">Color principal:</b> Verde Oliva / Verde Musgo</p>\n</li>\n 	<li>\n<p data-path-to-node=""14,4,0""><b data-path-to-node=""14,4,0"" data-index-in-node=""0"">Acabado superficial:</b> Facetado poligonal con textura lineal sutil</p>\n</li>\n 	<li>\n<p data-path-to-node=""14,5,0""><b data-path-to-node=""14,5,0"" data-index-in-node=""0"">Alto aproximado:</b> 47 cm</p>\n</li>\n 	<li>\n<p data-path-to-node=""14,6,0""><b data-path-to-node=""14,6,0"" data-index-in-node=""0"">Ancho/Diámetro aproximado:</b> 31 cm</p>\n</li>\n 	<li>\n<p data-path-to-node=""14,7,0""><b data-path-to-node=""14,7,0"" data-index-in-node=""0"">Largo aproximado:</b> 31 cm</p>\n</li>\n 	<li>\n<p data-path-to-node=""14,8,0""><b data-path-to-node=""14,8,0"" data-index-in-node=""0"">Forma:</b> Geométrica / Prismática facetada</p>\n</li>\n 	<li>\n<p data-path-to-node=""14,9,0""><b data-path-to-node=""14,9,0"" data-index-in-node=""0"">Uso recomendado:</b> Decoración de interiores</p>\n</li>\n</ul>\n<p data-path-to-node=""15""><b data-path-to-node=""15"" data-index-in-node=""0"">Instrucciones de limpieza y cuidado:</b> Para conservar la textura satinada mate y el color original del vidrio, se aconseja limpiar la pieza de manera regular con un paño de microfibra suave, completamente seco o apenas humedecido con agua. Evite el empleo de esponjas rígidas, lanas de acero o detergentes químicos corrosivos que puedan rayar las caras facetadas. Manipular tomándolo firmemente desde el cuerpo o la base.\n\n</p>\n\n<table class=""jsx-513032616 specification-table "">\n<tbody class=""jsx-513032616"">\n<tr class=""jsx-513032616"">\n<td class=""jsx-513032616 property-name"">Condicion del producto</td>\n<td class=""jsx-513032616 property-value"">Nuevo</td>\n</tr>\n<tr class=""jsx-513032616"">\n<td class=""jsx-513032616 property-name"">Color básico</td>\n<td class=""jsx-513032616 property-value"">Verde</td>\n</tr>\n<tr class=""jsx-513032616"">\n<td class=""jsx-513032616 property-name"">Modo de fabricación</td>\n<td class=""jsx-513032616 property-value"">Artesanal</td>\n</tr>\n<tr class=""jsx-513032616"">\n<td class=""jsx-513032616 property-name"">Forma de uso</td>\n<td class=""jsx-513032616 property-value"">✨ Centro de mesa elegante: Colócalos en mesas de comedor junto a arreglos florales o bandejas decorativas para crear un punto focal sofisticado. ✨ Decoración de consola o</td>\n</tr>\n<tr class=""jsx-513032616"">\n<td class=""jsx-513032616 property-name"">Cuidado del producto</td>\n<td class=""jsx-513032616 property-value"">Limpiar la superficie suavemente con un paño de microfibra seco o ligeramente húmedo. No utilizar líquidos abrasivos, esponjas de alambre ni químicos corrosivos que puedan</td>\n</tr>\n<tr class=""jsx-513032616"">\n<td class=""jsx-513032616 property-name"">Colección</td>\n<td class=""jsx-513032616 property-value"">Anbar Home 2026</td>\n</tr>\n<tr class=""jsx-513032616"">\n<td class=""jsx-513032616 property-name"">Incluye</td>\n<td class=""jsx-513032616 property-value"">producto principal</td>\n</tr>\n<tr class=""jsx-513032616"">\n<td class=""jsx-513032616 property-name"">Alto</td>\n<td class=""jsx-513032616 property-value"">47</td>\n</tr>\n<tr class=""jsx-513032616"">\n<td class=""jsx-513032616 property-name"">Modelo</td>\n<td class=""jsx-513032616 property-value"">A32075</td>\n</tr>\n<tr class=""jsx-513032616"">\n<td class=""jsx-513032616 property-name"">Ancho</td>\n<td class=""jsx-513032616 property-value"">31</td>\n</tr>\n<tr class=""jsx-513032616"">\n<td class=""jsx-513032616 property-name"">Color</td>\n<td class=""jsx-513032616 property-value"">Verde oliva</td>\n</tr>\n<tr class=""jsx-513032616"">\n<td class=""jsx-513032616 property-name"">País de origen</td>\n<td class=""jsx-513032616 property-value"">China</td>\n</tr>\n<tr class=""jsx-513032616"">\n<td class=""jsx-513032616 property-name"">Material</td>\n<td class=""jsx-513032616 property-value"">Vidrio</td>\n</tr>\n<tr class=""jsx-513032616"">\n<td class=""jsx-513032616 property-name"">Cantidad de paquetes</td>\n<td class=""jsx-513032616 property-value"">1</td>\n</tr>\n</tbody>\n</table>",,,taxable,,1,,,0,0,3,31,31,47,1,,,"1190000,00","Jarrones, Jarrones > Línea Suprema, Todos los productos",,,"https://anbarhome.com/wp-content/uploads/2026/06/Tall_green_glass_vase_minimalist_202606251241.jpeg, https://anbarhome.com/wp-content/uploads/2026/06/A_pair_of_faceted_geometric_202606251239.jpeg, https://anbarhome.com/wp-content/uploads/2026/06/Tall_green_glass_vase_minimalist_202606251241.jpeg, https://anbarhome.com/wp-content/uploads/2026/06/dbcba991c1a0ba1354228bfc61c6e79e.png, https://anbarhome.com/wp-content/uploads/2026/06/Green_glass_vase_facets_202606251239.jpeg",,,,,,,,,0,,,default,,yes,,,,,,,,nickx_video_url_youtube,no,10000000000000,,1782426491,,yes,yes,,,product,,,,,,,,,,,,,,,,,,,,,,,,,,,,,,,,,,,,,,
15250,simple,A32076,,"Jarrón Geométrico Oliva Redondo",1,0,visible,"<p data-path-to-node=""20"">Incorpore una dosis de modernidad y armonía mineral a sus espacios con este exclusivo jarrón decorativo de alta gama en formato esférico facetado. Esta pieza destaca por su silueta redonda achatada compuesta por múltiples caras poligonales angulares que reinterpretan la geometría orgánica de la naturaleza. Elaborado en vidrio de alta resistencia con acabado esmerilado en un sofisticado tono verde oliva, cuenta con una superficie finamente texturizada que realza su valor artesanal.</p>\nAl recibir la luz del entorno, cada una de sus facetas distribuye los reflejos de forma única, propiciando un ambiente colmado de dinamismo visual, elegancia y distinción. Con unas equilibradas dimensiones de 12 cm de altura y un ancho máximo de 40 cm, se consolida como un accesorio ornamental de perfil bajo pero de gran impacto estético.","<p data-path-to-node=""20"">Incorpore una dosis de modernidad y armonía mineral a sus espacios con este exclusivo jarrón decorativo de alta gama en formato esférico facetado. Esta pieza destaca por su silueta redonda achatada compuesta por múltiples caras poligonales angulares que reinterpretan la geometría orgánica de la naturaleza. Elaborado en vidrio de alta resistencia con acabado esmerilado en un sofisticado tono verde oliva, cuenta con una superficie finamente texturizada que realza su valor artesanal. Al recibir la luz del entorno, cada una de sus facetas distribuye los reflejos de forma única, propiciando un ambiente colmado de dinamismo visual, elegancia y distinción. Con unas equilibradas dimensiones de 12 cm de altura y un ancho máximo de 40 cm, se consolida como un accesorio ornamental de perfil bajo pero de gran impacto estético.</p>\n<p data-path-to-node=""21""><b data-path-to-node=""21"" data-index-in-node=""0"">Características principales y materiales:</b></p>\n\n<ul data-path-to-node=""22"">\n 	<li>\n<p data-path-to-node=""22,0,0""><b data-path-to-node=""22,0,0"" data-index-in-node=""0"">Material Premium:</b> Fabricado en vidrio de gran espesor y calidad superior con acabado mate esmerilado, proporcionando un tacto sedoso y un excelente centro de gravedad que evita volcamientos.</p>\n</li>\n 	<li>\n<p data-path-to-node=""22,1,0""><b data-path-to-node=""22,1,0"" data-index-in-node=""0"">Geometría Poligonal Compacta:</b> Su estructura facetada redondeada genera un atractivo contraste visual al colocarse sobre mobiliario de líneas rectas tradicionales.</p>\n</li>\n 	<li>\n<p data-path-to-node=""22,2,0""><b data-path-to-node=""22,2,0"" data-index-in-node=""0"">Paleta Cromática Natural:</b> Su color verde musgo traslúcido resulta sumamente versátil, integrándose con total fluidez en decoraciones de inspiración mediterránea, contemporánea, minimalista o ecológica.</p>\n</li>\n</ul>\n<p data-path-to-node=""23""><b data-path-to-node=""23"" data-index-in-node=""0"">Usos recomendados y aplicaciones:</b></p>\n\n<ul data-path-to-node=""24"">\n 	<li>\n<p data-path-to-node=""24,0,0""><b data-path-to-node=""24,0,0"" data-index-in-node=""0"">Centro de Mesa de Perfil Bajo:</b> Su gran anchura de 40 cm y baja altura de 12 cm lo hacen el candidato perfecto para mesas de centro en la sala, mesas de comedor o barras de cocina, decorando con solidez sin obstruir las visuales de los invitados.</p>\n</li>\n 	<li>\n<p data-path-to-node=""24,1,0""><b data-path-to-node=""24,1,0"" data-index-in-node=""0"">Arreglos de Base Ancha o Flotantes:</b> Su generosa boca es excelente para ramilletes compactos de tallo corto, arreglos esféricos de flores, plantas suculentas o incluso para usarse como un cuenco decorativo exento de alta costura.</p>\n</li>\n 	<li>\n<p data-path-to-node=""24,2,0""><b data-path-to-node=""24,2,0"" data-index-in-node=""0"">Decoración de Estanterías:</b> Ideal para vestir con elegancia nichos iluminados, baldas de bibliotecas, escritorios ejecutivos o mostradores de recepción comercial.</p>\n</li>\n</ul>\n<p data-path-to-node=""25""><b data-path-to-node=""25"" data-index-in-node=""0"">Beneficios:</b></p>\n\n<ul data-path-to-node=""26"">\n 	<li>\n<p data-path-to-node=""26,0,0""><b data-path-to-node=""26,0,0"" data-index-in-node=""0"">Suavidad y Volumen Moderno:</b> Su silueta redondeada facetada aporta dinamismo, equilibrio y un aire contemporáneo muy sofisticado a cualquier habitación.</p>\n</li>\n 	<li>\n<p data-path-to-node=""26,1,0""><b data-path-to-node=""26,1,0"" data-index-in-node=""0"">Efecto Lumínico Escultórico:</b> Actúa como un tamiz de luz natural o artificial, proyectando suaves sombras geométricas a su alrededor que enriquecen la atmósfera hogareña.</p>\n</li>\n 	<li>\n<p data-path-to-node=""26,2,0""><b data-path-to-node=""26,2,0"" data-index-in-node=""0"">Obsequio de Categoría:</b> Por su diseño de vanguardia y versatilidad funcional, es un regalo ideal para inauguraciones de casas, bodas, aniversarios o eventos corporativos premium.</p>\n</li>\n</ul>\n<p data-path-to-node=""27""><b data-path-to-node=""27"" data-index-in-node=""0"">Ficha técnica del producto:</b></p>\n\n<ul data-path-to-node=""28"">\n 	<li>\n<p data-path-to-node=""28,0,0""><b data-path-to-node=""28,0,0"" data-index-in-node=""0"">Tipo de producto:</b> Jarrón / Florero Decorativo Bajo</p>\n</li>\n 	<li>\n<p data-path-to-node=""28,1,0""><b data-path-to-node=""28,1,0"" data-index-in-node=""0"">Modelo / Código:</b> A3-2076</p>\n</li>\n 	<li>\n<p data-path-to-node=""28,2,0""><b data-path-to-node=""28,2,0"" data-index-in-node=""0"">Material estructural:</b> Vidrio esmerilado de alta calidad</p>\n</li>\n 	<li>\n<p data-path-to-node=""28,3,0""><b data-path-to-node=""28,3,0"" data-index-in-node=""0"">Color principal:</b> Verde Oliva / Verde Musgo</p>\n</li>\n 	<li>\n<p data-path-to-node=""28,4,0""><b data-path-to-node=""28,4,0"" data-index-in-node=""0"">Acabado superficial:</b> Facetado poligonal con textura lineal sutil</p>\n</li>\n 	<li>\n<p data-path-to-node=""28,5,0""><b data-path-to-node=""28,5,0"" data-index-in-node=""0"">Alto aproximado:</b> 30 cm</p>\n</li>\n 	<li>\n<p data-path-to-node=""28,6,0""><b data-path-to-node=""28,6,0"" data-index-in-node=""0"">Ancho aproximado:</b> 27 cm</p>\n</li>\n 	<li>\n<p data-path-to-node=""28,7,0""><b data-path-to-node=""28,7,0"" data-index-in-node=""0"">Largo aproximado:</b> 27 cm</p>\n</li>\n 	<li>\n<p data-path-to-node=""28,8,0""><b data-path-to-node=""28,8,0"" data-index-in-node=""0"">Forma:</b> Esférica achatada / Geométrica facetada</p>\n</li>\n 	<li>\n<p data-path-to-node=""28,9,0""><b data-path-to-node=""28,9,0"" data-index-in-node=""0"">Uso recomendado:</b> Decoración de interiores</p>\n</li>\n</ul>\n<p data-path-to-node=""29""><b data-path-to-node=""29"" data-index-in-node=""0"">Instrucciones de limpieza y cuidado:</b> Para mantener el acabado mate y la transparencia idónea de la pieza, limpie periódicamente utilizando un paño suave de microfibra limpio y seco. Se desaconseja por completo el uso de disolventes, limpiadores abrasivos o fibras metálicas que puedan rayar el relieve texturizado del vidrio. Sujete con ambas manos por los costados para levantarlo de forma segura.\n\n</p>\n\n<table class=""jsx-513032616 specification-table "">\n<tbody class=""jsx-513032616"">\n<tr class=""jsx-513032616"">\n<td class=""jsx-513032616 property-name"">Condicion del producto</td>\n<td class=""jsx-513032616 property-value"">Nuevo</td>\n</tr>\n<tr class=""jsx-513032616"">\n<td class=""jsx-513032616 property-name"">Color básico</td>\n<td class=""jsx-513032616 property-value"">Verde</td>\n</tr>\n<tr class=""jsx-513032616"">\n<td class=""jsx-513032616 property-name"">Modo de fabricación</td>\n<td class=""jsx-513032616 property-value"">Industrial</td>\n</tr>\n<tr class=""jsx-513032616"">\n<td class=""jsx-513032616 property-name"">Forma de uso</td>\n<td class=""jsx-513032616 property-value"">✨ Centro de mesa elegante: Colócalos en mesas de comedor junto a arreglos florales o bandejas decorativas para crear un punto focal sofisticado. ✨ Decoración de consola o</td>\n</tr>\n<tr class=""jsx-513032616"">\n<td class=""jsx-513032616 property-name"">Recomendaciones de uso</td>\n<td class=""jsx-513032616 property-value"">Limpiar la superficie suavemente con un paño de microfibra seco o ligeramente húmedo.</td>\n</tr>\n<tr class=""jsx-513032616"">\n<td class=""jsx-513032616 property-name"">Cuidado del producto</td>\n<td class=""jsx-513032616 property-value"">Limpiar la superficie suavemente con un paño de microfibra seco o ligeramente húmedo.</td>\n</tr>\n<tr class=""jsx-513032616"">\n<td class=""jsx-513032616 property-name"">Colección</td>\n<td class=""jsx-513032616 property-value"">Colección 2026</td>\n</tr>\n<tr class=""jsx-513032616"">\n<td class=""jsx-513032616 property-name"">Alto</td>\n<td class=""jsx-513032616 property-value"">27</td>\n</tr>\n<tr class=""jsx-513032616"">\n<td class=""jsx-513032616 property-name"">Modelo</td>\n<td class=""jsx-513032616 property-value"">Colección 2026</td>\n</tr>\n<tr class=""jsx-513032616"">\n<td class=""jsx-513032616 property-name"">Ancho</td>\n<td class=""jsx-513032616 property-value"">30</td>\n</tr>\n<tr class=""jsx-513032616"">\n<td class=""jsx-513032616 property-name"">Color</td>\n<td class=""jsx-513032616 property-value"">Verde Oliva</td>\n</tr>\n<tr class=""jsx-513032616"">\n<td class=""jsx-513032616 property-name"">País de origen</td>\n<td class=""jsx-513032616 property-value"">China</td>\n</tr>\n<tr class=""jsx-513032616"">\n<td class=""jsx-513032616 property-name"">Material</td>\n<td class=""jsx-513032616 property-value"">Vidrio</td>\n</tr>\n</tbody>\n</table>",,,taxable,,1,,,0,0,3,31,31,47,1,,,990000,"Jarrones, Jarrones > Línea Suprema, Todos los productos",,,"https://anbarhome.com/wp-content/uploads/2026/06/Green_glass_vase_on_surface_202606251242.jpeg, https://anbarhome.com/wp-content/uploads/2026/06/A3-2075-31x47cm-A3-2076-40x12cm-.png, https://anbarhome.com/wp-content/uploads/2026/06/Green_glass_vase_on_surface_202606251242.jpeg, https://anbarhome.com/wp-content/uploads/2026/06/Green_glass_vase_facets_202606251239.jpeg, https://anbarhome.com/wp-content/uploads/2026/06/crea_esta_imagen_solo_con_202606251246.jpeg",,,,,,,,,0,,,default,,yes,,,,,,,,nickx_video_url_youtube,no,10000000000000,,1782415599,,yes,yes,,,product,,,,,,,,,,,,,,,,,,,,,,,,,,,,,,,,,,,,,,
15255,simple,A3-2072,,"Jarrón Boreal Ahumado Redondo",1,0,visible,"<p data-path-to-node=""20"">Este exclusivo jarrón decorativo de alta gama en formato redondo es la pieza perfecta para transformar y elevar la estética de cualquier espacio interior. Destaca por su sofisticado diseño esférico contemporáneo y un cautivador acabado ahumado en tonos azul grisáceo que evoca serenidad y distinción.</p>\nSu superficie presenta una meticulosa textura martillada de aspecto artesanal, la cual genera un sutil e interesante juego de reflejos y sombras al interactuar con la luz natural o artificial, aportando dinamismo visual, profundidad y una elegancia indiscutible a su hogar u oficina. Gracias a su silueta compacta y equilibrada de 24 cm de alto y ancho, funciona como un elemento ornamental sumamente versátil y armonioso.","<div class=""jsx-2445445216 accordion__title"">Información adicional</div>\n<div class=""jsx-2445445216 accordion__icon""></div>\n<div class=""jsx-2445445216 accordion__content accordion__content--open"">\n<div class=""jsx-2445445216 accordion__content-inner "">\n<div class=""jsx-2445445216"">\n<div class=""fb-product-information__product-information-tab"">\n<div class=""fb-product-information-tab__copy"">\n<p data-path-to-node=""3"">Este exclusivo jarrón decorativo de alta gama en formato redondo es la pieza perfecta para transformar y elevar la estética de cualquier espacio interior. Destaca por su sofisticado diseño esférico contemporáneo y un cautivador acabado ahumado en tonos azul grisáceo que evoca serenidad y distinción. Su superficie presenta una meticulosa textura martillada de aspecto artesanal, la cual genera un sutil e interesante juego de reflejos y sombras al interactuar con la luz natural o artificial, aportando dinamismo visual, profundidad y una elegancia indiscutible a su hogar u oficina. Gracias a su silueta compacta y equilibrada de 24 cm de alto y ancho, funciona como un elemento ornamental sumamente versátil y armonioso.</p>\n<p data-path-to-node=""4""><b data-path-to-node=""4"" data-index-in-node=""0"">Características principales y materiales:</b></p>\n\n<ul data-path-to-node=""5"">\n 	<li>\n<p data-path-to-node=""5,0,0""><b data-path-to-node=""5,0,0"" data-index-in-node=""0"">Material Premium:</b> Fabricado en vidrio de alta resistencia, excelente calidad y gran espesor, lo que garantiza una óptima estabilidad, robustez y durabilidad a lo largo del tiempo.</p>\n</li>\n 	<li>\n<p data-path-to-node=""5,1,0""><b data-path-to-node=""5,1,0"" data-index-in-node=""0"">Acabado Exclusivo:</b> Tonalidad ahumada azul grisácea con un relieve texturizado tipo martillado que simula el trabajo hecho a mano.</p>\n</li>\n 	<li>\n<p data-path-to-node=""5,2,0""><b data-path-to-node=""5,2,0"" data-index-in-node=""0"">Diseño Versátil:</b> Su silueta orgánica, esférica y de líneas fluidas se adapta a la perfección tanto a estilos decorativos modernos, minimalistas y nórdicos, como a conceptos clásicos o contemporáneos.</p>\n</li>\n</ul>\n<p data-path-to-node=""6""><b data-path-to-node=""6"" data-index-in-node=""0"">Usos recomendados y aplicaciones:</b></p>\n\n<ul data-path-to-node=""7"">\n 	<li>\n<p data-path-to-node=""7,0,0""><b data-path-to-node=""7,0,0"" data-index-in-node=""0"">Elemento Central:</b> Ideal para ser utilizado como pieza focal decorativa en mesas de comedor, mesas de centro de baja altura en la sala, consolas de entrada, repisas o nichos iluminados.</p>\n</li>\n 	<li>\n<p data-path-to-node=""7,1,0""><b data-path-to-node=""7,1,0"" data-index-in-node=""0"">Arreglos Florales:</b> Diseñado específicamente para albergar con sofisticación arreglos de flores de tallo corto, ramilletes compactos, flotantes o velas, así como para lucirse de manera individual como una escultura independiente de formato redondo.</p>\n</li>\n 	<li>\n<p data-path-to-node=""7,2,0""><b data-path-to-node=""7,2,0"" data-index-in-node=""0"">Espacios Profesionales:</b> Excelente opción para añadir un toque de distinción, sobriedad y calidez a escritorios, mesas auxiliares, estanterías de oficinas, salas de espera o proyectos de interiorismo comercial.</p>\n</li>\n</ul>\n<p data-path-to-node=""8""><b data-path-to-node=""8"" data-index-in-node=""0"">Beneficios para el consumidor:</b></p>\n\n<ul data-path-to-node=""9"">\n 	<li>\n<p data-path-to-node=""9,0,0""><b data-path-to-node=""9,0,0"" data-index-in-node=""0"">Aporte de volumen y textura:</b> Introduce una geometría suave y orgánica que rompe visualmente con las líneas rectas del mobiliario, sumando una paleta cromática neutra pero con mucho carácter.</p>\n</li>\n 	<li>\n<p data-path-to-node=""9,1,0""><b data-path-to-node=""9,1,0"" data-index-in-node=""0"">Atmósferas acogedoras:</b> Su vidrio ahumado filtra la luz de manera sutil, sumando calidez y creando un aire premium y reconfortante en el entorno.</p>\n</li>\n 	<li>\n<p data-path-to-node=""9,2,0""><b data-path-to-node=""9,2,0"" data-index-in-node=""0"">Regalo ideal:</b> Por su empaque, diseño y versatilidad geométrica, se convierte en un obsequio sofisticado para bodas, aniversarios, inauguraciones de casas o eventos corporativos.</p>\n</li>\n</ul>\n<p data-path-to-node=""10""><b data-path-to-node=""10"" data-index-in-node=""0"">Ficha técnica del producto:</b></p>\n\n<ul data-path-to-node=""11"">\n 	<li>\n<p data-path-to-node=""11,0,0""><b data-path-to-node=""11,0,0"" data-index-in-node=""0"">Tipo de producto:</b> Jarrón / Florero Decorativo Redondo</p>\n</li>\n 	<li>\n<p data-path-to-node=""11,1,0""><b data-path-to-node=""11,1,0"" data-index-in-node=""0"">Material estructural:</b> Vidrio / Cristal ahumado</p>\n</li>\n 	<li>\n<p data-path-to-node=""11,2,0""><b data-path-to-node=""11,2,0"" data-index-in-node=""0"">Color principal:</b> Azul Grisáceo / Humo</p>\n</li>\n 	<li>\n<p data-path-to-node=""11,3,0""><b data-path-to-node=""11,3,0"" data-index-in-node=""0"">Acabado superficial:</b> Textura martillada artesanal</p>\n</li>\n 	<li>\n<p data-path-to-node=""11,4,0""><b data-path-to-node=""11,4,0"" data-index-in-node=""0"">Alto aproximado:</b> 24 cm</p>\n</li>\n 	<li>\n<p data-path-to-node=""11,5,0""><b data-path-to-node=""11,5,0"" data-index-in-node=""0"">Ancho/Diámetro aproximado:</b> 24 cm</p>\n</li>\n 	<li>\n<p data-path-to-node=""11,6,0""><b data-path-to-node=""11,6,0"" data-index-in-node=""0"">Forma:</b> Esférica / Redonda compacta</p>\n</li>\n 	<li>\n<p data-path-to-node=""11,7,0""><b data-path-to-node=""11,7,0"" data-index-in-node=""0"">Uso recomendado:</b> Decoración de interiores</p>\n</li>\n</ul>\n<p data-path-to-node=""12""><b data-path-to-node=""12"" data-index-in-node=""0"">Instrucciones de limpieza y cuidado:</b> Para mantener el brillo y la transparencia óptima del vidrio, se recomienda limpiar la superficie de forma regular utilizando únicamente un paño suave de microfibra, seco o ligeramente humedecido con agua. Evite por completo el uso de esponjas abrasivas, lanas de acero o productos químicos corrosivos que puedan rayar o alterar el acabado texturizado del jarrón. Manipular siempre con cuidado desde la base.</p>\n\n</div>\n</div>\n<table class=""jsx-513032616 specification-table "">\n<tbody class=""jsx-513032616"">\n<tr class=""jsx-513032616"">\n<td class=""jsx-513032616 property-name"">Forma de uso</td>\n<td class=""jsx-513032616 property-value"">✨ Centro de mesa elegante: Colócalos en mesas de comedor junto a arreglos florales o bandejas decorativas para crear un punto focal sofisticado. ✨ Decoración de consola o</td>\n</tr>\n<tr class=""jsx-513032616"">\n<td class=""jsx-513032616 property-name"">Cuidado del producto</td>\n<td class=""jsx-513032616 property-value"">Limpiar la superficie suavemente con un paño de microfibra seco o ligeramente húmedo.</td>\n</tr>\n<tr class=""jsx-513032616"">\n<td class=""jsx-513032616 property-name"">Colección</td>\n<td class=""jsx-513032616 property-value"">Anbar Home 2026</td>\n</tr>\n<tr class=""jsx-513032616"">\n<td class=""jsx-513032616 property-name"">Alto</td>\n<td class=""jsx-513032616 property-value"">24</td>\n</tr>\n<tr class=""jsx-513032616"">\n<td class=""jsx-513032616 property-name"">Modelo</td>\n<td class=""jsx-513032616 property-value"">Colección 2026</td>\n</tr>\n<tr class=""jsx-513032616"">\n<td class=""jsx-513032616 property-name"">Ancho</td>\n<td class=""jsx-513032616 property-value"">24</td>\n</tr>\n<tr class=""jsx-513032616"">\n<td class=""jsx-513032616 property-name"">Color</td>\n<td class=""jsx-513032616 property-value"">Tonos azul grisáceo</td>\n</tr>\n<tr class=""jsx-513032616"">\n<td class=""jsx-513032616 property-name"">País de origen</td>\n<td class=""jsx-513032616 property-value"">China</td>\n</tr>\n<tr class=""jsx-513032616"">\n<td class=""jsx-513032616 property-name"">Material</td>\n<td class=""jsx-513032616 property-value"">Vidrio</td>\n</tr>\n</tbody>\n</table>\n</div>\n</div>\n</div>",,,taxable,,1,,,0,0,3,31,31,47,1,,,"599000,00","Jarrones, Jarrones > Línea Suprema, Todos los productos",,,"https://anbarhome.com/wp-content/uploads/2026/06/Spherical_smoky_charcoal_glass_vase_202606251340.jpeg, https://anbarhome.com/wp-content/uploads/2026/06/Spherical_smoky_charcoal_glass_vase_202606251340.jpeg, https://anbarhome.com/wp-content/uploads/2026/06/Two_charcoal_glass_vases_202606251338.jpeg, https://anbarhome.com/wp-content/uploads/2026/06/Honeycomb_faceted_charcoal_glass…_202606251337.jpeg, https://anbarhome.com/wp-content/uploads/2026/06/Macro_close-up_of_the_spherical_202606251337.jpeg",,,,,,,,,0,,,default,,yes,,,,,,,,nickx_video_url_youtube,no,10000000000000,,1782425609,,yes,yes,,,product,,,,,,,,,,,,,,,,,,,,,,,,,,,,,,,,,,,,,,
15265,simple,A3-2071,,"Jarrón Boreal Ahumado Alto",1,0,visible,"Este exclusivo jarrón decorativo de alta gama es la pieza perfecta para transformar y elevar la estética de cualquier espacio interior. Destaca por su sofisticado diseño contemporáneo y un cautivador acabado ahumado en tonos azul grisáceo que evoca serenidad y distinción. Su superficie presenta una meticulosa textura martillada de aspecto artesanal, la cual genera un sutil e interesante juego de reflejos y sombras al interactuar con la luz natural o artificial, aportando dinamismo visual, profundidad y una elegancia indiscutible a su hogar u oficina. Gracias a su imponente presencia de 45 cm de altura, funciona como un elemento ornamental de gran impacto visual.","<p data-path-to-node=""5"">Este exclusivo jarrón decorativo de alta gama es la pieza perfecta para transformar y elevar la estética de cualquier espacio interior. Destaca por su sofisticado diseño contemporáneo y un cautivador acabado ahumado en tonos azul grisáceo que evoca serenidad y distinción. Su superficie presenta una meticulosa textura martillada de aspecto artesanal, la cual genera un sutil e interesante juego de reflejos y sombras al interactuar con la luz natural o artificial, aportando dinamismo visual, profundidad y una elegancia indiscutible a su hogar u oficina. Gracias a su imponente presencia de 45 cm de altura, funciona como un elemento ornamental de gran impacto visual.</p>\n<p data-path-to-node=""6""><b data-path-to-node=""6"" data-index-in-node=""0"">Características principales y materiales:</b></p>\n\n<ul data-path-to-node=""7"">\n 	<li>\n<p data-path-to-node=""7,0,0""><b data-path-to-node=""7,0,0"" data-index-in-node=""0"">Material Premium:</b> Fabricado en vidrio de alta resistencia, excelente calidad y gran espesor, lo que garantiza una óptima estabilidad, robustez y durabilidad a lo largo del tiempo.</p>\n</li>\n 	<li>\n<p data-path-to-node=""7,1,0""><b data-path-to-node=""7,1,0"" data-index-in-node=""0"">Acabado Exclusivo:</b> Tonalidad ahumada azul grisácea con un relieve texturizado tipo martillado que simula el trabajo hecho a mano.</p>\n</li>\n 	<li>\n<p data-path-to-node=""7,2,0""><b data-path-to-node=""7,2,0"" data-index-in-node=""0"">Diseño Versátil:</b> Su silueta orgánica, estilizada y de líneas fluidas se adapta a la perfección tanto a estilos decorativos modernos, minimalistas y nórdicos, como a conceptos clásicos o contemporáneos.</p>\n</li>\n</ul>\n<p data-path-to-node=""8""><b data-path-to-node=""8"" data-index-in-node=""0"">Usos recomendados y aplicaciones:</b></p>\n\n<ul data-path-to-node=""9"">\n 	<li>\n<p data-path-to-node=""9,0,0""><b data-path-to-node=""9,0,0"" data-index-in-node=""0"">Elemento Central:</b> Ideal para ser utilizado como pieza focal decorativa en mesas de comedor, mesas de centro en la sala, consolas de entrada, repisas o nichos iluminados.</p>\n</li>\n 	<li>\n<p data-path-to-node=""9,1,0""><b data-path-to-node=""9,1,0"" data-index-in-node=""0"">Arreglos Florales:</b> Diseñado específicamente para albergar con sofisticación tanto arreglos de flores naturales como ramas secas ornamentales (pampas, ramas de eucalipto o algodón), así como para lucirse de manera individual como una escultura independiente.</p>\n</li>\n 	<li>\n<p data-path-to-node=""9,2,0""><b data-path-to-node=""9,2,0"" data-index-in-node=""0"">Espacios Profesionales:</b> Excelente opción para añadir un toque de distinción, sobriedad y calidez a oficinas ejecutivas, salas de espera, recepciones de hoteles o proyectos de interiorismo comercial.</p>\n</li>\n</ul>\n<p data-path-to-node=""10""><b data-path-to-node=""10"" data-index-in-node=""0"">Beneficios para el consumidor:</b></p>\n\n<ul data-path-to-node=""11"">\n 	<li>\n<p data-path-to-node=""11,0,0""><b data-path-to-node=""11,0,0"" data-index-in-node=""0"">Aporte de volumen y textura:</b> Introduce dimensión visual y una paleta cromática neutra pero con mucho carácter, ideal para romper la monotonía de superficies lisas o paredes desnudas.</p>\n</li>\n 	<li>\n<p data-path-to-node=""11,1,0""><b data-path-to-node=""11,1,0"" data-index-in-node=""0"">Atmósferas acogedoras:</b> Su vidrio ahumado filtra la luz de manera sutil, sumando calidez y creando un aire premium y reconfortante en el entorno.</p>\n</li>\n 	<li>\n<p data-path-to-node=""11,2,0""><b data-path-to-node=""11,2,0"" data-index-in-node=""0"">Regalo ideal:</b> Por su empaque, diseño y versatilidad, se convierte en un obsequio sofisticado para bodas, aniversarios, inauguraciones de casas o eventos corporativos.</p>\n</li>\n</ul>\n<p data-path-to-node=""12""><b data-path-to-node=""12"" data-index-in-node=""0"">Ficha técnica del producto:</b></p>\n\n<ul data-path-to-node=""13"">\n 	<li>\n<p data-path-to-node=""13,0,0""><b data-path-to-node=""13,0,0"" data-index-in-node=""0"">Tipo de producto:</b> Jarrón / Florero Decorativo</p>\n</li>\n 	<li>\n<p data-path-to-node=""13,1,0""><b data-path-to-node=""13,1,0"" data-index-in-node=""0"">Material estructural:</b> Vidrio / Cristal ahumado</p>\n</li>\n 	<li>\n<p data-path-to-node=""13,2,0""><b data-path-to-node=""13,2,0"" data-index-in-node=""0"">Color principal:</b> Azul Grisáceo / Humo</p>\n</li>\n 	<li>\n<p data-path-to-node=""13,3,0""><b data-path-to-node=""13,3,0"" data-index-in-node=""0"">Acabado superficial:</b> Textura martillada artesanal</p>\n</li>\n 	<li>\n<p data-path-to-node=""13,4,0""><b data-path-to-node=""13,4,0"" data-index-in-node=""0"">Alto aproximado:</b> 45 cm</p>\n</li>\n 	<li>\n<p data-path-to-node=""13,5,0""><b data-path-to-node=""13,5,0"" data-index-in-node=""0"">Diámetro aproximado:</b> 28 cm</p>\n</li>\n 	<li>\n<p data-path-to-node=""13,6,0""><b data-path-to-node=""13,6,0"" data-index-in-node=""0"">Forma:</b> Orgánica / Ovalada estilizada</p>\n</li>\n 	<li>\n<p data-path-to-node=""13,7,0""><b data-path-to-node=""13,7,0"" data-index-in-node=""0"">Uso recomendado:</b> Decoración de interiores</p>\n</li>\n</ul>\n<p data-path-to-node=""14""><b data-path-to-node=""14"" data-index-in-node=""0"">Instrucciones de limpieza y cuidado:</b> Para mantener el brillo y la transparencia óptima del vidrio, se recomienda limpiar la superficie de forma regular utilizando únicamente un paño suave de microfibra, seco o ligeramente humedecido con agua. Evite por completo el uso de esponjas abrasivas, lanas de acero o productos químicos corrosivos que puedan rayar o alterar el acabado texturizado del jarrón. Manipular siempre con cuidado desde la base.\n\n</p>\n\n<table class=""jsx-513032616 specification-table "">\n<tbody class=""jsx-513032616"">\n<tr class=""jsx-513032616"">\n<td class=""jsx-513032616 property-name"">Condicion del producto</td>\n<td class=""jsx-513032616 property-value"">Nuevo</td>\n</tr>\n<tr class=""jsx-513032616"">\n<td class=""jsx-513032616 property-name"">Forma de uso</td>\n<td class=""jsx-513032616 property-value"">✨ Centro de mesa elegante: Colócalos en mesas de comedor junto a arreglos florales o bandejas decorativas para crear un punto focal sofisticado. ✨ Decoración de consola o</td>\n</tr>\n<tr class=""jsx-513032616"">\n<td class=""jsx-513032616 property-name"">Cuidado del producto</td>\n<td class=""jsx-513032616 property-value"">Para mantener el brillo y la transparencia óptima del vidrio, se recomienda limpiar la superficie de forma regular utilizando únicamente un paño suave de microfibra</td>\n</tr>\n<tr class=""jsx-513032616"">\n<td class=""jsx-513032616 property-name"">Colección</td>\n<td class=""jsx-513032616 property-value"">Anbar Home 2026</td>\n</tr>\n<tr class=""jsx-513032616"">\n<td class=""jsx-513032616 property-name"">Alto</td>\n<td class=""jsx-513032616 property-value"">45</td>\n</tr>\n<tr class=""jsx-513032616"">\n<td class=""jsx-513032616 property-name"">Modelo</td>\n<td class=""jsx-513032616 property-value"">Colección 2026</td>\n</tr>\n<tr class=""jsx-513032616"">\n<td class=""jsx-513032616 property-name"">Ancho</td>\n<td class=""jsx-513032616 property-value"">29</td>\n</tr>\n<tr class=""jsx-513032616"">\n<td class=""jsx-513032616 property-name"">Color</td>\n<td class=""jsx-513032616 property-value"">Tonos azul grisáceo</td>\n</tr>\n<tr class=""jsx-513032616"">\n<td class=""jsx-513032616 property-name"">País de origen</td>\n<td class=""jsx-513032616 property-value"">China</td>\n</tr>\n<tr class=""jsx-513032616"">\n<td class=""jsx-513032616 property-name"">Material</td>\n<td class=""jsx-513032616 property-value"">Vidrio</td>\n</tr>\n<tr class=""jsx-513032616"">\n<td class=""jsx-513032616 property-name"">Cantidad de paquetes</td>\n<td class=""jsx-513032616 property-value"">1</td>\n</tr>\n</tbody>\n</table>",,,taxable,,1,,,0,0,3,31,31,47,1,,,"999000,00","Jarrones, Jarrones > Línea Suprema, Todos los productos",,,"https://anbarhome.com/wp-content/uploads/2026/06/Smoky_charcoal_glass_vase_interior_202606251337.jpeg, https://anbarhome.com/wp-content/uploads/2026/06/Smoky_charcoal_glass_vase_interior_202606251337.jpeg, https://anbarhome.com/wp-content/uploads/2026/06/Two_charcoal_glass_vases_202606251338.jpeg, https://anbarhome.com/wp-content/uploads/2026/06/Macro_close-up_of_the_spherical_202606251337.jpeg, https://anbarhome.com/wp-content/uploads/2026/06/Honeycomb_faceted_charcoal_glass…_202606251337.jpeg",,,,,,,,,0,,,default,,yes,,,,,,,,nickx_video_url_youtube,no,10000000000000,,1782425205,,yes,yes,,,product,,,,,,,,,,,,,,,,,,,,,,,,,,,,,,,,,,,,,,
15269,simple,A32078,,"Jarrón Florencia Perla alto",1,0,visible,"<div class=""jsx-2445445216 accordion__title"">\n<p data-path-to-node=""18"">Incorpore un toque de refinamiento geométrico y armonía a sus espacios con este exclusivo jarrón decorativo de alta gama en formato cónico facetado de tamaño mediano. Esta pieza resalta por su equilibrada silueta acampanada con una elegante boca de bordes ondulados, inspirada en formas florales y botánicas. Su superficie exhibe un relieve estriado de líneas verticales combinadas con un sutil acabado jaspeado en tonalidades beige champán, lo que confiere una agradable textura visual y táctil.</p>\nAl interactuar con la iluminación de la estancia, el cristal traslúcido filtra suavemente los haces de luz, propiciando un ambiente cálido, sofisticado y repleto de distinción. Con unas equilibradas medidas de 33.5 cm de altura y un diámetro de 29 cm, se consolida como el complemento ornamental perfecto para enriquecer encimeras y superficies de forma armónica.\n\n</div>","<div class=""jsx-2445445216 accordion__content accordion__content--open"">\n<div class=""jsx-2445445216 accordion__content-inner "">\n<div class=""jsx-2445445216"">\n<div class=""fb-product-information__product-information-tab"">\n<div class=""fb-product-information-tab__copy"">\n<p data-path-to-node=""0"">Eleve el nivel de su decoración con este exclusivo jarrón decorativo de alta gama en formato cónico facetado de gran escala. Esta pieza destaca por su imponente silueta acampanada que culmina en una sofisticada boca con ondulaciones fluidas, evocando la apertura natural de una flor. Su superficie exterior presenta una delicada textura estriada de líneas verticales con un acabado jaspeado y sutiles destellos nacarados en una suave tonalidad beige champán. Al interactuar con la iluminación ambiental, el vidrio traslúcido distribuye la luz de manera uniforme, aportando una calidez excepcional, dinamismo visual y una elegancia atemporal. Con unas magníficas dimensiones de 50 cm de altura y un diámetro superior de 29 cm, es la pieza ornamental ideal para quienes buscan un diseño de lujo contemporáneo con una presencia escultórica única.</p>\n<p data-path-to-node=""6""><b data-path-to-node=""6"" data-index-in-node=""0"">Características principales y materiales:</b></p>\n\n<ul data-path-to-node=""7"">\n 	<li>\n<p data-path-to-node=""7,0,0""><b data-path-to-node=""7,0,0"" data-index-in-node=""0"">Material Premium:</b> Fabricado en vidrio de alta resistencia, gran espesor y excelente calidad, lo que garantiza una óptima estabilidad en cualquier superficie y una larga durabilidad.</p>\n</li>\n 	<li>\n<p data-path-to-node=""7,1,0""><b data-path-to-node=""7,1,0"" data-index-in-node=""0"">Diseño Escultórico Facetado:</b> Su silueta de líneas cónicas y crestas verticales aporta un interesante juego tridimensional de luces y sombras que rompe la monotonía de cualquier ambiente.</p>\n</li>\n 	<li>\n<p data-path-to-node=""7,2,0""><b data-path-to-node=""7,2,0"" data-index-in-node=""0"">Tonalidad Neutra Refinada:</b> Su gama cromática en color arena/champán traslúcido combina de forma perfecta con estilos decorativos de lujo silencioso, minimalistas, clásicos o de corte contemporáneo.</p>\n</li>\n</ul>\n<p data-path-to-node=""8""><b data-path-to-node=""8"" data-index-in-node=""0"">Usos recomendados y aplicaciones:</b></p>\n\n<ul data-path-to-node=""9"">\n 	<li>\n<p data-path-to-node=""9,0,0""><b data-path-to-node=""9,0,0"" data-index-in-node=""0"">Pieza Focal Exclusiva:</b> Por su altura de 50 cm, funciona de manera excelente tanto como jarrón de piso en esquinas de salas y vestíbulos, como elemento principal sobre consolas de entrada o aparadores de comedor.</p>\n</li>\n 	<li>\n<p data-path-to-node=""9,1,0""><b data-path-to-node=""9,1,0"" data-index-in-node=""0"">Arreglos de Gran Escala:</b> Su amplia boca ondulada está diseñada específicamente para albergar exuberantes arreglos de flores frescas, follaje denso o ramas secas ornamentales (como pampas o eucalipto), luciendo igual de impactante si se exhibe de manera solitaria.</p>\n</li>\n 	<li>\n<p data-path-to-node=""9,2,0""><b data-path-to-node=""9,2,0"" data-index-in-node=""0"">Proyectos de Interiorismo:</b> Una alternativa idónea para vestir salones principales, suites residenciales, oficinas ejecutivas, recepciones de hoteles o vitrinas comerciales.</p>\n</li>\n</ul>\n<p data-path-to-node=""10""><b data-path-to-node=""10"" data-index-in-node=""0"">Beneficios para el consumidor:</b></p>\n\n<ul data-path-to-node=""11"">\n 	<li>\n<p data-path-to-node=""11,0,0""><b data-path-to-node=""11,0,0"" data-index-in-node=""0"">Verticalidad y Estilo:</b> Introduce una elegante sensación de altura y volumen visual a las habitaciones, ayudando a vestir paredes desnudas o esquinas vacías.</p>\n</li>\n 	<li>\n<p data-path-to-node=""11,1,0""><b data-path-to-node=""11,1,0"" data-index-in-node=""0"">Iluminación Cálida:</b> El acabado esmerilado/jaspeado del cristal tamiza la luz exterior sutilmente, logrando una atmósfera acogedora y sofisticada.</p>\n</li>\n 	<li>\n<p data-path-to-node=""11,2,0""><b data-path-to-node=""11,2,0"" data-index-in-node=""0"">Fácil Limpieza:</b> Su mantenimiento es muy sencillo; basta con repasar la superficie de manera regular con un paño de microfibra seco para mantener su brillo original intacto.</p>\n</li>\n</ul>\n<p data-path-to-node=""12""><b data-path-to-node=""12"" data-index-in-node=""0"">Ficha técnica del producto:</b></p>\n\n<ul data-path-to-node=""13"">\n 	<li>\n<p data-path-to-node=""13,0,0""><b data-path-to-node=""13,0,0"" data-index-in-node=""0"">Tipo de producto:</b> Jarrón / Florero Decorativo Grande</p>\n</li>\n 	<li>\n<p data-path-to-node=""13,1,0""><b data-path-to-node=""13,1,0"" data-index-in-node=""0"">Modelo / Código:</b> A3-2078</p>\n</li>\n 	<li>\n<p data-path-to-node=""13,2,0""><b data-path-to-node=""13,2,0"" data-index-in-node=""0"">Material estructural:</b> Vidrio de alta calidad</p>\n</li>\n 	<li>\n<p data-path-to-node=""13,3,0""><b data-path-to-node=""13,3,0"" data-index-in-node=""0"">Color principal:</b> Beige / Champán traslúcido</p>\n</li>\n 	<li>\n<p data-path-to-node=""13,4,0""><b data-path-to-node=""13,4,0"" data-index-in-node=""0"">Acabado superficial:</b> Estriado vertical con efecto jaspeado</p>\n</li>\n 	<li>\n<p data-path-to-node=""13,5,0""><b data-path-to-node=""13,5,0"" data-index-in-node=""0"">Alto aproximado:</b> 50 cm</p>\n</li>\n 	<li>\n<p data-path-to-node=""13,6,0""><b data-path-to-node=""13,6,0"" data-index-in-node=""0"">Ancho/Diámetro superior aproximado:</b> 29 cm</p>\n</li>\n 	<li>\n<p data-path-to-node=""13,7,0""><b data-path-to-node=""13,7,0"" data-index-in-node=""0"">Largo aproximado:</b> 29 cm</p>\n</li>\n 	<li>\n<p data-path-to-node=""13,8,0""><b data-path-to-node=""13,8,0"" data-index-in-node=""0"">Forma:</b> Cónica acampanada con boca ondulada</p>\n</li>\n 	<li>\n<p data-path-to-node=""13,9,0""><b data-path-to-node=""13,9,0"" data-index-in-node=""0"">Uso recomendado:</b> Decoración de interiores</p>\n</li>\n</ul>\n<p data-path-to-node=""14""><b data-path-to-node=""14"" data-index-in-node=""0"">Instrucciones de limpieza y cuidado:</b> Para mantener la apariencia óptima y el brillo del vidrio, se recomienda limpiar de forma regular con un paño suave de microfibra limpio y seco. Evite por completo el uso de esponjas abrasivas, paños rígidos o productos químicos corrosivos que puedan alterar o rayar el relieve vertical de la pieza. Sujete siempre firmemente desde el cuerpo o la base para su manipulación.</p>\n\n</div>\n<table class=""jsx-513032616 specification-table "">\n<tbody class=""jsx-513032616"">\n<tr class=""jsx-513032616"">\n<td class=""jsx-513032616 property-name"">Colección</td>\n<td class=""jsx-513032616 property-value"">Anbar Home 2026</td>\n</tr>\n<tr class=""jsx-513032616"">\n<td class=""jsx-513032616 property-name"">Condicion del producto</td>\n<td class=""jsx-513032616 property-value"">Nuevo</td>\n</tr>\n<tr class=""jsx-513032616"">\n<td class=""jsx-513032616 property-name"">Cuidado del producto</td>\n<td class=""jsx-513032616 property-value"">Para mantener la textura satinada original y evitar manchas en el vidrio, realice limpiezas periódicas empleando un paño suave de microfibra seco.</td>\n</tr>\n<tr class=""jsx-513032616"">\n<td class=""jsx-513032616 property-name"">Modo de fabricación</td>\n<td class=""jsx-513032616 property-value"">Artesanal</td>\n</tr>\n<tr class=""jsx-513032616"">\n<td class=""jsx-513032616 property-name"">Alto</td>\n<td class=""jsx-513032616 property-value"">50</td>\n</tr>\n<tr class=""jsx-513032616"">\n<td class=""jsx-513032616 property-name"">Color</td>\n<td class=""jsx-513032616 property-value"">Arena perlado</td>\n</tr>\n<tr class=""jsx-513032616"">\n<td class=""jsx-513032616 property-name"">Ancho</td>\n<td class=""jsx-513032616 property-value"">29</td>\n</tr>\n<tr class=""jsx-513032616"">\n<td class=""jsx-513032616 property-name"">País de origen</td>\n<td class=""jsx-513032616 property-value"">China</td>\n</tr>\n<tr class=""jsx-513032616"">\n<td class=""jsx-513032616 property-name"">Material</td>\n<td class=""jsx-513032616 property-value"">Vidrio</td>\n</tr>\n</tbody>\n</table>\n</div>\n</div>\n</div>\n</div>",,,taxable,,1,,,0,0,3,29,29,50,1,,,999000,"Jarrones, Jarrones > Línea Suprema, Todos los productos",,,"https://anbarhome.com/wp-content/uploads/2026/06/The_tall_fluted_trumpet-shaped_vase_202606251407.jpeg, https://anbarhome.com/wp-content/uploads/2026/06/The_tall_fluted_trumpet-shaped_vase_202606251407.jpeg, https://anbarhome.com/wp-content/uploads/2026/06/Macro_close-up_focusing_on_the_202606251407.jpeg, https://anbarhome.com/wp-content/uploads/2026/06/Detailed_shot_of_the_flared_202606251407.jpeg, https://anbarhome.com/wp-content/uploads/2026/06/A_single_minimalist_home_interior_202606251408.jpeg",,,,,,,,,0,,,default,,yes,,,,,,,,nickx_video_url_youtube,no,10000000000000,,1782416337,,yes,yes,,,product,,,,,,,,,,,,,,,,,,,,,,,,,,,,,,,,,,,,,,
15277,simple,A32077,,"Jarrón Florencia Perla bajo",1,0,visible,"<div class=""jsx-2445445216 accordion__title"">\n<p data-path-to-node=""0"">Eleve el nivel de su decoración con este exclusivo jarrón decorativo de alta gama en formato cónico facetado de gran escala. Esta pieza destaca por su imponente silueta acampanada que culmina en una sofisticada boca con ondulaciones fluidas, evocando la apertura natural de una flor. Su superficie exterior presenta una delicada textura estriada de líneas verticales con un acabado jaspeado y sutiles destellos nacarados en una suave tonalidad beige champán.</p>\nAl interactuar con la iluminación ambiental, el vidrio traslúcido distribuye la luz de manera uniforme, aportando una calidez excepcional, dinamismo visual y una elegancia atemporal. Con unas magníficas dimensiones de 50 cm de altura y un diámetro superior de 29 cm, es la pieza ornamental ideal para quienes buscan un diseño de lujo contemporáneo con una presencia escultórica única\n\n</div>","<h3 data-path-to-node=""18"">Incorpore un toque de refinamiento geométrico y armonía a sus espacios con este exclusivo jarrón decorativo de alta gama en formato cónico facetado de tamaño mediano. Esta pieza resalta por su equilibrada silueta acampanada con una elegante boca de bordes ondulados, inspirada en formas florales y botánicas. Su superficie exhibe un relieve estriado de líneas verticales combinadas con un sutil acabado jaspeado en tonalidades beige champán, lo que confiere una agradable textura visual y táctil.</h3>\nAl interactuar con la iluminación de la estancia, el cristal traslúcido filtra suavemente los haces de luz, propiciando un ambiente cálido, sofisticado y repleto de distinción. Con unas equilibradas medidas de 33.5 cm de altura y un diámetro de 29 cm, se consolida como el complemento ornamental perfecto para enriquecer encimeras y superficies de forma armónica.\n<p data-path-to-node=""20""><b data-path-to-node=""20"" data-index-in-node=""0"">Características principales y materiales:</b></p>\n\n<ul data-path-to-node=""21"">\n 	<li>\n<p data-path-to-node=""21,0,0""><b data-path-to-node=""21,0,0"" data-index-in-node=""0"">Material Premium:</b> Fabricado en vidrio de alta resistencia y espesor considerable, confiriendo una magnífica estabilidad sobre el mobiliario y un acabado de categoría superior.</p>\n</li>\n 	<li>\n<p data-path-to-node=""21,1,0""><b data-path-to-node=""21,1,0"" data-index-in-node=""0"">Diseño Escultórico Facetado:</b> Su silueta con pliegues verticales dota al espacio de movimiento visual, contrastando con la rigidez de las líneas rectas del mobiliario tradicional.</p>\n</li>\n 	<li>\n<p data-path-to-node=""21,2,0""><b data-path-to-node=""21,2,0"" data-index-in-node=""0"">Tonalidad Neutra Refinada:</b> Su color arena/champán traslúcido provee una enorme versatilidad, logrando una fusión impecable con paletas de color neutras, estilos escandinavos o decoraciones de lujo contemporáneo.</p>\n</li>\n</ul>\n<p data-path-to-node=""22""><b data-path-to-node=""22"" data-index-in-node=""0"">Usos recomendados y aplicaciones:</b></p>\n\n<ul data-path-to-node=""23"">\n 	<li>\n<p data-path-to-node=""23,0,0""><b data-path-to-node=""23,0,0"" data-index-in-node=""0"">Elemento Central de Superficie:</b> Su formato mediano y base estable lo hacen el candidato perfecto para decorar mesas de centro en la sala, cómodas en pasillos, repisas principales o mesas de comedor de diario.</p>\n</li>\n 	<li>\n<p data-path-to-node=""23,1,0""><b data-path-to-node=""23,1,0"" data-index-in-node=""0"">Arreglos Versátiles:</b> Gracias a su amplia boca de 29 cm, permite albergar con total soltura ramilletes compactos de flores frescas, flores de tallo medio, plantas artificiales premium o destacarse por sí solo como un objeto artístico exento.</p>\n</li>\n 	<li>\n<p data-path-to-node=""23,2,0""><b data-path-to-node=""23,2,0"" data-index-in-node=""0"">Espacios Profesionales:</b> Excelente opción para dotar de serenidad, profesionalismo y texturas sofisticadas a escritorios, mesas de salas de reuniones, mostradores de recepción o escaparates comerciales.</p>\n</li>\n</ul>\n<p data-path-to-node=""24""><b data-path-to-node=""24"" data-index-in-node=""0"">Beneficios:</b></p>\n\n<ul data-path-to-node=""25"">\n 	<li>\n<p data-path-to-node=""25,0,0""><b data-path-to-node=""25,0,0"" data-index-in-node=""0"">Equilibrio y Suavidad Visual:</b> Los bordes ondulados de su boca suavizan el entorno, aportando volumen y una presencia sumamente acogedora.</p>\n</li>\n 	<li>\n<p data-path-to-node=""25,1,0""><b data-path-to-node=""25,1,0"" data-index-in-node=""0"">Efecto Lumínico Atractivo:</b> Su cuerpo traslúcido texturizado tamiza la luz de forma delicada, actuando como un punto focal luminoso si se sitúa cerca de ventanas o focos direccionales.</p>\n</li>\n 	<li>\n<p data-path-to-node=""25,2,0""><b data-path-to-node=""25,2,0"" data-index-in-node=""0"">Regalo Distinguido:</b> Por su cuidada estética y atemporalidad, resulta un obsequio perfecto para ocasiones especiales como bodas, aniversarios, inauguraciones de viviendas o celebraciones corporativas de alto nivel.</p>\n</li>\n</ul>\n<p data-path-to-node=""26""><b data-path-to-node=""26"" data-index-in-node=""0"">Ficha técnica del producto:</b></p>\n\n<ul data-path-to-node=""27"">\n 	<li>\n<p data-path-to-node=""27,0,0""><b data-path-to-node=""27,0,0"" data-index-in-node=""0"">Tipo de producto:</b> Jarrón / Florero Decorativo Mediano</p>\n</li>\n 	<li>\n<p data-path-to-node=""27,1,0""><b data-path-to-node=""27,1,0"" data-index-in-node=""0"">Modelo / Código:</b> A3-2077</p>\n</li>\n 	<li>\n<p data-path-to-node=""27,2,0""><b data-path-to-node=""27,2,0"" data-index-in-node=""0"">Material estructural:</b> Vidrio de alta calidad</p>\n</li>\n 	<li>\n<p data-path-to-node=""27,3,0""><b data-path-to-node=""27,3,0"" data-index-in-node=""0"">Color principal:</b> Beige / Champán traslúcido</p>\n</li>\n 	<li>\n<p data-path-to-node=""27,4,0""><b data-path-to-node=""27,4,0"" data-index-in-node=""0"">Acabado superficial:</b> Estriado vertical con efecto jaspeado</p>\n</li>\n 	<li>\n<p data-path-to-node=""27,5,0""><b data-path-to-node=""27,5,0"" data-index-in-node=""0"">Alto aproximado:</b> 33.5 cm</p>\n</li>\n 	<li>\n<p data-path-to-node=""27,6,0""><b data-path-to-node=""27,6,0"" data-index-in-node=""0"">Ancho/Diámetro superior aproximado:</b> 29 cm</p>\n</li>\n 	<li>\n<p data-path-to-node=""27,7,0""><b data-path-to-node=""27,7,0"" data-index-in-node=""0"">Largo aproximado:</b> 29 cm</p>\n</li>\n 	<li>\n<p data-path-to-node=""27,8,0""><b data-path-to-node=""27,8,0"" data-index-in-node=""0"">Forma:</b> Cónica acampanada con boca ondulada</p>\n</li>\n 	<li>\n<p data-path-to-node=""27,9,0""><b data-path-to-node=""27,9,0"" data-index-in-node=""0"">Uso recomendado:</b> Decoración de interiores</p>\n</li>\n</ul>\n<p data-path-to-node=""28""><b data-path-to-node=""28"" data-index-in-node=""0"">Instrucciones de limpieza y cuidado:</b> Para mantener la textura y la transparencia del vidrio libre de manchas, limpie periódicamente utilizando un paño suave de microfibra seco o ligeramente humedecido con agua limpia. Queda contraindicado el uso de disolventes químicos, limpiadores abrasivos o fibras rígidas que puedan dañar el relieve de la pieza. Manipular tomándolo con ambas manos por el cuerpo del jarrón.</p>\n\n<table class=""jsx-513032616 specification-table "">\n<tbody class=""jsx-513032616"">\n<tr class=""jsx-513032616"">\n<td class=""jsx-513032616 property-name"">Condicion del producto</td>\n<td class=""jsx-513032616 property-value"">Nuevo</td>\n</tr>\n<tr class=""jsx-513032616"">\n<td class=""jsx-513032616 property-name"">Color básico</td>\n<td class=""jsx-513032616 property-value"">Beige</td>\n</tr>\n<tr class=""jsx-513032616"">\n<td class=""jsx-513032616 property-name"">Modo de fabricación</td>\n<td class=""jsx-513032616 property-value"">Industrial</td>\n</tr>\n<tr class=""jsx-513032616"">\n<td class=""jsx-513032616 property-name"">Forma de uso</td>\n<td class=""jsx-513032616 property-value"">✨ Centro de mesa elegante: Colócalos en mesas de comedor junto a arreglos florales o bandejas decorativas para crear un punto focal sofisticado. ✨ Decoración de consola o</td>\n</tr>\n<tr class=""jsx-513032616"">\n<td class=""jsx-513032616 property-name"">Recomendaciones de uso</td>\n<td class=""jsx-513032616 property-value"">Limpiar la superficie suavemente con un paño de microfibra seco o ligeramente húmedo.</td>\n</tr>\n<tr class=""jsx-513032616"">\n<td class=""jsx-513032616 property-name"">Cuidado del producto</td>\n<td class=""jsx-513032616 property-value"">Limpiar la superficie suavemente con un paño de microfibra seco o ligeramente húmedo.</td>\n</tr>\n<tr class=""jsx-513032616"">\n<td class=""jsx-513032616 property-name"">Colección</td>\n<td class=""jsx-513032616 property-value"">Colección 2026</td>\n</tr>\n<tr class=""jsx-513032616"">\n<td class=""jsx-513032616 property-name"">Alto</td>\n<td class=""jsx-513032616 property-value"">33.5</td>\n</tr>\n<tr class=""jsx-513032616"">\n<td class=""jsx-513032616 property-name"">Modelo</td>\n<td class=""jsx-513032616 property-value"">Colección 2026</td>\n</tr>\n<tr class=""jsx-513032616"">\n<td class=""jsx-513032616 property-name"">Ancho</td>\n<td class=""jsx-513032616 property-value"">29</td>\n</tr>\n<tr class=""jsx-513032616"">\n<td class=""jsx-513032616 property-name"">Color</td>\n<td class=""jsx-513032616 property-value"">Arena perlado</td>\n</tr>\n<tr class=""jsx-513032616"">\n<td class=""jsx-513032616 property-name"">País de origen</td>\n<td class=""jsx-513032616 property-value"">China</td>\n</tr>\n<tr class=""jsx-513032616"">\n<td class=""jsx-513032616 property-name"">Material</td>\n<td class=""jsx-513032616 property-value"">Vidrio</td>\n</tr>\n</tbody>\n</table>",,,taxable,,1,,,0,0,3,29,29,50,1,,,"799000,00","Jarrones, Jarrones > Línea Suprema, Todos los productos",,,"https://anbarhome.com/wp-content/uploads/2026/06/The_shorter_fluted_trumpet-shaped_vase_202606251407.jpeg, https://anbarhome.com/wp-content/uploads/2026/06/Macro_close-up_focusing_on_the_202606251407.jpeg, https://anbarhome.com/wp-content/uploads/2026/06/The_shorter_fluted_trumpet-shaped_vase_202606251407.jpeg, https://anbarhome.com/wp-content/uploads/2026/06/A_single_minimalist_home_interior_202606251408.jpeg, https://anbarhome.com/wp-content/uploads/2026/06/Detailed_shot_of_the_flared_202606251407.jpeg, https://anbarhome.com/wp-content/uploads/2026/06/bbcbbb0d8d938318667fbd8ed88baa33.png",,,,,,,,,0,,,default,,yes,,,,,,,,nickx_video_url_youtube,no,10000000000000,,1782416025,,yes,yes,,,product,,,,,,,,,,,,,,,,,,,,,,,,,,,,,,,,,,,,,,
15455,simple,14301N,,"Set x2 de Candelabros en acero negro",1,0,visible,"<p data-start=""74"" data-end=""131""><strong data-start=""74"" data-end=""131"">Candelabros Decorativos Dorados de Diseño Escultórico</strong></p>\n<p data-start=""133"" data-end=""462"">Transforma cualquier espacio con estos exclusivos candelabros decorativos de líneas fluidas y silueta escultórica, inspirados en las formas orgánicas de la naturaleza. Su diseño artístico combina elegancia y modernidad, convirtiéndolos en una pieza protagonista capaz de aportar personalidad y sofisticación a cualquier ambiente.</p>\n<p data-start=""464"" data-end=""741"">El acabado dorado de alta presencia visual refleja la luz de manera sutil, creando una atmósfera cálida, refinada y contemporánea. Más que un accesorio decorativo, son elementos de diseño que elevan la estética de salas, comedores, recibidores, oficinas y espacios comerciales.</p>\n\n<h3 data-section-id=""1k8yuba"" data-start=""743"" data-end=""773"">Características destacadas</h3>\n<p data-start=""774"" data-end=""1081"">✔ Diseño escultórico de inspiración orgánica.<br data-start=""819"" data-end=""822"" />✔ Acabado dorado elegante y contemporáneo.<br data-start=""864"" data-end=""867"" />✔ Ideal para decoración moderna, minimalista, glam, contemporánea o de lujo.<br data-start=""943"" data-end=""946"" />✔ Aporta luminosidad, exclusividad y estilo a cualquier espacio.<br data-start=""1010"" data-end=""1013"" />✔ Pieza decorativa versátil para el hogar o ambientes profesionales.</p>\n\n<h3 data-section-id=""1ucg030"" data-start=""1083"" data-end=""1102"">Opciones de uso</h3>\n<ul data-start=""1103"" data-end=""1574"">\n 	<li data-section-id=""ufud87"" data-start=""1103"" data-end=""1155"">Como centro de mesa en comedores y salas de estar.</li>\n 	<li data-section-id=""rv1wgm"" data-start=""1156"" data-end=""1229"">Sobre consolas de entrada para crear una primera impresión sofisticada.</li>\n 	<li data-section-id=""7bfi0b"" data-start=""1230"" data-end=""1310"">En mesas auxiliares, repisas o estanterías como elemento decorativo principal.</li>\n 	<li data-section-id=""eadasy"" data-start=""1311"" data-end=""1388"">Para complementar decoraciones de eventos, bodas o celebraciones elegantes.</li>\n 	<li data-section-id=""1srt14"" data-start=""1389"" data-end=""1494"">En oficinas, hoteles, restaurantes o espacios comerciales que busquen una imagen moderna y distinguida.</li>\n 	<li data-section-id=""1ljuvsh"" data-start=""1495"" data-end=""1574"">Combinados con velas decorativas para generar ambientes cálidos y acogedores.</li>\n</ul>\n<p data-start=""1576"" data-end=""1862"">Su estética atemporal permite integrarlos fácilmente en diferentes estilos de decoración, aportando un equilibrio perfecto entre arte, funcionalidad y diseño. Una excelente opción para quienes buscan piezas decorativas exclusivas que transmitan buen gusto, sofisticación y personalidad.</p>\n<p data-start=""1864"" data-end=""1971"" data-is-last-node="""" data-is-only-node=""""><strong data-start=""1864"" data-end=""1969"">Perfectos para regalar o para renovar cualquier ambiente con un toque de lujo y diseño contemporáneo.</strong> ✨</p>","<p data-start=""74"" data-end=""131""><strong data-start=""74"" data-end=""131"">Candelabros Decorativos Dorados de Diseño Escultórico</strong></p>\n<p data-start=""133"" data-end=""462"">Transforma cualquier espacio con estos exclusivos candelabros decorativos de líneas fluidas y silueta escultórica, inspirados en las formas orgánicas de la naturaleza. Su diseño artístico combina elegancia y modernidad, convirtiéndolos en una pieza protagonista capaz de aportar personalidad y sofisticación a cualquier ambiente.</p>\n<p data-start=""464"" data-end=""741"">El acabado dorado de alta presencia visual refleja la luz de manera sutil, creando una atmósfera cálida, refinada y contemporánea. Más que un accesorio decorativo, son elementos de diseño que elevan la estética de salas, comedores, recibidores, oficinas y espacios comerciales.</p>\n\n<h3 data-section-id=""1k8yuba"" data-start=""743"" data-end=""773"">Características destacadas</h3>\n<p data-start=""774"" data-end=""1081"">✔ Diseño escultórico de inspiración orgánica.<br data-start=""819"" data-end=""822"" />✔ Acabado dorado elegante y contemporáneo.<br data-start=""864"" data-end=""867"" />✔ Ideal para decoración moderna, minimalista, glam, contemporánea o de lujo.<br data-start=""943"" data-end=""946"" />✔ Aporta luminosidad, exclusividad y estilo a cualquier espacio.<br data-start=""1010"" data-end=""1013"" />✔ Pieza decorativa versátil para el hogar o ambientes profesionales.</p>\n\n<h3 data-section-id=""1ucg030"" data-start=""1083"" data-end=""1102"">Opciones de uso</h3>\n<ul data-start=""1103"" data-end=""1574"">\n 	<li data-section-id=""ufud87"" data-start=""1103"" data-end=""1155"">Como centro de mesa en comedores y salas de estar.</li>\n 	<li data-section-id=""rv1wgm"" data-start=""1156"" data-end=""1229"">Sobre consolas de entrada para crear una primera impresión sofisticada.</li>\n 	<li data-section-id=""7bfi0b"" data-start=""1230"" data-end=""1310"">En mesas auxiliares, repisas o estanterías como elemento decorativo principal.</li>\n 	<li data-section-id=""eadasy"" data-start=""1311"" data-end=""1388"">Para complementar decoraciones de eventos, bodas o celebraciones elegantes.</li>\n 	<li data-section-id=""1srt14"" data-start=""1389"" data-end=""1494"">En oficinas, hoteles, restaurantes o espacios comerciales que busquen una imagen moderna y distinguida.</li>\n 	<li data-section-id=""1ljuvsh"" data-start=""1495"" data-end=""1574"">Combinados con velas decorativas para generar ambientes cálidos y acogedores.</li>\n</ul>\n<p data-start=""1576"" data-end=""1862"">Su estética atemporal permite integrarlos fácilmente en diferentes estilos de decoración, aportando un equilibrio perfecto entre arte, funcionalidad y diseño. Una excelente opción para quienes buscan piezas decorativas exclusivas que transmitan buen gusto, sofisticación y personalidad.</p>\n<p data-start=""1864"" data-end=""1971"" data-is-last-node="""" data-is-only-node=""""><strong data-start=""1864"" data-end=""1969"">Perfectos para regalar o para renovar cualquier ambiente con un toque de lujo y diseño contemporáneo.</strong> ✨</p>\nReferencia\n<table width=""400"">\n<tbody>\n<tr>\n<td width=""400"">14301N</td>\n</tr>\n</tbody>\n</table>\n&nbsp;\n\nMedida\n\n20cmx10cmx25cm",,,taxable,,1,,,0,0,,10,20,25,1,,319900,349900,"Candelabros, Sale",,,"https://anbarhome.com/wp-content/uploads/2026/06/Product_shot_with_a_solid_202606051751.jpeg, https://anbarhome.com/wp-content/uploads/2026/06/Product_shot_with_a_solid_202606051751.jpeg, https://anbarhome.com/wp-content/uploads/2026/06/FOTO-2-.png, https://anbarhome.com/wp-content/uploads/2026/06/Remove_the_background_and_replace_202606051742-scaled.jpeg, https://anbarhome.com/wp-content/uploads/2026/06/14601N.png_202606061506.jpeg",,,,,,,,,0,,,default,,yes,,,,,,,,nickx_video_url_youtube,no,10000000000000,,1781049483,,yes,yes,,,product,,,,Black,,,,,,color,Black,1,1,,,,,,,,,,,,,,,,,,,,,,,,,
15729,simple,102642,,"Jarrón Cilindrico Dorado Acanalado  Grande",1,0,visible,,"<p data-start=""0"" data-end=""98""><strong data-start=""0"" data-end=""98"">Jarrón Decorativo Cilíndrico Dorado Envejecido – Elegancia, Textura y Distinción para tu Hogar</strong></p>\n<p data-start=""100"" data-end=""551"">Transforma cualquier ambiente con este espectacular jarrón decorativo de diseño cilíndrico, una pieza que combina sofisticación, estilo contemporáneo y detalles artesanales para convertirse en el centro de atención de cualquier espacio. Su exclusivo acabado en dorado envejecido aporta un brillo sutil y refinado, mientras que sus delicadas estrías verticales crean una textura visual única que añade profundidad, carácter y elegancia a la decoración.</p>\n<p data-start=""553"" data-end=""931"">Diseñado para quienes buscan piezas decorativas con personalidad, este jarrón se adapta perfectamente a diferentes estilos de interiorismo, desde ambientes modernos y minimalistas hasta espacios clásicos, glam, contemporáneos o de inspiración hotel boutique. Su tonalidad dorada refleja la luz de manera elegante, aportando calidez y una sensación de lujo sin resultar excesiva.</p>\n<p data-start=""933"" data-end=""1305"">Ideal para decorar consolas de entrada, mesas auxiliares, mesas de comedor, centros de mesa, repisas, bibliotecas, oficinas, salas de estar, recibidores o dormitorios. Puede lucirse como pieza independiente gracias a su diseño sofisticado o complementarse con flores artificiales, ramas decorativas, follajes secos o arreglos florales para crear composiciones impactantes.</p>\n\n<h3 data-section-id=""9f0cy4"" data-start=""1307"" data-end=""1338"">Características destacadas:</h3>\n<p data-start=""1339"" data-end=""1845"">✔ Diseño cilíndrico moderno y elegante.<br data-start=""1378"" data-end=""1381"" />✔ Acabado dorado envejecido de aspecto exclusivo y sofisticado.<br data-start=""1444"" data-end=""1447"" />✔ Estrías verticales decorativas que aportan textura y dinamismo visual.<br data-start=""1519"" data-end=""1522"" />✔ Ideal para realzar la decoración de salas, comedores, oficinas y recibidores.<br data-start=""1601"" data-end=""1604"" />✔ Combina fácilmente con estilos modernos, clásicos, contemporáneos y de lujo.<br data-start=""1682"" data-end=""1685"" />✔ Perfecto como pieza decorativa principal o complemento para arreglos florales.<br data-start=""1765"" data-end=""1768"" />✔ Excelente opción para renovar espacios con un toque distinguido y elegante.</p>\n<p data-start=""1847"" data-end=""2162"">Este jarrón no es solo un accesorio decorativo, sino una pieza de diseño que aporta presencia, armonía y sofisticación a cualquier ambiente. Su estética refinada y atemporal lo convierte en una excelente elección para quienes desean embellecer su hogar, oficina o negocio con detalles decorativos de alta categoría.</p>\n\n<table class=""jsx-513032616 specification-table "">\n<tbody class=""jsx-513032616"">\n<tr class=""jsx-513032616"">\n<td class=""jsx-513032616 property-name"">Cuidado del producto</td>\n<td class=""jsx-513032616 property-value"">Limpiar la superficie suavemente con un paño de microfibra seco o ligeramente húmedo.</td>\n</tr>\n</tbody>\n</table>\n<table class=""jsx-513032616 specification-table "">\n<tbody class=""jsx-513032616"">\n<tr class=""jsx-513032616"">\n<td class=""jsx-513032616 property-name"">Color básico</td>\n<td class=""jsx-513032616 property-value"">Dorado</td>\n</tr>\n<tr class=""jsx-513032616"">\n<td class=""jsx-513032616 property-name"">Alto</td>\n<td class=""jsx-513032616 property-value"">48</td>\n</tr>\n<tr class=""jsx-513032616"">\n<td class=""jsx-513032616 property-name"">Color</td>\n<td class=""jsx-513032616 property-value"">Dorado</td>\n</tr>\n<tr class=""jsx-513032616"">\n<td class=""jsx-513032616 property-name"">Ancho</td>\n<td class=""jsx-513032616 property-value"">25</td>\n</tr>\n<tr class=""jsx-513032616"">\n<td class=""jsx-513032616 property-name"">Modelo</td>\n<td class=""jsx-513032616 property-value"">102642</td>\n</tr>\n<tr class=""jsx-513032616"">\n<td class=""jsx-513032616 property-name"">País de origen</td>\n<td class=""jsx-513032616 property-value"">India</td>\n</tr>\n<tr class=""jsx-513032616"">\n<td class=""jsx-513032616 property-name"">Material</td>\n<td class=""jsx-513032616 property-value"">Acero</td>\n</tr>\n</tbody>\n</table>",,,taxable,,1,,,0,0,,25,25,48,1,,389900,790000,"Jarrones, Jarrones > Jarrones Hogar, Sale, Todos los productos",,,"https://anbarhome.com/wp-content/uploads/2026/06/Two_gold_vases_on_table_202606061844.jpeg, https://anbarhome.com/wp-content/uploads/2026/06/Two_gold_vases_on_table_202606061844.jpeg, https://anbarhome.com/wp-content/uploads/2026/06/Two_gold_vases_on_table_202606061845.jpeg, https://anbarhome.com/wp-content/uploads/2026/06/10264-1_10264-2.png_202606061848.jpeg, https://anbarhome.com/wp-content/uploads/2026/06/Two_gold_vases_on_table_202606061836.jpeg",,,,,,,,,0,,,default,,yes,,,,,,,,nickx_video_url_youtube,no,10000000000000,,,,yes,yes,,,product,,,,,,,,,,,,,,,,,,,,,,,,,,,,,,,,,,,,,,
15736,simple,102641,,"Jarrón Cilindrico Dorado Acanalado  Pequeño",1,0,visible,,"<p data-start=""0"" data-end=""98""><strong data-start=""0"" data-end=""98"">Jarrón Decorativo Cilíndrico Dorado Envejecido – Elegancia, Textura y Distinción para tu Hogar</strong></p>\n<p data-start=""100"" data-end=""551"">Transforma cualquier ambiente con este espectacular jarrón decorativo de diseño cilíndrico, una pieza que combina sofisticación, estilo contemporáneo y detalles artesanales para convertirse en el centro de atención de cualquier espacio. Su exclusivo acabado en dorado envejecido aporta un brillo sutil y refinado, mientras que sus delicadas estrías verticales crean una textura visual única que añade profundidad, carácter y elegancia a la decoración.</p>\n<p data-start=""553"" data-end=""931"">Diseñado para quienes buscan piezas decorativas con personalidad, este jarrón se adapta perfectamente a diferentes estilos de interiorismo, desde ambientes modernos y minimalistas hasta espacios clásicos, glam, contemporáneos o de inspiración hotel boutique. Su tonalidad dorada refleja la luz de manera elegante, aportando calidez y una sensación de lujo sin resultar excesiva.</p>\n<p data-start=""933"" data-end=""1305"">Ideal para decorar consolas de entrada, mesas auxiliares, mesas de comedor, centros de mesa, repisas, bibliotecas, oficinas, salas de estar, recibidores o dormitorios. Puede lucirse como pieza independiente gracias a su diseño sofisticado o complementarse con flores artificiales, ramas decorativas, follajes secos o arreglos florales para crear composiciones impactantes.</p>\n\n<h3 data-section-id=""9f0cy4"" data-start=""1307"" data-end=""1338"">Características destacadas:</h3>\n<p data-start=""1339"" data-end=""1845"">✔ Diseño cilíndrico moderno y elegante.<br data-start=""1378"" data-end=""1381"" />✔ Acabado dorado envejecido de aspecto exclusivo y sofisticado.<br data-start=""1444"" data-end=""1447"" />✔ Estrías verticales decorativas que aportan textura y dinamismo visual.<br data-start=""1519"" data-end=""1522"" />✔ Ideal para realzar la decoración de salas, comedores, oficinas y recibidores.<br data-start=""1601"" data-end=""1604"" />✔ Combina fácilmente con estilos modernos, clásicos, contemporáneos y de lujo.<br data-start=""1682"" data-end=""1685"" />✔ Perfecto como pieza decorativa principal o complemento para arreglos florales.<br data-start=""1765"" data-end=""1768"" />✔ Excelente opción para renovar espacios con un toque distinguido y elegante.</p>\n<p data-start=""1847"" data-end=""2162"">Este jarrón no es solo un accesorio decorativo, sino una pieza de diseño que aporta presencia, armonía y sofisticación a cualquier ambiente. Su estética refinada y atemporal lo convierte en una excelente elección para quienes desean embellecer su hogar, oficina o negocio con detalles decorativos de alta categoría.</p>\n\n<table class=""jsx-513032616 specification-table "">\n<tbody class=""jsx-513032616"">\n<tr class=""jsx-513032616"">\n<td class=""jsx-513032616 property-name"">Condicion del producto</td>\n<td class=""jsx-513032616 property-value"">Nuevo</td>\n</tr>\n<tr class=""jsx-513032616"">\n<td class=""jsx-513032616 property-name"">Colección</td>\n<td class=""jsx-513032616 property-value"">Colección 2026</td>\n</tr>\n<tr class=""jsx-513032616"">\n<td class=""jsx-513032616 property-name"">Modo de fabricación</td>\n<td class=""jsx-513032616 property-value"">Artesanal</td>\n</tr>\n<tr class=""jsx-513032616"">\n<td class=""jsx-513032616 property-name"">Cuidado del producto</td>\n<td class=""jsx-513032616 property-value"">Limpiar la superficie suavemente con un paño de microfibra seco o ligeramente húmedo.</td>\n</tr>\n<tr class=""jsx-513032616"">\n<td class=""jsx-513032616 property-name"">Color básico</td>\n<td class=""jsx-513032616 property-value"">Dorado</td>\n</tr>\n<tr class=""jsx-513032616"">\n<td class=""jsx-513032616 property-name"">Forma de uso</td>\n<td class=""jsx-513032616 property-value"">✨ Centro de mesa elegante: Colócalos en mesas de comedor junto a arreglos florales o bandejas decorativas para crear un punto focal sofisticado. ✨ Decoración de consola o</td>\n</tr>\n<tr class=""jsx-513032616"">\n<td class=""jsx-513032616 property-name"">Alto</td>\n<td class=""jsx-513032616 property-value"">41</td>\n</tr>\n<tr class=""jsx-513032616"">\n<td class=""jsx-513032616 property-name"">Color</td>\n<td class=""jsx-513032616 property-value"">Dorado</td>\n</tr>\n<tr class=""jsx-513032616"">\n<td class=""jsx-513032616 property-name"">Ancho</td>\n<td class=""jsx-513032616 property-value"">25</td>\n</tr>\n<tr class=""jsx-513032616"">\n<td class=""jsx-513032616 property-name"">Modelo</td>\n<td class=""jsx-513032616 property-value"">102641</td>\n</tr>\n<tr class=""jsx-513032616"">\n<td class=""jsx-513032616 property-name"">País de origen</td>\n<td class=""jsx-513032616 property-value"">India</td>\n</tr>\n<tr class=""jsx-513032616"">\n<td class=""jsx-513032616 property-name"">Material</td>\n<td class=""jsx-513032616 property-value"">Acero</td>\n</tr>\n</tbody>\n</table>",,,taxable,,1,,,0,0,,25,25,41,1,,299900,589900,"Jarrones, Jarrones > Jarrones Hogar, Sale, Todos los productos",,,"https://anbarhome.com/wp-content/uploads/2026/06/Two_gold_vases_on_table_202606061844.jpeg, https://anbarhome.com/wp-content/uploads/2026/06/Two_gold_vases_on_table_202606061844.jpeg, https://anbarhome.com/wp-content/uploads/2026/06/Two_gold_vases_on_table_202606061845.jpeg, https://anbarhome.com/wp-content/uploads/2026/06/10264-1_10264-2.png_202606061848.jpeg, https://anbarhome.com/wp-content/uploads/2026/06/Two_gold_vases_on_table_202606061836.jpeg",,,,,,,,,0,,,default,,yes,,,,,,,,nickx_video_url_youtube,no,10000000000000,,,,yes,yes,,,product,,,,,,,,,,,,,,,,,,,,,,,,,,,,,,,,,,,,,,
15738,simple,10203A,,"Jarrón Esferico Tallado Negro en Metal Grande",1,0,visible,,"<h3 data-section-id=""g775ih"" data-start=""0"" data-end=""102"">Jarrón Esférico Negro de Diseño Orgánico y Contemporáneo – Elegancia y Sofisticación para tu Hogar</h3>\n<p data-start=""104"" data-end=""502"">Aporta un toque de distinción y modernidad a cualquier ambiente con este exclusivo <strong data-start=""187"" data-end=""212"">jarrón esférico negro</strong>, una pieza decorativa que destaca por su silueta orgánica, sus líneas suaves y su elegante diseño contemporáneo. Su forma redondeada y equilibrada está inspirada en las formas naturales, creando una presencia visual sofisticada que añade armonía, estilo y personalidad a cualquier espacio.</p>\n<p data-start=""504"" data-end=""878"">El acabado en color negro aporta profundidad, carácter y un aire de lujo moderno, convirtiéndolo en un complemento ideal para decoraciones minimalistas, contemporáneas, industriales, escandinavas o de estilo moderno. Su tonalidad neutra permite combinarlo fácilmente con diferentes colores, materiales y elementos decorativos, logrando composiciones elegantes y atemporales.</p>\n<p data-start=""880"" data-end=""1221"">Perfecto para decorar consolas de entrada, mesas de centro, mesas auxiliares, comedores, estanterías, bibliotecas, oficinas o dormitorios. Puede exhibirse como una pieza protagonista por sí sola o complementarse con ramas decorativas, flores secas, follajes artificiales o arreglos florales para crear un ambiente más acogedor y sofisticado.</p>\n<p data-start=""1223"" data-end=""1392"">Su diseño escultórico no solo cumple una función decorativa, sino que también aporta equilibrio visual y un toque artístico que realza la estética de cualquier estancia.</p>\n\n<h3 data-section-id=""9f0cy4"" data-start=""1394"" data-end=""1425"">Características destacadas:</h3>\n<p data-start=""1426"" data-end=""1896"">✔ Jarrón decorativo de forma esférica y diseño contemporáneo.<br data-start=""1487"" data-end=""1490"" />✔ Elegante acabado negro que aporta sofisticación y modernidad.<br data-start=""1553"" data-end=""1556"" />✔ Silueta orgánica inspirada en formas naturales.<br data-start=""1605"" data-end=""1608"" />✔ Ideal para salas, comedores, recibidores, oficinas y dormitorios.<br data-start=""1675"" data-end=""1678"" />✔ Perfecto para decoración moderna, minimalista, industrial y escandinava.<br data-start=""1752"" data-end=""1755"" />✔ Puede utilizarse solo o con arreglos florales y ramas decorativas.<br data-start=""1823"" data-end=""1826"" data-is-only-node="""" />✔ Pieza versátil que añade personalidad y estilo a cualquier ambiente.</p>\n<p data-start=""1898"" data-end=""2109"">Este jarrón esférico negro es la elección perfecta para quienes buscan una decoración elegante, moderna y con carácter, capaz de transformar cualquier espacio con un detalle sofisticado y de gran impacto visual.</p>\n<p data-start=""1898"" data-end=""2109""></p>\n\n<table class=""jsx-513032616 specification-table "">\n<tbody class=""jsx-513032616"">\n<tr class=""jsx-513032616"">\n<td class=""jsx-513032616 property-name"">Color básico</td>\n<td class=""jsx-513032616 property-value"">Negro</td>\n</tr>\n<tr class=""jsx-513032616"">\n<td class=""jsx-513032616 property-name"">Condicion del producto</td>\n<td class=""jsx-513032616 property-value"">Nuevo</td>\n</tr>\n<tr class=""jsx-513032616"">\n<td class=""jsx-513032616 property-name"">Colección</td>\n<td class=""jsx-513032616 property-value"">Colección 2026</td>\n</tr>\n<tr class=""jsx-513032616"">\n<td class=""jsx-513032616 property-name"">Modo de fabricación</td>\n<td class=""jsx-513032616 property-value"">Industrial</td>\n</tr>\n<tr class=""jsx-513032616"">\n<td class=""jsx-513032616 property-name"">Cuidado del producto</td>\n<td class=""jsx-513032616 property-value"">Limpiar la superficie suavemente con un paño de microfibra seco o ligeramente húmedo.</td>\n</tr>\n<tr class=""jsx-513032616"">\n<td class=""jsx-513032616 property-name"">Forma de uso</td>\n<td class=""jsx-513032616 property-value"">✨ Centro de mesa elegante: Colócalos en mesas de comedor junto a arreglos florales o bandejas decorativas para crear un punto focal sofisticado. ✨ Decoración de consola o</td>\n</tr>\n<tr class=""jsx-513032616"">\n<td class=""jsx-513032616 property-name"">Alto</td>\n<td class=""jsx-513032616 property-value"">38</td>\n</tr>\n<tr class=""jsx-513032616"">\n<td class=""jsx-513032616 property-name"">Modelo</td>\n<td class=""jsx-513032616 property-value"">10203A</td>\n</tr>\n<tr class=""jsx-513032616"">\n<td class=""jsx-513032616 property-name"">Color</td>\n<td class=""jsx-513032616 property-value"">Negro</td>\n</tr>\n<tr class=""jsx-513032616"">\n<td class=""jsx-513032616 property-name"">Ancho</td>\n<td class=""jsx-513032616 property-value"">15</td>\n</tr>\n<tr class=""jsx-513032616"">\n<td class=""jsx-513032616 property-name"">País de origen</td>\n<td class=""jsx-513032616 property-value"">China</td>\n</tr>\n<tr class=""jsx-513032616"">\n<td class=""jsx-513032616 property-name"">Material</td>\n<td class=""jsx-513032616 property-value"">Acero</td>\n</tr>\n</tbody>\n</table>\n<p data-start=""1898"" data-end=""2109""></p>\n<p data-start=""1898"" data-end=""2109""></p>",,,taxable,,1,,,0,0,,15,30,38,1,,329900,429900,"Jarrones, Jarrones > Jarrones Hogar, Sale, Todos los productos",,,"https://anbarhome.com/wp-content/uploads/2026/06/e.png, https://anbarhome.com/wp-content/uploads/2026/06/e.png, https://anbarhome.com/wp-content/uploads/2026/06/q.png, https://anbarhome.com/wp-content/uploads/2026/06/10203A-B.png_202606071814.jpeg, https://anbarhome.com/wp-content/uploads/2026/06/10203A-B.png_202606071809.jpeg",,,,,,,,,0,,,default,,yes,,,,,,,,nickx_video_url_youtube,no,10000000000000,,,,yes,yes,,,product,,,,,,,,,,,,,,,,,,,,,,,,,,,,,,,,,,,,,,
15755,simple,10203B,,"Jarrón Esferico Tallado Negro en Metal Pequeño",1,0,visible,,"<h3 data-section-id=""g775ih"" data-start=""0"" data-end=""102"">Jarrón Esférico Negro de Diseño Orgánico y Contemporáneo – Elegancia y Sofisticación para tu Hogar</h3>\n<p data-start=""104"" data-end=""502"">Aporta un toque de distinción y modernidad a cualquier ambiente con este exclusivo <strong data-start=""187"" data-end=""212"">jarrón esférico negro</strong>, una pieza decorativa que destaca por su silueta orgánica, sus líneas suaves y su elegante diseño contemporáneo. Su forma redondeada y equilibrada está inspirada en las formas naturales, creando una presencia visual sofisticada que añade armonía, estilo y personalidad a cualquier espacio.</p>\n<p data-start=""504"" data-end=""878"">El acabado en color negro aporta profundidad, carácter y un aire de lujo moderno, convirtiéndolo en un complemento ideal para decoraciones minimalistas, contemporáneas, industriales, escandinavas o de estilo moderno. Su tonalidad neutra permite combinarlo fácilmente con diferentes colores, materiales y elementos decorativos, logrando composiciones elegantes y atemporales.</p>\n<p data-start=""880"" data-end=""1221"">Perfecto para decorar consolas de entrada, mesas de centro, mesas auxiliares, comedores, estanterías, bibliotecas, oficinas o dormitorios. Puede exhibirse como una pieza protagonista por sí sola o complementarse con ramas decorativas, flores secas, follajes artificiales o arreglos florales para crear un ambiente más acogedor y sofisticado.</p>\n<p data-start=""1223"" data-end=""1392"">Su diseño escultórico no solo cumple una función decorativa, sino que también aporta equilibrio visual y un toque artístico que realza la estética de cualquier estancia.</p>\n\n<h3 data-section-id=""9f0cy4"" data-start=""1394"" data-end=""1425"">Características destacadas:</h3>\n<p data-start=""1426"" data-end=""1896"">✔ Jarrón decorativo de forma esférica y diseño contemporáneo.<br data-start=""1487"" data-end=""1490"" />✔ Elegante acabado negro que aporta sofisticación y modernidad.<br data-start=""1553"" data-end=""1556"" />✔ Silueta orgánica inspirada en formas naturales.<br data-start=""1605"" data-end=""1608"" />✔ Ideal para salas, comedores, recibidores, oficinas y dormitorios.<br data-start=""1675"" data-end=""1678"" />✔ Perfecto para decoración moderna, minimalista, industrial y escandinava.<br data-start=""1752"" data-end=""1755"" />✔ Puede utilizarse solo o con arreglos florales y ramas decorativas.<br data-start=""1823"" data-end=""1826"" data-is-only-node="""" />✔ Pieza versátil que añade personalidad y estilo a cualquier ambiente.</p>\n<p data-start=""1898"" data-end=""2109"">Este jarrón esférico negro es la elección perfecta para quienes buscan una decoración elegante, moderna y con carácter, capaz de transformar cualquier espacio con un detalle sofisticado y de gran impacto visual.</p>\n\n<table class=""jsx-513032616 specification-table "">\n<tbody class=""jsx-513032616"">\n<tr class=""jsx-513032616"">\n<td class=""jsx-513032616 property-name"">Color básico</td>\n<td class=""jsx-513032616 property-value"">Negro</td>\n</tr>\n<tr class=""jsx-513032616"">\n<td class=""jsx-513032616 property-name"">Condicion del producto</td>\n<td class=""jsx-513032616 property-value"">Nuevo</td>\n</tr>\n<tr class=""jsx-513032616"">\n<td class=""jsx-513032616 property-name"">Colección</td>\n<td class=""jsx-513032616 property-value"">Colección 2026</td>\n</tr>\n<tr class=""jsx-513032616"">\n<td class=""jsx-513032616 property-name"">Modo de fabricación</td>\n<td class=""jsx-513032616 property-value"">Industrial</td>\n</tr>\n<tr class=""jsx-513032616"">\n<td class=""jsx-513032616 property-name"">Cuidado del producto</td>\n<td class=""jsx-513032616 property-value"">Limpiar la superficie suavemente con un paño de microfibra seco o ligeramente húmedo.</td>\n</tr>\n<tr class=""jsx-513032616"">\n<td class=""jsx-513032616 property-name"">Forma de uso</td>\n<td class=""jsx-513032616 property-value"">✨ Centro de mesa elegante: Colócalos en mesas de comedor junto a arreglos florales o bandejas decorativas para crear un punto focal sofisticado. ✨ Decoración de consola o</td>\n</tr>\n<tr class=""jsx-513032616"">\n<td class=""jsx-513032616 property-name"">Alto</td>\n<td class=""jsx-513032616 property-value"">30</td>\n</tr>\n<tr class=""jsx-513032616"">\n<td class=""jsx-513032616 property-name"">Color</td>\n<td class=""jsx-513032616 property-value"">Negro</td>\n</tr>\n<tr class=""jsx-513032616"">\n<td class=""jsx-513032616 property-name"">Modelo</td>\n<td class=""jsx-513032616 property-value"">10203B</td>\n</tr>\n<tr class=""jsx-513032616"">\n<td class=""jsx-513032616 property-name"">Ancho</td>\n<td class=""jsx-513032616 property-value"">15</td>\n</tr>\n<tr class=""jsx-513032616"">\n<td class=""jsx-513032616 property-name"">País de origen</td>\n<td class=""jsx-513032616 property-value"">China</td>\n</tr>\n<tr class=""jsx-513032616"">\n<td class=""jsx-513032616 property-name"">Material</td>\n<td class=""jsx-513032616 property-value"">Acero</td>\n</tr>\n</tbody>\n</table>",,,taxable,,1,,,0,0,,15,32,30,1,,219900,319900,"Jarrones, Jarrones > Jarrones Hogar, Sale, Todos los productos",,,"https://anbarhome.com/wp-content/uploads/2026/06/e.png, https://anbarhome.com/wp-content/uploads/2026/06/e.png, https://anbarhome.com/wp-content/uploads/2026/06/q.png, https://anbarhome.com/wp-content/uploads/2026/06/10203A-B.png_202606071809.jpeg, https://anbarhome.com/wp-content/uploads/2026/06/10203A-B.png_202606071814.jpeg",,,,,,,,,0,,,default,,yes,,,,,,,,nickx_video_url_youtube,no,10000000000000,,,,yes,yes,,,product,,,,,,,,,,,,,,,,,,,,,,,,,,,,,,,,,,,,,,
15758,simple,1382,,"Caballo Decorativo Negro - Dorado  Grande en Resina",1,0,visible,,"<h3 data-section-id=""97xa9k"" data-start=""0"" data-end=""87"">Caballos Decorativos de Diseño Elegante – Distinción, Fuerza y Estilo para tu Hogar</h3>\n<p data-start=""89"" data-end=""494"">Incorpora un símbolo de elegancia, nobleza y carácter a tus espacios con este exclusivo conjunto de <strong data-start=""189"" data-end=""213"">caballos decorativos</strong>, una pieza diseñada para realzar cualquier ambiente con un estilo sofisticado y atemporal. Inspirados en la majestuosidad de la figura ecuestre, estos adornos combinan arte, diseño y buen gusto, convirtiéndose en un elemento decorativo que transmite fuerza, libertad y distinción.</p>\n<p data-start=""496"" data-end=""849"">Su diseño cuidadosamente elaborado destaca la belleza y el porte natural de los caballos, creando una presencia visual impactante que atrae la atención y aporta personalidad a cualquier estancia. Gracias a su estética refinada, estos caballos decorativos se integran perfectamente en ambientes modernos, contemporáneos, clásicos, industriales o de lujo.</p>\n<p data-start=""851"" data-end=""1140"">Son ideales para decorar salas de estar, recibidores, oficinas, bibliotecas, despachos, estanterías, mesas auxiliares, consolas o muebles de comedor. Ya sea como pieza central o como complemento decorativo, añaden un toque exclusivo y elegante que eleva la decoración de cualquier espacio.</p>\n<p data-start=""1142"" data-end=""1436"">Además de su atractivo estético, la figura del caballo ha sido tradicionalmente asociada con el éxito, la determinación, la prosperidad y el liderazgo, convirtiendo estas piezas en una excelente opción para hogares, oficinas o como regalo especial para amantes de la decoración y la equitación.</p>\n\n<h3 data-section-id=""9f0cy4"" data-start=""1438"" data-end=""1469"">Características destacadas:</h3>\n<p data-start=""1470"" data-end=""1966"">✔ Caballos decorativos de diseño elegante y sofisticado.<br data-start=""1526"" data-end=""1529"" />✔ Inspirados en la belleza y majestuosidad de la figura ecuestre.<br data-start=""1594"" data-end=""1597"" />✔ Aportan personalidad, carácter y distinción a cualquier ambiente.<br data-start=""1664"" data-end=""1667"" />✔ Ideales para salas, oficinas, recibidores, bibliotecas y comedores.<br data-start=""1736"" data-end=""1739"" />✔ Combinan fácilmente con estilos modernos, clásicos y contemporáneos.<br data-start=""1809"" data-end=""1812"" />✔ Perfectos como elemento decorativo principal o complemento ornamental.<br data-start=""1884"" data-end=""1887"" data-is-only-node="""" />✔ Excelente opción para regalar o renovar la decoración con un toque exclusivo.</p>\n<p data-start=""1968"" data-end=""2191"">Estos caballos decorativos son mucho más que simples accesorios para el hogar; representan elegancia, fuerza y buen gusto, convirtiéndose en piezas que enriquecen cualquier espacio con una presencia artística y sofisticada.</p>\n\n<table class=""jsx-513032616 specification-table "">\n<tbody class=""jsx-513032616"">\n<tr class=""jsx-513032616"">\n<td class=""jsx-513032616 property-name"">Color básico</td>\n<td class=""jsx-513032616 property-value"">Negro</td>\n</tr>\n<tr class=""jsx-513032616"">\n<td class=""jsx-513032616 property-name"">Condicion del producto</td>\n<td class=""jsx-513032616 property-value"">Nuevo</td>\n</tr>\n<tr class=""jsx-513032616"">\n<td class=""jsx-513032616 property-name"">Colección</td>\n<td class=""jsx-513032616 property-value"">Colección 2026</td>\n</tr>\n<tr class=""jsx-513032616"">\n<td class=""jsx-513032616 property-name"">Modo de fabricación</td>\n<td class=""jsx-513032616 property-value"">Industrial</td>\n</tr>\n<tr class=""jsx-513032616"">\n<td class=""jsx-513032616 property-name"">Cuidado del producto</td>\n<td class=""jsx-513032616 property-value"">Limpiar la superficie suavemente con un paño de microfibra seco o ligeramente húmedo.</td>\n</tr>\n<tr class=""jsx-513032616"">\n<td class=""jsx-513032616 property-name"">Forma de uso</td>\n<td class=""jsx-513032616 property-value"">✨ Centro de mesa elegante: Colócalos en mesas de comedor junto a arreglos florales o bandejas decorativas para crear un punto focal sofisticado. ✨ Decoración de consola o</td>\n</tr>\n<tr class=""jsx-513032616"">\n<td class=""jsx-513032616 property-name"">Restricciones de uso</td>\n<td class=""jsx-513032616 property-value"">Limpiar la superficie suavemente con un paño de microfibra seco o ligeramente húmedo.</td>\n</tr>\n<tr class=""jsx-513032616"">\n<td class=""jsx-513032616 property-name"">Color</td>\n<td class=""jsx-513032616 property-value"">Negro</td>\n</tr>\n<tr class=""jsx-513032616"">\n<td class=""jsx-513032616 property-name"">Modelo</td>\n<td class=""jsx-513032616 property-value"">1382</td>\n</tr>\n<tr class=""jsx-513032616"">\n<td class=""jsx-513032616 property-name"">País de origen</td>\n<td class=""jsx-513032616 property-value"">China</td>\n</tr>\n<tr class=""jsx-513032616"">\n<td class=""jsx-513032616 property-name"">Tipo de adorno</td>\n<td class=""jsx-513032616 property-value"">Otros adornos</td>\n</tr>\n<tr class=""jsx-513032616"">\n<td class=""jsx-513032616 property-name"">Material</td>\n<td class=""jsx-513032616 property-value"">Resina</td>\n</tr>\n<tr class=""jsx-513032616"">\n<td class=""jsx-513032616 property-name"">Tipo de decoración</td>\n<td class=""jsx-513032616 property-value"">Adorno</td>\n</tr>\n</tbody>\n</table>\n<p data-start=""1968"" data-end=""2191""></p>",,,taxable,,1,,,0,0,,9,20,26,1,,199900,239900,"Accesorios decorativos, Accesorios decorativos > Animales, Sale, Todos los productos",,,"https://anbarhome.com/wp-content/uploads/2026/06/caballo_2K_202606052110.jpeg.png, https://anbarhome.com/wp-content/uploads/2026/06/caballo_2K_202606052110.jpeg.png, https://anbarhome.com/wp-content/uploads/2026/06/asdasd.png, https://anbarhome.com/wp-content/uploads/2026/06/Diseno-sin-titulowqw.png",,,,,,,,,0,,,default,,yes,,,,,,,,nickx_video_url_youtube,no,10000000000000,,,,yes,yes,,,product,,,,,,,,,,,,,,,,,,,,,,,,,,,,,,,,,,,,,,
15769,simple,2024831,,"Bowl de Vidrio con base Dorada Grande",1,0,visible,,"<h3 data-section-id=""mpmtb5"" data-start=""0"" data-end=""109"">Bowl Decorativo de Vidrio Tallado con Base de Acero – Elegancia, Brillo y Sofisticación para tus Espacios</h3>\n<p data-start=""111"" data-end=""410"">Añade un toque de lujo y refinamiento a tu decoración con este espectacular <strong data-start=""187"" data-end=""242"">bowl decorativo de vidrio tallado con base de acero</strong>, una pieza que combina la transparencia y el brillo del cristal con la solidez y elegancia del metal para crear un accesorio decorativo único y de gran impacto visual.</p>\n<p data-start=""412"" data-end=""812"">Su diseño destaca por la belleza de su vidrio cuidadosamente tallado, cuyas texturas y detalles capturan y reflejan la luz desde diferentes ángulos, generando destellos sutiles que aportan luminosidad, profundidad y sofisticación a cualquier ambiente. La base de acero complementa perfectamente el diseño, proporcionando estabilidad y un contraste moderno que realza aún más la elegancia de la pieza.</p>\n<p data-start=""814"" data-end=""1222"">Gracias a su estética versátil y contemporánea, este bowl decorativo se adapta perfectamente a diferentes estilos de decoración, desde espacios modernos y minimalistas hasta ambientes clásicos, glam, contemporáneos o de inspiración elegante. Su diseño equilibrado lo convierte en el complemento ideal para realzar mesas de centro, comedores, consolas, recibidores, oficinas, estanterías o muebles auxiliares.</p>\n<p data-start=""1224"" data-end=""1502"">Puede utilizarse como centro de mesa decorativo, exhibirse como pieza escultórica o complementarse con elementos decorativos como esferas, flores secas, velas ornamentales o arreglos decorativos, creando composiciones sofisticadas que elevan la apariencia de cualquier estancia.</p>\n\n<h3 data-section-id=""9f0cy4"" data-start=""1504"" data-end=""1535"">Características destacadas:</h3>\n<p data-start=""1536"" data-end=""2018"">✔ Bowl decorativo de vidrio tallado de alta apariencia estética.<br data-start=""1600"" data-end=""1603"" />✔ Elegante base de acero que aporta estabilidad y estilo moderno.<br data-start=""1668"" data-end=""1671"" />✔ Acabado brillante que refleja la luz de forma elegante.<br data-start=""1728"" data-end=""1731"" />✔ Ideal como centro de mesa o pieza decorativa principal.<br data-start=""1788"" data-end=""1791"" />✔ Perfecto para salas, comedores, oficinas, recibidores y espacios de lujo.<br data-start=""1866"" data-end=""1869"" />✔ Combina fácilmente con decoraciones modernas, contemporáneas y clásicas.<br data-start=""1943"" data-end=""1946"" data-is-only-node="""" />✔ Aporta sofisticación, luminosidad y exclusividad a cualquier ambiente.</p>\n<p data-start=""2020"" data-end=""2378"">Más que un simple accesorio decorativo, este bowl de vidrio tallado con base de acero es una pieza de diseño que transmite elegancia, buen gusto y distinción. Su combinación de materiales premium y su atractivo visual lo convierten en una excelente elección para quienes desean enriquecer sus espacios con detalles decorativos exclusivos y de gran presencia.\n\n</p>\n\n<table class=""jsx-513032616 specification-table "">\n<tbody class=""jsx-513032616"">\n<tr class=""jsx-513032616"">\n<td class=""jsx-513032616 property-name"">Condicion del producto</td>\n<td class=""jsx-513032616 property-value"">Nuevo</td>\n</tr>\n<tr class=""jsx-513032616"">\n<td class=""jsx-513032616 property-name"">Modo de fabricación</td>\n<td class=""jsx-513032616 property-value"">Industrial</td>\n</tr>\n<tr class=""jsx-513032616"">\n<td class=""jsx-513032616 property-name"">Cuidado del producto</td>\n<td class=""jsx-513032616 property-value"">Limpiar la superficie suavemente con un paño de microfibra seco o ligeramente húmedo.</td>\n</tr>\n<tr class=""jsx-513032616"">\n<td class=""jsx-513032616 property-name"">Color básico</td>\n<td class=""jsx-513032616 property-value"">Dorado</td>\n</tr>\n<tr class=""jsx-513032616"">\n<td class=""jsx-513032616 property-name"">Recomendaciones de uso</td>\n<td class=""jsx-513032616 property-value"">Limpiar la superficie suavemente con un paño de microfibra seco o ligeramente húmedo.</td>\n</tr>\n<tr class=""jsx-513032616"">\n<td class=""jsx-513032616 property-name"">Forma de uso</td>\n<td class=""jsx-513032616 property-value"">✨ Centro de mesa elegante: Colócalos en mesas de comedor junto a arreglos florales o bandejas decorativas para crear un punto focal sofisticado. ✨ Decoración de consola o</td>\n</tr>\n<tr class=""jsx-513032616"">\n<td class=""jsx-513032616 property-name"">Material</td>\n<td class=""jsx-513032616 property-value"">Vidrio</td>\n</tr>\n<tr class=""jsx-513032616"">\n<td class=""jsx-513032616 property-name"">Color</td>\n<td class=""jsx-513032616 property-value"">Dorado</td>\n</tr>\n<tr class=""jsx-513032616"">\n<td class=""jsx-513032616 property-name"">Modelo</td>\n<td class=""jsx-513032616 property-value"">2024831</td>\n</tr>\n<tr class=""jsx-513032616"">\n<td class=""jsx-513032616 property-name"">Capacidad</td>\n<td class=""jsx-513032616 property-value"">10</td>\n</tr>\n<tr class=""jsx-513032616"">\n<td class=""jsx-513032616 property-name"">País de origen</td>\n<td class=""jsx-513032616 property-value"">China</td>\n</tr>\n</tbody>\n</table>",,,taxable,,1,,,0,0,,18,18,30,1,,99900,199900,"Accesorios decorativos, Bandeja, Sale, Todos los productos",,,"https://anbarhome.com/wp-content/uploads/2026/06/qq.png, https://anbarhome.com/wp-content/uploads/2026/06/qq.png, https://anbarhome.com/wp-content/uploads/2026/06/ww.png, https://anbarhome.com/wp-content/uploads/2026/06/ss.png, https://anbarhome.com/wp-content/uploads/2026/06/cambia_el_formato_a_1__202606061017_1.jpeg_202606071857.jpeg",,,,,,,,,0,,,default,,yes,,,,,,,,nickx_video_url_youtube,no,10000000000000,,,,yes,yes,,,product,,,,,,,,,,,,,,,,,,,,,,,,,,,,,,,,,,,,,,
15775,simple,2024832,,"Bowl de Vidrio con base Dorada Pequeña",1,0,visible,,"<h3 data-section-id=""mpmtb5"" data-start=""0"" data-end=""109"">Bowl Decorativo de Vidrio Tallado con Base de Acero – Elegancia, Brillo y Sofisticación para tus Espacios</h3>\n<p data-start=""111"" data-end=""410"">Añade un toque de lujo y refinamiento a tu decoración con este espectacular <strong data-start=""187"" data-end=""242"">bowl decorativo de vidrio tallado con base de acero</strong>, una pieza que combina la transparencia y el brillo del cristal con la solidez y elegancia del metal para crear un accesorio decorativo único y de gran impacto visual.</p>\n<p data-start=""412"" data-end=""812"">Su diseño destaca por la belleza de su vidrio cuidadosamente tallado, cuyas texturas y detalles capturan y reflejan la luz desde diferentes ángulos, generando destellos sutiles que aportan luminosidad, profundidad y sofisticación a cualquier ambiente. La base de acero complementa perfectamente el diseño, proporcionando estabilidad y un contraste moderno que realza aún más la elegancia de la pieza.</p>\n<p data-start=""814"" data-end=""1222"">Gracias a su estética versátil y contemporánea, este bowl decorativo se adapta perfectamente a diferentes estilos de decoración, desde espacios modernos y minimalistas hasta ambientes clásicos, glam, contemporáneos o de inspiración elegante. Su diseño equilibrado lo convierte en el complemento ideal para realzar mesas de centro, comedores, consolas, recibidores, oficinas, estanterías o muebles auxiliares.</p>\n<p data-start=""1224"" data-end=""1502"">Puede utilizarse como centro de mesa decorativo, exhibirse como pieza escultórica o complementarse con elementos decorativos como esferas, flores secas, velas ornamentales o arreglos decorativos, creando composiciones sofisticadas que elevan la apariencia de cualquier estancia.</p>\n\n<h3 data-section-id=""9f0cy4"" data-start=""1504"" data-end=""1535"">Características destacadas:</h3>\n<p data-start=""1536"" data-end=""2018"">✔ Bowl decorativo de vidrio tallado de alta apariencia estética.<br data-start=""1600"" data-end=""1603"" />✔ Elegante base de acero que aporta estabilidad y estilo moderno.<br data-start=""1668"" data-end=""1671"" />✔ Acabado brillante que refleja la luz de forma elegante.<br data-start=""1728"" data-end=""1731"" />✔ Ideal como centro de mesa o pieza decorativa principal.<br data-start=""1788"" data-end=""1791"" />✔ Perfecto para salas, comedores, oficinas, recibidores y espacios de lujo.<br data-start=""1866"" data-end=""1869"" />✔ Combina fácilmente con decoraciones modernas, contemporáneas y clásicas.<br data-start=""1943"" data-end=""1946"" data-is-only-node="""" />✔ Aporta sofisticación, luminosidad y exclusividad a cualquier ambiente.</p>\n<p data-start=""2020"" data-end=""2378"">Más que un simple accesorio decorativo, este bowl de vidrio tallado con base de acero es una pieza de diseño que transmite elegancia, buen gusto y distinción. Su combinación de materiales premium y su atractivo visual lo convierten en una excelente elección para quienes desean enriquecer sus espacios con detalles decorativos exclusivos y de gran presencia.</p>\n<p data-start=""2020"" data-end=""2378""></p>\n\n<table class=""jsx-513032616 specification-table "">\n<tbody class=""jsx-513032616"">\n<tr class=""jsx-513032616"">\n<td class=""jsx-513032616 property-name"">Material</td>\n<td class=""jsx-513032616 property-value"">Acero</td>\n</tr>\n<tr class=""jsx-513032616"">\n<td class=""jsx-513032616 property-name"">Condicion del producto</td>\n<td class=""jsx-513032616 property-value"">Nuevo</td>\n</tr>\n<tr class=""jsx-513032616"">\n<td class=""jsx-513032616 property-name"">Modo de fabricación</td>\n<td class=""jsx-513032616 property-value"">Industrial</td>\n</tr>\n<tr class=""jsx-513032616"">\n<td class=""jsx-513032616 property-name"">Cuidado del producto</td>\n<td class=""jsx-513032616 property-value"">Limpiar la superficie suavemente con un paño de microfibra seco o ligeramente húmedo.</td>\n</tr>\n<tr class=""jsx-513032616"">\n<td class=""jsx-513032616 property-name"">Color básico</td>\n<td class=""jsx-513032616 property-value"">Dorado</td>\n</tr>\n<tr class=""jsx-513032616"">\n<td class=""jsx-513032616 property-name"">Forma de uso</td>\n<td class=""jsx-513032616 property-value"">✨ Centro de mesa elegante: Colócalos en mesas de comedor junto a arreglos florales o bandejas decorativas para crear un punto focal sofisticado. ✨ Decoración de consola o</td>\n</tr>\n<tr class=""jsx-513032616"">\n<td class=""jsx-513032616 property-name"">Color</td>\n<td class=""jsx-513032616 property-value"">Dorado</td>\n</tr>\n<tr class=""jsx-513032616"">\n<td class=""jsx-513032616 property-name"">Modelo</td>\n<td class=""jsx-513032616 property-value"">2024832</td>\n</tr>\n<tr class=""jsx-513032616"">\n<td class=""jsx-513032616 property-name"">País de origen</td>\n<td class=""jsx-513032616 property-value"">China</td>\n</tr>\n<tr class=""jsx-513032616"">\n<td class=""jsx-513032616 property-name"">Capacidad</td>\n<td class=""jsx-513032616 property-value"">8</td>\n</tr>\n</tbody>\n</table>\n<p data-start=""2020"" data-end=""2378""></p>\n<p data-start=""2020"" data-end=""2378""></p>",,,taxable,,1,,,0,0,,17,17,20,1,,79900,149900,"Accesorios decorativos, Bandeja, Accesorios decorativos > Bandejas, Sale, Todos los productos",,,"https://anbarhome.com/wp-content/uploads/2026/06/qq.png, https://anbarhome.com/wp-content/uploads/2026/06/qq.png, https://anbarhome.com/wp-content/uploads/2026/06/ww.png, https://anbarhome.com/wp-content/uploads/2026/06/ss.png, https://anbarhome.com/wp-content/uploads/2026/06/cambia_el_formato_a_1__202606061017_1.jpeg_202606071857.jpeg",,,,,,,,,0,,,default,,yes,,,,,,,,nickx_video_url_youtube,no,10000000000000,,,,,,,,,,,,,,,,,,,,,,,,,,,,,,,,,,,,,,,,,,,,,,
15777,simple,1361,,"Farol de Bambu Entretegido con Cilindro Grande",1,0,visible,,"<h3>Farol Decorativo de Bambú Tejido a Mano con Brasero de Vidrio – Calidez Natural y Estilo Atemporal</h3>\nCrea ambientes acogedores y llenos de encanto con este elegante <strong>farol decorativo de bambú tejido a mano</strong>, una pieza que fusiona la belleza de los materiales naturales con un diseño funcional y sofisticado. Su estructura artesanal destaca por el delicado entramado de bambú, cuidadosamente elaborado para aportar textura, calidez y un estilo orgánico que transforma cualquier espacio en un lugar más armonioso y relajante.\n\nEn su interior incorpora un <strong>brasero de vidrio</strong>, diseñado para alojar velas de forma segura y resaltar la iluminación ambiental. Al encender una vela, la luz se filtra suavemente a través del tejido de bambú, creando un hermoso juego de sombras y reflejos que aporta una atmósfera cálida, íntima y acogedora, ideal para momentos de descanso, reuniones especiales o espacios dedicados a la relajación.\n\nSu diseño versátil permite integrarlo fácilmente en diferentes estilos decorativos, desde ambientes bohemios, rústicos y mediterráneos hasta decoraciones contemporáneas, costeras o inspiradas en la naturaleza. Es perfecto para complementar salas de estar, comedores, recibidores, balcones, terrazas, jardines cubiertos, patios o áreas de descanso.\n\nAdemás de ser una fuente de iluminación ambiental, este farol funciona como una pieza decorativa de gran atractivo visual que aporta personalidad, frescura y elegancia natural a cualquier entorno. Su combinación de bambú artesanal y vidrio crea un equilibrio perfecto entre rusticidad y sofisticación.\n<h3>Características destacadas:</h3>\n✔ Farol decorativo elaborado en bambú tejido a mano.\n✔ Incluye brasero de vidrio interior para velas.\n✔ Proyecta una iluminación cálida y acogedora.\n✔ Diseño natural que aporta textura y estilo orgánico.\n✔ Ideal para interiores, terrazas, balcones y espacios de relajación.\n✔ Perfecto para decoraciones bohemias, rústicas, mediterráneas y contemporáneas.\n✔ Crea hermosos efectos de luz y sombra al encender una vela.\n✔ Pieza decorativa versátil que combina funcionalidad y diseño.\n\nEste farol de bambú con brasero de vidrio es mucho más que un accesorio decorativo; es una pieza que invita a disfrutar de ambientes cálidos y relajantes, aportando un toque de naturaleza, elegancia y bienestar a cualquier espacio de tu hogar.\n\n<strong>Medidas: 27cmx27cm x87cm</strong>\n<table class=""jsx-513032616 specification-table "">\n<tbody class=""jsx-513032616"">\n<tr class=""jsx-513032616"">\n<td class=""jsx-513032616 property-name"">Condicion del producto</td>\n<td class=""jsx-513032616 property-value"">Nuevo</td>\n</tr>\n<tr class=""jsx-513032616"">\n<td class=""jsx-513032616 property-name"">Colección</td>\n<td class=""jsx-513032616 property-value"">Colección 2026</td>\n</tr>\n<tr class=""jsx-513032616"">\n<td class=""jsx-513032616 property-name"">Color básico</td>\n<td class=""jsx-513032616 property-value"">Beige</td>\n</tr>\n<tr class=""jsx-513032616"">\n<td class=""jsx-513032616 property-name"">Forma de uso</td>\n<td class=""jsx-513032616 property-value"">✨ Centro de mesa elegante: Colócalos en mesas de comedor junto a arreglos florales o bandejas decorativas para crear un punto focal sofisticado. ✨ Decoración de consola o</td>\n</tr>\n<tr class=""jsx-513032616"">\n<td class=""jsx-513032616 property-name"">Modo de fabricación</td>\n<td class=""jsx-513032616 property-value"">Industrial</td>\n</tr>\n<tr class=""jsx-513032616"">\n<td class=""jsx-513032616 property-name"">Cuidado del producto</td>\n<td class=""jsx-513032616 property-value"">Limpiar la superficie suavemente con un paño de microfibra seco o ligeramente húmedo.</td>\n</tr>\n<tr class=""jsx-513032616"">\n<td class=""jsx-513032616 property-name"">Color</td>\n<td class=""jsx-513032616 property-value"">BEIGE</td>\n</tr>\n<tr class=""jsx-513032616"">\n<td class=""jsx-513032616 property-name"">Modelo</td>\n<td class=""jsx-513032616 property-value"">1361</td>\n</tr>\n<tr class=""jsx-513032616"">\n<td class=""jsx-513032616 property-name"">País de origen</td>\n<td class=""jsx-513032616 property-value"">China</td>\n</tr>\n<tr class=""jsx-513032616"">\n<td class=""jsx-513032616 property-name"">Tipo de adorno</td>\n<td class=""jsx-513032616 property-value"">Candelabro</td>\n</tr>\n<tr class=""jsx-513032616"">\n<td class=""jsx-513032616 property-name"">Material</td>\n<td class=""jsx-513032616 property-value"">Fibra de Bambú</td>\n</tr>\n<tr class=""jsx-513032616"">\n<td class=""jsx-513032616 property-name"">Tipo de decoración</td>\n<td class=""jsx-513032616 property-value"">Candelabro</td>\n</tr>\n</tbody>\n</table>",,,taxable,,1,,,0,0,,,,,1,,279900,379900,"Accesorios decorativos, Sale, Todos los productos",,,"https://anbarhome.com/wp-content/uploads/2026/06/1361-1362-1363_1.png_202606071926-1.jpeg, https://anbarhome.com/wp-content/uploads/2026/06/1361-1362-1363_1.png_202606071926-1.jpeg, https://anbarhome.com/wp-content/uploads/2026/06/1361-1362-1363_1.png_202606071927.jpeg, https://anbarhome.com/wp-content/uploads/2026/06/Bamboo_lantern_details_grid_202606071932.jpeg, https://anbarhome.com/wp-content/uploads/2026/06/1361-1362-1363_1.png_202606071926.jpeg",,,,,,,,,0,,,default,,yes,,,,,,,,nickx_video_url_youtube,no,10000000000000,,,,yes,yes,,,product,,,,,,,,,,,,,,,,,,,,,,,,,,,,,,,,,,,,,,
15783,simple,1362,,"Farol de Bambu Entretegido con Cilindro Mediano",1,0,visible,,"<h3>Farol Decorativo de Bambú Tejido a Mano con Brasero de Vidrio – Calidez Natural y Estilo Atemporal</h3>\nCrea ambientes acogedores y llenos de encanto con este elegante <strong>farol decorativo de bambú tejido a mano</strong>, una pieza que fusiona la belleza de los materiales naturales con un diseño funcional y sofisticado. Su estructura artesanal destaca por el delicado entramado de bambú, cuidadosamente elaborado para aportar textura, calidez y un estilo orgánico que transforma cualquier espacio en un lugar más armonioso y relajante.\n\nEn su interior incorpora un <strong>brasero de vidrio</strong>, diseñado para alojar velas de forma segura y resaltar la iluminación ambiental. Al encender una vela, la luz se filtra suavemente a través del tejido de bambú, creando un hermoso juego de sombras y reflejos que aporta una atmósfera cálida, íntima y acogedora, ideal para momentos de descanso, reuniones especiales o espacios dedicados a la relajación.\n\nSu diseño versátil permite integrarlo fácilmente en diferentes estilos decorativos, desde ambientes bohemios, rústicos y mediterráneos hasta decoraciones contemporáneas, costeras o inspiradas en la naturaleza. Es perfecto para complementar salas de estar, comedores, recibidores, balcones, terrazas, jardines cubiertos, patios o áreas de descanso.\n\nAdemás de ser una fuente de iluminación ambiental, este farol funciona como una pieza decorativa de gran atractivo visual que aporta personalidad, frescura y elegancia natural a cualquier entorno. Su combinación de bambú artesanal y vidrio crea un equilibrio perfecto entre rusticidad y sofisticación.\n<h3>Características destacadas:</h3>\n✔ Farol decorativo elaborado en bambú tejido a mano.\n✔ Incluye brasero de vidrio interior para velas.\n✔ Proyecta una iluminación cálida y acogedora.\n✔ Diseño natural que aporta textura y estilo orgánico.\n✔ Ideal para interiores, terrazas, balcones y espacios de relajación.\n✔ Perfecto para decoraciones bohemias, rústicas, mediterráneas y contemporáneas.\n✔ Crea hermosos efectos de luz y sombra al encender una vela.\n✔ Pieza decorativa versátil que combina funcionalidad y diseño.\n\nEste farol de bambú con brasero de vidrio es mucho más que un accesorio decorativo; es una pieza que invita a disfrutar de ambientes cálidos y relajantes, aportando un toque de naturaleza, elegancia y bienestar a cualquier espacio de tu hogar.\n\n&nbsp;\n<table class=""jsx-513032616 specification-table "">\n<tbody class=""jsx-513032616"">\n<tr class=""jsx-513032616"">\n<td class=""jsx-513032616 property-name"">Condicion del producto</td>\n<td class=""jsx-513032616 property-value"">Nuevo</td>\n</tr>\n<tr class=""jsx-513032616"">\n<td class=""jsx-513032616 property-name"">Color básico</td>\n<td class=""jsx-513032616 property-value"">Beige</td>\n</tr>\n<tr class=""jsx-513032616"">\n<td class=""jsx-513032616 property-name"">Modo de fabricación</td>\n<td class=""jsx-513032616 property-value"">Industrial</td>\n</tr>\n<tr class=""jsx-513032616"">\n<td class=""jsx-513032616 property-name"">Forma de uso</td>\n<td class=""jsx-513032616 property-value"">✨ Centro de mesa elegante: Colócalos en mesas de comedor junto a arreglos florales o bandejas decorativas para crear un punto focal sofisticado. ✨ Decoración de consola o</td>\n</tr>\n<tr class=""jsx-513032616"">\n<td class=""jsx-513032616 property-name"">Recomendaciones de uso</td>\n<td class=""jsx-513032616 property-value"">Limpiar la superficie suavemente con un paño de microfibra seco o ligeramente húmedo.</td>\n</tr>\n<tr class=""jsx-513032616"">\n<td class=""jsx-513032616 property-name"">Cuidado del producto</td>\n<td class=""jsx-513032616 property-value"">Limpiar la superficie suavemente con un paño de microfibra seco o ligeramente húmedo.</td>\n</tr>\n<tr class=""jsx-513032616"">\n<td class=""jsx-513032616 property-name"">Colección</td>\n<td class=""jsx-513032616 property-value"">Colección 2026</td>\n</tr>\n<tr class=""jsx-513032616"">\n<td class=""jsx-513032616 property-name"">Dimensiones</td>\n<td class=""jsx-513032616 property-value"">24 cm x 24 cm x 80 cm</td>\n</tr>\n<tr class=""jsx-513032616"">\n<td class=""jsx-513032616 property-name"">Modelo</td>\n<td class=""jsx-513032616 property-value"">1362</td>\n</tr>\n<tr class=""jsx-513032616"">\n<td class=""jsx-513032616 property-name"">Color</td>\n<td class=""jsx-513032616 property-value"">BEIGE</td>\n</tr>\n<tr class=""jsx-513032616"">\n<td class=""jsx-513032616 property-name"">País de origen</td>\n<td class=""jsx-513032616 property-value"">China</td>\n</tr>\n<tr class=""jsx-513032616"">\n<td class=""jsx-513032616 property-name"">Tipo de adorno</td>\n<td class=""jsx-513032616 property-value"">Candelabro</td>\n</tr>\n<tr class=""jsx-513032616"">\n<td class=""jsx-513032616 property-name"">Material</td>\n<td class=""jsx-513032616 property-value"">Fibra de Bambú</td>\n</tr>\n<tr class=""jsx-513032616"">\n<td class=""jsx-513032616 property-name"">Tipo de decoración</td>\n<td class=""jsx-513032616 property-value"">Candelabro</td>\n</tr>\n</tbody>\n</table>",,,taxable,,1,,,0,0,,,,,1,,179900,279900,"Accesorios decorativos, Sale, Todos los productos",,,"https://anbarhome.com/wp-content/uploads/2026/06/1361-1362-1363_1.png_202606071926-1.jpeg, https://anbarhome.com/wp-content/uploads/2026/06/1361-1362-1363_1.png_202606071926-1.jpeg, https://anbarhome.com/wp-content/uploads/2026/06/1361-1362-1363_1.png_202606071927.jpeg, https://anbarhome.com/wp-content/uploads/2026/06/Bamboo_lantern_details_grid_202606071932.jpeg, https://anbarhome.com/wp-content/uploads/2026/06/1361-1362-1363_1.png_202606071926.jpeg",,,,,,,,,0,,,default,,yes,,,,,,,,nickx_video_url_youtube,no,10000000000000,,,,yes,yes,,,product,,,,,,,,,,,,,,,,,,,,,,,,,,,,,,,,,,,,,,
15785,simple,,,"Farol de Bambu Entretegido con Cilindro Pequeño",1,0,visible,,"<h3>Farol Decorativo de Bambú Tejido a Mano con Brasero de Vidrio – Calidez Natural y Estilo Atemporal</h3>\nCrea ambientes acogedores y llenos de encanto con este elegante <strong>farol decorativo de bambú tejido a mano</strong>, una pieza que fusiona la belleza de los materiales naturales con un diseño funcional y sofisticado. Su estructura artesanal destaca por el delicado entramado de bambú, cuidadosamente elaborado para aportar textura, calidez y un estilo orgánico que transforma cualquier espacio en un lugar más armonioso y relajante.\n\nEn su interior incorpora un <strong>brasero de vidrio</strong>, diseñado para alojar velas de forma segura y resaltar la iluminación ambiental. Al encender una vela, la luz se filtra suavemente a través del tejido de bambú, creando un hermoso juego de sombras y reflejos que aporta una atmósfera cálida, íntima y acogedora, ideal para momentos de descanso, reuniones especiales o espacios dedicados a la relajación.\n\nSu diseño versátil permite integrarlo fácilmente en diferentes estilos decorativos, desde ambientes bohemios, rústicos y mediterráneos hasta decoraciones contemporáneas, costeras o inspiradas en la naturaleza. Es perfecto para complementar salas de estar, comedores, recibidores, balcones, terrazas, jardines cubiertos, patios o áreas de descanso.\n\nAdemás de ser una fuente de iluminación ambiental, este farol funciona como una pieza decorativa de gran atractivo visual que aporta personalidad, frescura y elegancia natural a cualquier entorno. Su combinación de bambú artesanal y vidrio crea un equilibrio perfecto entre rusticidad y sofisticación.\n<h3>Características destacadas:</h3>\n✔ Farol decorativo elaborado en bambú tejido a mano.\n✔ Incluye brasero de vidrio interior para velas.\n✔ Proyecta una iluminación cálida y acogedora.\n✔ Diseño natural que aporta textura y estilo orgánico.\n✔ Ideal para interiores, terrazas, balcones y espacios de relajación.\n✔ Perfecto para decoraciones bohemias, rústicas, mediterráneas y contemporáneas.\n✔ Crea hermosos efectos de luz y sombra al encender una vela.\n✔ Pieza decorativa versátil que combina funcionalidad y diseño.\n\nEste farol de bambú con brasero de vidrio es mucho más que un accesorio decorativo; es una pieza que invita a disfrutar de ambientes cálidos y relajantes, aportando un toque de naturaleza, elegancia y bienestar a cualquier espacio de tu hogar.\n\n&nbsp;\n<table class=""jsx-513032616 specification-table "">\n<tbody class=""jsx-513032616"">\n<tr class=""jsx-513032616"">\n<td class=""jsx-513032616 property-name"">Condicion del producto</td>\n<td class=""jsx-513032616 property-value"">Nuevo</td>\n</tr>\n<tr class=""jsx-513032616"">\n<td class=""jsx-513032616 property-name"">Color básico</td>\n<td class=""jsx-513032616 property-value"">Beige</td>\n</tr>\n<tr class=""jsx-513032616"">\n<td class=""jsx-513032616 property-name"">Modo de fabricación</td>\n<td class=""jsx-513032616 property-value"">Industrial</td>\n</tr>\n<tr class=""jsx-513032616"">\n<td class=""jsx-513032616 property-name"">Forma de uso</td>\n<td class=""jsx-513032616 property-value"">✨ Centro de mesa elegante: Colócalos en mesas de comedor junto a arreglos florales o bandejas decorativas para crear un punto focal sofisticado. ✨ Decoración de consola o</td>\n</tr>\n<tr class=""jsx-513032616"">\n<td class=""jsx-513032616 property-name"">Cuidado del producto</td>\n<td class=""jsx-513032616 property-value"">Limpiar la superficie suavemente con un paño de microfibra seco o ligeramente húmedo.</td>\n</tr>\n<tr class=""jsx-513032616"">\n<td class=""jsx-513032616 property-name"">Colección</td>\n<td class=""jsx-513032616 property-value"">Colección 2026</td>\n</tr>\n<tr class=""jsx-513032616"">\n<td class=""jsx-513032616 property-name"">Dimensiones</td>\n<td class=""jsx-513032616 property-value"">22cm x 22cm x 70cm</td>\n</tr>\n<tr class=""jsx-513032616"">\n<td class=""jsx-513032616 property-name"">Modelo</td>\n<td class=""jsx-513032616 property-value"">1363</td>\n</tr>\n<tr class=""jsx-513032616"">\n<td class=""jsx-513032616 property-name"">Color</td>\n<td class=""jsx-513032616 property-value"">BEIGE</td>\n</tr>\n<tr class=""jsx-513032616"">\n<td class=""jsx-513032616 property-name"">País de origen</td>\n<td class=""jsx-513032616 property-value"">China</td>\n</tr>\n<tr class=""jsx-513032616"">\n<td class=""jsx-513032616 property-name"">Tipo de adorno</td>\n<td class=""jsx-513032616 property-value"">Candelabro</td>\n</tr>\n<tr class=""jsx-513032616"">\n<td class=""jsx-513032616 property-name"">Material</td>\n<td class=""jsx-513032616 property-value"">Fibra de Bambú</td>\n</tr>\n<tr class=""jsx-513032616"">\n<td class=""jsx-513032616 property-name"">Tipo de decoración</td>\n<td class=""jsx-513032616 property-value"">Candelabro</td>\n</tr>\n</tbody>\n</table>",,,taxable,,1,,,0,0,,,,,1,,,,"Accesorios decorativos, Candelabros, Sale, Todos los productos",,,"https://anbarhome.com/wp-content/uploads/2026/06/1361-1362-1363_1.png_202606071926-1.jpeg, https://anbarhome.com/wp-content/uploads/2026/06/1361-1362-1363_1.png_202606071926-1.jpeg, https://anbarhome.com/wp-content/uploads/2026/06/1361-1362-1363_1.png_202606071927.jpeg, https://anbarhome.com/wp-content/uploads/2026/06/Bamboo_lantern_details_grid_202606071932.jpeg, https://anbarhome.com/wp-content/uploads/2026/06/1361-1362-1363_1.png_202606071926.jpeg",,,,,,,,,0,,,default,,yes,,,,,,,,nickx_video_url_youtube,no,10000000000000,,,,yes,yes,,,product,,,,,,,,,,,,,,,,,,,,,,,,,,,,,,,,,,,,,,
15793,simple,A3-2775,,"Pocillo Térmico de Vidrio Doble Capa Transparente para Café y Capuchino",1,0,visible,,"☕ Pocillo de Vidrio Borosilicato Doble Pared Premium\n\nDisfruta tus bebidas favoritas con un diseño elegante y funcional. Fabricado en vidrio borosilicato de alta calidad, este pocillo de doble pared ayuda a conservar la temperatura de las bebidas calientes o frías por más tiempo, mientras mantiene una superficie cómoda al tacto.\n\nSu diseño transparente con efecto flotante aporta un toque moderno y sofisticado, ideal para el hogar, la oficina o para sorprender con un regalo especial.\n\n✨ Características:\n• Material: Vidrio borosilicato resistente al calor.\n• Diseño de doble pared con aislamiento térmico.\n• Transparente y elegante.\n• Ligero y cómodo de sostener.\n• Ideal para café, espresso, capuchino, latte, té, chocolate caliente y bebidas frías.\n\n☕ Usos recomendados:\n✔ Café americano.\n✔ Espresso y capuchino.\n✔ Té e infusiones.\n✔ Chocolate caliente.\n✔ Bebidas frías y postres.\n\n\nLimpiar la superficie suavemente con un paño de microfibra seco o ligeramente húmedo.\n\n&nbsp;\n\nCapacidad 350ml\n\n&nbsp;\n\nDimensiones: 9cm x 9cm x 13cm",,,taxable,,1,,,0,0,,,,,1,,,24900,"Accesorios decorativos, Todos los productos",,,"https://anbarhome.com/wp-content/uploads/2026/06/Pocillo_on_taupe_background_202606121501.jpeg, https://anbarhome.com/wp-content/uploads/2026/06/Cappuccino_layers_in_glass_202606121506.jpeg, https://anbarhome.com/wp-content/uploads/2026/06/Coffee_cup_surface_soft_shadows_202606121346.jpeg, https://anbarhome.com/wp-content/uploads/2026/06/Pocillo_handle_and_glass_body_202606121500.jpeg, https://anbarhome.com/wp-content/uploads/2026/06/Pocillo_on_taupe_background_202606121501.jpeg",,,,,,,,,0,,,default,,yes,,,,,,,,nickx_video_url_youtube,no,10000000000000,,,,yes,yes,,,product,,,,,,,,,,,,,,,,,,,,,,,,,,,,,,,,,,,,,,
15799,simple,A3-2774,,"Pocillo de Vidrio Doble Pared para Café y Té",1,0,visible,,"☕ Pocillo de Vidrio Doble Pared Premium\n\nDisfruta tus bebidas favoritas con un toque de elegancia y sofisticación. Este pocillo de vidrio doble pared está diseñado para mantener la temperatura de tus bebidas calientes o frías por más tiempo, mientras su diseño transparente y moderno aporta un estilo único a cada momento.\n\nSu estructura de doble capa ayuda a reducir la transferencia de calor, permitiéndote sostenerlo cómodamente. Ideal para café, espresso, capuchino, té, chocolate caliente y otras bebidas.\n\n✨ Diseño elegante y minimalista.\n✨ Vidrio resistente y de alta calidad.\n✨ Doble pared con efecto flotante.\n✨ Aislante térmico para conservar mejor la temperatura.\n✨ Perfecto para el hogar, la oficina o como regalo.\n\nConvierte cada taza de café en una experiencia especial con un pocillo que combina funcionalidad y estilo.\n\nForma de uso: Limpiar la superficie suavemente con un paño de microfibra seco o ligeramente húmedo\n\nDimensiones: 10cm x 10cm x10cm",,,taxable,,1,,,0,0,,,,,1,,,19900,"Accesorios decorativos, Todos los productos",,,"https://anbarhome.com/wp-content/uploads/2026/06/WhatsApp_Image_2026-06-12_at_13.39.47_202606121345.jpeg, https://anbarhome.com/wp-content/uploads/2026/06/Macro_close-up_mug_edge_202606171604.jpeg, https://anbarhome.com/wp-content/uploads/2026/06/Glass_mug_handle_macro_shot_202606171604.jpeg, https://anbarhome.com/wp-content/uploads/2026/06/Coffee_in_double-walled_mug_202606171604.jpeg, https://anbarhome.com/wp-content/uploads/2026/06/WhatsApp_Image_2026-06-12_at_13.39.47_202606121345.jpeg",,,,,,,,,0,,,default,,yes,,,,,,,,nickx_video_url_youtube,no,10000000000000,,,,yes,yes,,,product,,,,,,,,,,,,,,,,,,,,,,,,,,,,,,,,,,,,,,
15805,simple,A3-2776,,"Vaso Premium de Vidrio Doble Pared Aislante 450 ml Diseño Elegante y Moderno",1,0,visible,,"<div class=""qMYqUG_convSearchResultHighlightRoot"">\n<div class="""" data-turn-id-container=""request-WEB:ddab499c-f620-4844-bac4-c993d64ba97d-1"" data-is-intersecting=""true""><section class=""text-token-text-primary w-full focus:outline-none has-data-writing-block:pointer-events-none [&amp;:has([data-writing-block])&gt;*]:pointer-events-auto R6Vx5W_threadScrollVars scroll-mb-[calc(var(--scroll-root-safe-area-inset-bottom,0px)+var(--thread-response-height))] scroll-mt-[calc(var(--header-height)+min(200px,max(70px,20svh)))]"" dir=""auto"" data-turn-id=""request-WEB:ddab499c-f620-4844-bac4-c993d64ba97d-1"" data-turn-id-container=""request-WEB:ddab499c-f620-4844-bac4-c993d64ba97d-1"" data-testid=""conversation-turn-4"" data-turn=""assistant"">\n<div class=""text-base my-auto mx-auto pb-10 [--thread-content-margin:var(--thread-content-margin-xs,calc(var(--spacing)*4))] @w-sm/main:[--thread-content-margin:var(--thread-content-margin-sm,calc(var(--spacing)*6))] @w-lg/main:[--thread-content-margin:var(--thread-content-margin-lg,calc(var(--spacing)*16))] px-(--thread-content-margin)"">\n<div class=""[--thread-content-max-width:40rem] @w-lg/main:[--thread-content-max-width:48rem] mx-auto max-w-(--thread-content-max-width) flex-1 group/turn-messages focus-visible:outline-hidden relative flex w-full min-w-0 flex-col agent-turn"" data-conversation-screenshot-content="""">\n<div class=""flex max-w-full flex-col gap-4 grow"">\n<div class=""min-h-8 text-message relative flex w-full flex-col items-end gap-2 text-start break-words whitespace-normal outline-none keyboard-focused:focus-ring [.text-message+&amp;]:mt-1"" dir=""auto"" tabindex=""0"" data-message-author-role=""assistant"" data-message-id=""19c4fa2f-7c75-41a8-903b-8421061c98ae"" data-message-model-slug=""gpt-5-5"" data-turn-start-message=""true"">\n<div class=""flex w-full flex-col gap-1 empty:hidden"">\n<div class=""markdown prose dark:prose-invert wrap-break-word w-full light markdown-new-styling"">\n<h1 data-section-id=""118u1jm"" data-start=""0"" data-end=""105"">Vaso Térmico de Vidrio Doble Pared Transparente 450 ml – Diseño Elegante para Bebidas Calientes y Frías</h1>\n<h2 data-section-id=""356me9"" data-start=""107"" data-end=""134"">Descripción del Producto</h2>\n<p data-start=""136"" data-end=""467"">Disfruta tus bebidas favoritas con estilo gracias a este elegante vaso de vidrio de doble pared de 450 ml. Su diseño moderno crea un atractivo efecto visual de ""bebida flotante"", mientras que la doble capa de vidrio ayuda a mantener la temperatura de las bebidas por más tiempo y reduce la transferencia de calor hacia el exterior.</p>\n<p data-start=""469"" data-end=""787"">Fabricado con vidrio de alta calidad, este vaso combina resistencia, funcionalidad y estética, convirtiéndose en el complemento ideal para el hogar, la oficina, cafeterías o restaurantes. Su diseño transparente permite apreciar los colores y texturas de cada bebida, brindando una experiencia visual única en cada uso.</p>\n\n<h2 data-section-id=""3ssj1e"" data-start=""789"" data-end=""819"">Características Principales</h2>\n<p data-start=""821"" data-end=""840"">✅ Capacidad: 450 ml</p>\n<p data-start=""842"" data-end=""889"">✅ Material: Vidrio transparente de alta calidad</p>\n<p data-start=""891"" data-end=""945"">✅ Diseño de doble pared para mejor aislamiento térmico</p>\n<p data-start=""947"" data-end=""985"">✅ Ideal para bebidas calientes y frías</p>\n<p data-start=""987"" data-end=""1037"">✅ Reduce la condensación exterior en bebidas frías</p>\n<p data-start=""1039"" data-end=""1070"">✅ Apariencia elegante y moderna</p>\n<p data-start=""1072"" data-end=""1120"">✅ Cómodo agarre gracias a su aislamiento térmico</p>\n<p data-start=""1122"" data-end=""1140"">✅ Fácil de limpiar</p>\n\n<h2 data-section-id=""v5hg7l"" data-start=""1142"" data-end=""1164"">Medidas Aproximadas</h2>\n<ul data-start=""1166"" data-end=""1282"">\n 	<li data-section-id=""igzcnu"" data-start=""1166"" data-end=""1185"">Capacidad: 450 ml</li>\n 	<li data-section-id=""19p38gx"" data-start=""1186"" data-end=""1201"">Altura: 13 cm</li>\n 	<li data-section-id=""i7mf7r"" data-start=""1202"" data-end=""1229"">Diámetro superior: 8.5 cm</li>\n 	<li data-section-id=""6tybcu"" data-start=""1230"" data-end=""1257"">Diámetro de la base: 6 cm</li>\n 	<li data-section-id=""v7blu9"" data-start=""1258"" data-end=""1282"">Peso aproximado: 250 g</li>\n</ul>\n<p data-start=""1284"" data-end=""1357""><em data-start=""1284"" data-end=""1357"">Las medidas pueden variar ligeramente debido al proceso de fabricación.</em></p>\n\n<h2 data-section-id=""hrwhus"" data-start=""1359"" data-end=""1386"">¿Cómo se Puede Utilizar?</h2>\n<p data-start=""1388"" data-end=""1446"">Este vaso es perfecto para una amplia variedad de bebidas:</p>\n\n<h3 data-section-id=""1wch10y"" data-start=""1448"" data-end=""1469"">Bebidas Calientes</h3>\n<ul data-start=""1470"" data-end=""1562"">\n 	<li data-section-id=""xes6t0"" data-start=""1470"" data-end=""1486"">Café americano</li>\n 	<li data-section-id=""t7hoeu"" data-start=""1487"" data-end=""1503"">Espresso doble</li>\n 	<li data-section-id=""1tt46o7"" data-start=""1504"" data-end=""1515"">Capuccino</li>\n 	<li data-section-id=""16r4ke8"" data-start=""1516"" data-end=""1523"">Latte</li>\n 	<li data-section-id=""yhmu8l"" data-start=""1524"" data-end=""1528"">Té</li>\n 	<li data-section-id=""1fmmd7l"" data-start=""1529"" data-end=""1549"">Chocolate caliente</li>\n 	<li data-section-id=""18fu51t"" data-start=""1550"" data-end=""1562"">Infusiones</li>\n</ul>\n<h3 data-section-id=""hauud3"" data-start=""1564"" data-end=""1581"">Bebidas Frías</h3>\n<ul data-start=""1582"" data-end=""1686"">\n 	<li data-section-id=""14wg17"" data-start=""1582"" data-end=""1599"">Jugos naturales</li>\n 	<li data-section-id=""idxdat"" data-start=""1600"" data-end=""1611"">Smoothies</li>\n 	<li data-section-id=""vhdthq"" data-start=""1612"" data-end=""1621"">Batidos</li>\n 	<li data-section-id=""146jhky"" data-start=""1622"" data-end=""1633"">Refrescos</li>\n 	<li data-section-id=""xjxi0w"" data-start=""1634"" data-end=""1651"">Agua saborizada</li>\n 	<li data-section-id=""n6rp5q"" data-start=""1652"" data-end=""1663"">Té helado</li>\n 	<li data-section-id=""3eqj8u"" data-start=""1664"" data-end=""1686"">Cócteles sin alcohol</li>\n</ul>\n<h2 data-section-id=""uoyu61"" data-start=""1688"" data-end=""1704"">Método de Uso</h2>\n<ol data-start=""1706"" data-end=""2091"">\n 	<li data-section-id=""bdd11r"" data-start=""1706"" data-end=""1763"">Verifique que el vaso esté limpio antes de utilizarlo.</li>\n 	<li data-section-id=""8i8hea"" data-start=""1764"" data-end=""1828"">Sirva la bebida deseada hasta una capacidad máxima de 450 ml.</li>\n 	<li data-section-id=""4blmn4"" data-start=""1829"" data-end=""1941"">Sostenga el vaso de forma cómoda; la doble pared ayuda a minimizar la sensación de calor o frío en las manos.</li>\n 	<li data-section-id=""hco15v"" data-start=""1942"" data-end=""2013"">Disfrute de su bebida manteniendo su temperatura durante más tiempo.</li>\n 	<li data-section-id=""1vzlgm2"" data-start=""2014"" data-end=""2091"">Después de usarlo, lave con agua y jabón suave y deje secar completamente.</li>\n</ol>\n<h2 data-section-id=""1gx590w"" data-start=""2093"" data-end=""2122"">Recomendaciones de Cuidado</h2>\n<ul data-start=""2124"" data-end=""2367"">\n 	<li data-section-id=""1lcy6vq"" data-start=""2124"" data-end=""2153"">Lavar antes del primer uso.</li>\n 	<li data-section-id=""1h6d7ov"" data-start=""2154"" data-end=""2179"">Evitar golpes o caídas.</li>\n 	<li data-section-id=""lim667"" data-start=""2180"" data-end=""2231"">No utilizar productos abrasivos para su limpieza.</li>\n 	<li data-section-id=""ljheyt"" data-start=""2232"" data-end=""2284"">Manipular con cuidado para prolongar su vida útil.</li>\n 	<li data-section-id=""25kh4y"" data-start=""2285"" data-end=""2367"">Mantener fuera del alcance de niños pequeños cuando contenga líquidos calientes.</li>\n</ul>\n<h2 data-section-id=""1bvujli"" data-start=""2369"" data-end=""2393"">Contenido del Paquete</h2>\n<ul data-start=""2395"" data-end=""2448"">\n 	<li data-section-id=""5sqvws"" data-start=""2395"" data-end=""2448"">1 Vaso de Vidrio Doble Pared Transparente de 450 ml</li>\n</ul>\n<h3 data-section-id=""sk5byb"" data-start=""2450"" data-end=""2570"" data-is-last-node="""" data-is-only-node="""">Diseño elegante, aislamiento térmico y presentación premium para disfrutar cada bebida con mayor comodidad y estilo.</h3>\n</div>\n</div>\n</div>\n</div>\n<div class=""z-0 flex min-h-[46px] justify-start""></div>\n</div>\n</div>\n</section></div>\n</div>\n<div class=""pointer-events-none -mt-px h-px translate-y-[calc(var(--scroll-root-safe-area-inset-bottom)-14*var(--spacing))]"" aria-hidden=""true""></div>",,,taxable,,1,,,0,0,,,,,1,,,24900,"Accesorios decorativos, Todos los productos",,,"https://anbarhome.com/wp-content/uploads/2026/06/WhatsApp_Image_2026-06-12_at_13.39.46.jpeg_202606171617.jpeg, https://anbarhome.com/wp-content/uploads/2026/06/WhatsApp_Image_2026-06-12_at_13.39.46.jpeg_202606171617.jpeg, https://anbarhome.com/wp-content/uploads/2026/06/Glass_filled_with_orange_juice_202606171621.jpeg, https://anbarhome.com/wp-content/uploads/2026/06/WhatsApp_Image_2026-06-12_at_13.39.46.jpeg_202606171624.jpeg",,,,,,,,,0,,,default,,yes,,,,,,,,nickx_video_url_youtube,no,10000000000000,,,,yes,yes,,,product,,,,,,,,,,,,,,,,,,,,,,,,,,,,,,,,,,,,,,
15838,simple,A3-2778,,"Escultura Clásica Fragmentada Marfil",1,0,visible,,"<div>La Escultura Clásica Fragmentada Marfil es una pieza decorativa que reinterpreta la majestuosidad del arte grecorromano a través de una propuesta contemporánea y arquitectónica. Inspirada en las formas clásicas, su diseño fragmentado crea una composición de gran impacto visual que combina historia, arte y modernidad. El acabado en tono marfil aporta luminosidad y una elegancia atemporal, convirtiendo esta pieza en un elemento escultórico capaz de transformar cualquier ambiente con una estética sofisticada y un marcado carácter artístico.</div>\n<div></div>\n<div>CARACTERÍSTICAS PRINCIPALES Y ESPECIFICACIONES TÉCNICAS</div>\n<div></div>\n<div></div>\n<div>Medidas: 60cm x 12cm x 15cm</div>\n<div></div>\n<div>Material Base:</div>\n<div></div>\n<div>Elaborada en resina, un material reconocido por su resistencia y por permitir reproducir formas y detalles escultóricos con una gran riqueza visual, ideal para piezas decorativas de inspiración artística.</div>\n<div></div>\n<div>Acabado y Textura:</div>\n<div></div>\n<div>Presenta un acabado marfil mate de apariencia refinada y uniforme, que realza las formas y volúmenes de la composición. Su tonalidad neutra aporta serenidad y facilita la integración con diferentes estilos decorativos.</div>\n<div></div>\n<div>Modelo y Dimensiones Exactas:</div>\n<div></div>\n<div>Referencia A3-2778.</div>\n<div></div>\n<div>Forma y Diseño:</div>\n<div></div>\n<div>Inspirada en las esculturas clásicas grecorromanas, esta pieza ha sido reinterpretada mediante una composición fragmentada y líneas arquitectónicas que aportan una estética moderna y vanguardista. El contraste entre las formas tradicionales y la estructura contemporánea convierte esta escultura en una obra decorativa de gran personalidad y valor artístico.</div>\n<div></div>\n<div>Estilo Decorativo:</div>\n<div></div>\n<div>Combina especialmente con estilos Modern Luxury, Contemporáneo, Clásico Contemporáneo, Minimalista y Art Déco, gracias a la elegancia de sus formas y a la sofisticación de su acabado marfil.</div>\n<div></div>\n<div>BENEFICIOS Y USOS RECOMENDADOS</div>\n<div></div>\n<div>Versatilidad de Estilismo:</div>\n<div></div>\n<div>Ideal para exhibirse como pieza protagonista sobre consolas amplias, bibliotecas, credenzas, mesas auxiliares o pedestales decorativos. Puede combinarse con materiales nobles como mármol, vidrio, metal o madera natural para crear composiciones de gran impacto visual.</div>\n<div></div>\n<div>Funcionalidad y Capacidad:</div>\n<div></div>\n<div>Diseñada como una pieza escultórica independiente, aporta profundidad, movimiento y un carácter artístico que transforma los espacios con una estética exclusiva y contemporánea.</div>\n<div></div>\n<div>Ambientes Ideales:</div>\n<div></div>\n<div>Perfecta para salas, recibidores, estudios, oficinas, bibliotecas y espacios donde se busque incorporar elementos decorativos con una fuerte presencia visual y una inspiración artística sofisticada.</div>\n<div></div>\n<div>Valor Añadido:</div>\n<div></div>\n<div>Su reinterpretación de las figuras clásicas desde una perspectiva moderna convierte esta escultura en una pieza distintiva y atemporal. Más que un objeto decorativo, representa una fusión entre tradición y diseño contemporáneo, aportando exclusividad, cultura y una sensación de lujo refinado al hogar.</div>\n<div></div>\n<div>RECOMENDACIONES DE CUIDADO Y MANTENIMIENTO</div>\n<div></div>\n<div>Limpiar con un paño suave seco o ligeramente húmedo para retirar el polvo y conservar la apariencia original del acabado.</div>\n<div></div>\n<div>Evitar el uso de productos químicos abrasivos, esponjas metálicas o sustancias que puedan alterar la superficie.</div>\n<div></div>\n<div>Manipular cuidadosamente y colocar sobre superficies estables para preservar la integridad y los detalles escultóricos de la pieza.</div>\n<div></div>\n<div>\n\nUtilizar exclusivamente en interiores y evitar la exposición prolongada a humedad directa o luz solar intensa para mantener sus cualidades estéticas y prolongar su vida útil.\n<table class=""jsx-513032616 specification-table "">\n<tbody class=""jsx-513032616"">\n<tr class=""jsx-513032616"">\n<td class=""jsx-513032616 property-name"">Condicion del producto</td>\n<td class=""jsx-513032616 property-value"">Nuevo</td>\n</tr>\n<tr class=""jsx-513032616"">\n<td class=""jsx-513032616 property-name"">Modo de fabricación</td>\n<td class=""jsx-513032616 property-value"">Industrial</td>\n</tr>\n<tr class=""jsx-513032616"">\n<td class=""jsx-513032616 property-name"">Forma de uso</td>\n<td class=""jsx-513032616 property-value"">✨ Centro de mesa elegante: Colócalos en mesas de comedor junto a arreglos florales o bandejas decorativas para crear un punto focal sofisticado. ✨</td>\n</tr>\n<tr class=""jsx-513032616"">\n<td class=""jsx-513032616 property-name"">Recomendaciones de uso</td>\n<td class=""jsx-513032616 property-value"">Manipular cuidadosamente y colocar sobre superficies estables para preservar la integridad y los detalles escultóricos de la pieza.</td>\n</tr>\n<tr class=""jsx-513032616"">\n<td class=""jsx-513032616 property-name"">Cuidado del producto</td>\n<td class=""jsx-513032616 property-value"">Limpiar con un paño suave seco o ligeramente húmedo para retirar el polvo y conservar la apariencia original del acabado.</td>\n</tr>\n<tr class=""jsx-513032616"">\n<td class=""jsx-513032616 property-name"">Colección</td>\n<td class=""jsx-513032616 property-value"">colección 2026</td>\n</tr>\n<tr class=""jsx-513032616"">\n<td class=""jsx-513032616 property-name"">Alto</td>\n<td class=""jsx-513032616 property-value"">60</td>\n</tr>\n<tr class=""jsx-513032616"">\n<td class=""jsx-513032616 property-name"">Restricciones de uso</td>\n<td class=""jsx-513032616 property-value"">Evitar el uso de productos químicos abrasivos, esponjas metálicas o sustancias que puedan alterar la superficie.</td>\n</tr>\n<tr class=""jsx-513032616"">\n<td class=""jsx-513032616 property-name"">Modelo</td>\n<td class=""jsx-513032616 property-value"">Modelo 2026</td>\n</tr>\n<tr class=""jsx-513032616"">\n<td class=""jsx-513032616 property-name"">Ancho</td>\n<td class=""jsx-513032616 property-value"">15</td>\n</tr>\n<tr class=""jsx-513032616"">\n<td class=""jsx-513032616 property-name"">Color</td>\n<td class=""jsx-513032616 property-value"">Blanco</td>\n</tr>\n<tr class=""jsx-513032616"">\n<td class=""jsx-513032616 property-name"">País de origen</td>\n<td class=""jsx-513032616 property-value"">China</td>\n</tr>\n<tr class=""jsx-513032616"">\n<td class=""jsx-513032616 property-name"">Material</td>\n<td class=""jsx-513032616 property-value"">Resina</td>\n</tr>\n</tbody>\n</table>\n</div>",,,taxable,,1,,,0,0,,,,,1,,,699900,"Accesorios decorativos, Accesorios decorativos > Esculturas, Todos los productos",,,"https://anbarhome.com/wp-content/uploads/2026/06/A3-2778_60x12x15cm_.png_202606231559.jpeg, https://anbarhome.com/wp-content/uploads/2026/06/A3-2778_60x12x15cm_.png_202606231553.jpeg, https://anbarhome.com/wp-content/uploads/2026/06/Extreme_close-up_macro_shot_202606231554.jpeg, https://anbarhome.com/wp-content/uploads/2026/06/A3-2778_60x12x15cm_.png_202606231559.jpeg",,,,,,,,,0,,,default,,yes,,,,,,,,nickx_video_url_youtube,no,10000000000000,,1782249446,,yes,yes,,,product,,,,,,,,,,,,,,,,,,,,,,,,,,,,,,,,,,,,,,
15844,simple,A3-2371,,"Set Esculturas Ave Minimalista Blanco & Negro",1,0,visible,,"El Set Esculturas Ave Minimalista Blanco &amp; Negro es una composición decorativa que combina la delicadeza de las formas orgánicas con la elegancia del diseño contemporáneo. Inspiradas en la ligereza y armonía de las aves, estas piezas destacan por el contraste entre los tonos blanco y negro y por sus bases elevadas metálicas, creando una propuesta visual sofisticada y llena de equilibrio. Su estética minimalista y atemporal permite integrarlas fácilmente en diferentes ambientes, aportando un acento artístico capaz de enriquecer la decoración con personalidad y refinamiento.\n\nCARACTERÍSTICAS PRINCIPALES Y ESPECIFICACIONES TÉCNICAS\n\nMedidas: 11cm x 25cm x 7 cm\n\nMaterial Base:\n\nPiezas decorativas elaboradas en resina con bases metálicas, una combinación que aporta estabilidad, resistencia y una estética contemporánea de gran valor visual.\n\nAcabado y Textura:\n\nPresentan acabados lisos en tonos blanco y negro que generan un elegante contraste visual. La combinación de superficies suaves con las bases metálicas aporta una apariencia moderna y sofisticada, ideal para espacios de diseño actual.\n\nModelo y Dimensiones Exactas:\n\nReferencia A3-2371.\n\nForma y Diseño:\n\nInspiradas en la silueta estilizada de las aves, las esculturas destacan por sus líneas depuradas y proporciones equilibradas. Las bases elevadas aportan mayor protagonismo visual y generan una composición armoniosa que transmite serenidad y sofisticación.\n\nEstilo Decorativo:\n\nSe integra especialmente con estilos Contemporáneo, Minimalista, Modern Luxury, Japandi y Nórdico, gracias a la pureza de sus formas y a la elegancia del contraste entre blanco y negro.\n\nBENEFICIOS Y USOS RECOMENDADOS\n\nVersatilidad de Estilismo:\n\nIdeal para decorar consolas, bibliotecas, mesas auxiliares, escritorios o repisas. La combinación de ambas piezas permite crear composiciones equilibradas y aportar dinamismo visual al espacio.\n\nFuncionalidad y Capacidad:\n\nDiseñadas como esculturas decorativas independientes, aportan altura, contraste y un sutil carácter artístico que enriquece la decoración con una estética refinada y contemporánea.\n\nAmbientes Ideales:\n\nPerfectas para salas, recibidores, oficinas, dormitorios, estudios y espacios donde se busque incorporar detalles elegantes con una presencia visual equilibrada y sofisticada.\n\nValor Añadido:\n\nLa dualidad entre el blanco y el negro, junto con la inspiración en las aves, convierte este set en una propuesta decorativa atemporal y versátil. Su diseño transmite armonía y exclusividad, permitiendo complementar diferentes estilos de interiorismo con un lenguaje moderno y distinguido.\n\nRECOMENDACIONES DE CUIDADO Y MANTENIMIENTO\n\nLimpiar con un paño suave seco o ligeramente húmedo para retirar el polvo y conservar la apariencia original de las piezas.\n\nEvitar el uso de productos químicos abrasivos, esponjas metálicas o sustancias que puedan afectar los acabados y las bases metálicas.\n\nManipular cuidadosamente y colocar sobre superficies estables para preservar la integridad de las esculturas.\n\nUtilizar exclusivamente en interiores y evitar la exposición prolongada a humedad directa o luz solar intensa para mantener sus cualidades estéticas y prolongar su vida útil.\n\n&nbsp;\n\n&nbsp;\n<table class=""jsx-513032616 specification-table "">\n<tbody class=""jsx-513032616"">\n<tr class=""jsx-513032616"">\n<td class=""jsx-513032616 property-name"">Condicion del producto</td>\n<td class=""jsx-513032616 property-value"">Nuevo</td>\n</tr>\n<tr class=""jsx-513032616"">\n<td class=""jsx-513032616 property-name"">Modo de fabricación</td>\n<td class=""jsx-513032616 property-value"">Industrial</td>\n</tr>\n<tr class=""jsx-513032616"">\n<td class=""jsx-513032616 property-name"">Forma de uso</td>\n<td class=""jsx-513032616 property-value"">✨ Centro de mesa elegante: Colócalos en mesas de comedor junto a arreglos florales o bandejas decorativas para crear un punto focal sofisticado. ✨</td>\n</tr>\n<tr class=""jsx-513032616"">\n<td class=""jsx-513032616 property-name"">Recomendaciones de uso</td>\n<td class=""jsx-513032616 property-value"">Manipular cuidadosamente y colocar sobre superficies estables para preservar la integridad y los detalles de la pieza.</td>\n</tr>\n<tr class=""jsx-513032616"">\n<td class=""jsx-513032616 property-name"">Cuidado del producto</td>\n<td class=""jsx-513032616 property-value"">Limpiar con un paño suave seco o ligeramente húmedo para retirar el polvo y conservar la apariencia original de las piezas.</td>\n</tr>\n<tr class=""jsx-513032616"">\n<td class=""jsx-513032616 property-name"">Colección</td>\n<td class=""jsx-513032616 property-value"">colección 2026</td>\n</tr>\n<tr class=""jsx-513032616"">\n<td class=""jsx-513032616 property-name"">Alto</td>\n<td class=""jsx-513032616 property-value"">6</td>\n</tr>\n<tr class=""jsx-513032616"">\n<td class=""jsx-513032616 property-name"">Restricciones de uso</td>\n<td class=""jsx-513032616 property-value"">Evitar el uso de productos químicos abrasivos, esponjas metálicas o sustancias que puedan afectar los acabados y las bases metálicas.</td>\n</tr>\n<tr class=""jsx-513032616"">\n<td class=""jsx-513032616 property-name"">Ancho</td>\n<td class=""jsx-513032616 property-value"">11</td>\n</tr>\n<tr class=""jsx-513032616"">\n<td class=""jsx-513032616 property-name"">Color</td>\n<td class=""jsx-513032616 property-value"">Blanco Negro</td>\n</tr>\n<tr class=""jsx-513032616"">\n<td class=""jsx-513032616 property-name"">País de origen</td>\n<td class=""jsx-513032616 property-value"">China</td>\n</tr>\n<tr class=""jsx-513032616"">\n<td class=""jsx-513032616 property-name"">Material</td>\n<td class=""jsx-513032616 property-value"">Resina</td>\n</tr>\n</tbody>\n</table>",,,taxable,,1,,,0,0,,,,,1,,,229900,"Accesorios decorativos, Accesorios decorativos > Esculturas, Todos los productos",,,"https://anbarhome.com/wp-content/uploads/2026/06/ad6e9201f0c5669cd88972de938d35aa.jpeg, https://anbarhome.com/wp-content/uploads/2026/06/3fde18d6cebd4fec1369bacbaad767c6.jpeg, https://anbarhome.com/wp-content/uploads/2026/06/96c08bc7a3db7e73138d58072fb207cb.jpeg, https://anbarhome.com/wp-content/uploads/2026/06/d9def04840a0d675f5d9b8dec2e099c0.jpeg, https://anbarhome.com/wp-content/uploads/2026/06/ad6e9201f0c5669cd88972de938d35aa.jpeg",,,,,,,,,0,,,default,,yes,,,,,,,,nickx_video_url_youtube,no,10000000000000,,,,yes,yes,,,product,,,,,,,,,,,,,,,,,,,,,,,,,,,,,,,,,,,,,,
15850,simple,A3-2784,,"Escultura Humana Abstracta Arena",1,0,visible,,"DESCRIPCIÓN GENERAL\n<div>La Escultura Humana Abstracta Arena es una pieza decorativa de inspiración contemporánea que interpreta la figura humana a través de formas minimalistas y una composición de gran armonía visual. Su acabado en tono arena y su estética orgánica transmiten serenidad y equilibrio, convirtiéndola en un elemento capaz de aportar calidez y sofisticación a diferentes ambientes. La simplicidad de sus líneas y la pureza de sus formas hacen de esta escultura una expresión artística moderna, ideal para complementar espacios que buscan una decoración elegante y atemporal.</div>\n<div></div>\n<div>CARACTERÍSTICAS PRINCIPALES Y ESPECIFICACIONES TÉCNICAS</div>\n<div></div>\n<div>Medida: 10cm x 32cm x 22cm</div>\n<div></div>\n<div>Material Base:</div>\n<div></div>\n<div>Elaborada en resina, un material ampliamente valorado por su resistencia y por permitir acabados detallados que aportan una apariencia refinada y una gran riqueza estética.</div>\n<div></div>\n<div>Acabado y Textura:</div>\n<div></div>\n<div>Presenta un acabado tipo arena con apariencia mate y una textura sutil inspirada en materiales naturales. Su tonalidad neutra aporta una sensación de calma y facilita la integración de la pieza en diferentes estilos decorativos.</div>\n<div></div>\n<div>Modelo y Dimensiones Exactas:</div>\n<div></div>\n<div>Referencia A3-2784.</div>\n<div></div>\n<div>Forma y Diseño:</div>\n<div></div>\n<div>Su diseño abstracto de líneas limpias y proporciones equilibradas representa la figura humana desde una perspectiva artística y contemporánea. La composición transmite una sensación de serenidad y movimiento contenido, convirtiendo la pieza en un elemento decorativo lleno de personalidad y elegancia.</div>\n<div></div>\n<div>Estilo Decorativo:</div>\n<div></div>\n<div>Se integra especialmente con estilos Contemporáneo, Japandi, Modern Organic, Minimalista y Nórdico, gracias a la calidez de su acabado y a la pureza de sus formas.</div>\n<div></div>\n<div>BENEFICIOS Y USOS RECOMENDADOS</div>\n<div></div>\n<div>Versatilidad de Estilismo:</div>\n<div></div>\n<div>Ideal para complementar consolas, mesas de centro, bibliotecas, repisas y muebles auxiliares. Puede combinarse con jarrones, libros decorativos y elementos en madera o piedra para crear composiciones equilibradas y sofisticadas.</div>\n<div></div>\n<div>Funcionalidad y Capacidad:</div>\n<div></div>\n<div>Diseñada como una pieza escultórica independiente, aporta textura, profundidad visual y una expresión artística que enriquece el ambiente con una estética serena y contemporánea.</div>\n<div></div>\n<div>Ambientes Ideales:</div>\n<div></div>\n<div>Perfecta para salas, recibidores, estudios, dormitorios, bibliotecas y espacios donde se busque incorporar elementos decorativos con una presencia elegante y un carácter orgánico.</div>\n<div></div>\n<div>Valor Añadido:</div>\n<div></div>\n<div>Su representación abstracta de la figura humana y su acabado inspirado en la arena convierten esta escultura en una pieza atemporal y versátil. Más allá de su función decorativa, aporta una sensación de equilibrio y bienestar visual, convirtiéndose en un complemento ideal para quienes valoran el diseño contemporáneo y la sofisticación natural.</div>\n<div></div>\n<div>RECOMENDACIONES DE CUIDADO Y MANTENIMIENTO</div>\n<div></div>\n<div>Limpiar con un paño suave seco o ligeramente húmedo para retirar el polvo y conservar la apariencia original del acabado.</div>\n<div></div>\n<div>Evitar el uso de productos químicos abrasivos, esponjas metálicas o sustancias que puedan alterar la superficie.</div>\n<div></div>\n<div>Manipular cuidadosamente y colocar sobre superficies estables para preservar la integridad y los detalles de la pieza.</div>\n<div></div>\n<div>Utilizar exclusivamente en interiores y evitar la exposición prolongada a humedad directa o luz solar intensa para mantener sus cualidades estéticas y prolongar su vida útil.</div>\n<div></div>\n<div></div>\n<div>\n<table class=""jsx-513032616 specification-table "">\n<tbody class=""jsx-513032616"">\n<tr class=""jsx-513032616"">\n<td class=""jsx-513032616 property-name"">Condicion del producto</td>\n<td class=""jsx-513032616 property-value"">Nuevo</td>\n</tr>\n<tr class=""jsx-513032616"">\n<td class=""jsx-513032616 property-name"">Forma de uso</td>\n<td class=""jsx-513032616 property-value"">✨ Centro de mesa elegante: Colócalos en mesas de comedor junto a arreglos florales o bandejas decorativas para crear un punto focal sofisticado. ✨</td>\n</tr>\n<tr class=""jsx-513032616"">\n<td class=""jsx-513032616 property-name"">Recomendaciones de uso</td>\n<td class=""jsx-513032616 property-value"">Manipular cuidadosamente y colocar sobre superficies estables para preservar la integridad y los detalles de la pieza.</td>\n</tr>\n<tr class=""jsx-513032616"">\n<td class=""jsx-513032616 property-name"">Cuidado del producto</td>\n<td class=""jsx-513032616 property-value"">Limpiar con un paño suave seco o ligeramente húmedo para retirar el polvo y conservar la apariencia original del acabado.</td>\n</tr>\n<tr class=""jsx-513032616"">\n<td class=""jsx-513032616 property-name"">Colección</td>\n<td class=""jsx-513032616 property-value"">colección 2026</td>\n</tr>\n<tr class=""jsx-513032616"">\n<td class=""jsx-513032616 property-name"">Alto</td>\n<td class=""jsx-513032616 property-value"">32</td>\n</tr>\n<tr class=""jsx-513032616"">\n<td class=""jsx-513032616 property-name"">Restricciones de uso</td>\n<td class=""jsx-513032616 property-value"">Evitar el uso de productos químicos abrasivos, esponjas metálicas o sustancias que puedan alterar la superficie.</td>\n</tr>\n<tr class=""jsx-513032616"">\n<td class=""jsx-513032616 property-name"">Modelo</td>\n<td class=""jsx-513032616 property-value"">Modelo 2026</td>\n</tr>\n<tr class=""jsx-513032616"">\n<td class=""jsx-513032616 property-name"">Ancho</td>\n<td class=""jsx-513032616 property-value"">22</td>\n</tr>\n<tr class=""jsx-513032616"">\n<td class=""jsx-513032616 property-name"">Color</td>\n<td class=""jsx-513032616 property-value"">Tierra</td>\n</tr>\n<tr class=""jsx-513032616"">\n<td class=""jsx-513032616 property-name"">País de origen</td>\n<td class=""jsx-513032616 property-value"">China</td>\n</tr>\n<tr class=""jsx-513032616"">\n<td class=""jsx-513032616 property-name"">Material</td>\n<td class=""jsx-513032616 property-value"">Resina</td>\n</tr>\n</tbody>\n</table>\n</div>",,,taxable,,1,,,0,0,,,,,1,,,229000,"Accesorios decorativos, Accesorios decorativos > Esculturas, Todos los productos",,,"https://anbarhome.com/wp-content/uploads/2026/06/30b4c2b8b6fb37eefab9f55d9b89dc60.jpeg_202606231625.jpeg, https://anbarhome.com/wp-content/uploads/2026/06/233548e76c2d7988906fbc96d86e4cbb.jpeg, https://anbarhome.com/wp-content/uploads/2026/06/30b4c2b8b6fb37eefab9f55d9b89dc60.jpeg_202606231625.jpeg, https://anbarhome.com/wp-content/uploads/2026/06/0dae60f385fb986c8ff506c13847fcfb.jpeg",,,,,,,,,0,,,default,,yes,,,,,,,,nickx_video_url_youtube,no,10000000000000,,,,yes,yes,,,product,,,,,,,,,,,,,,,,,,,,,,,,,,,,,,,,,,,,,,
15929,simple,A3-2089,,"Jarrón Decorativo Ébano Imperial Alto",1,0,visible,,"Jarrón Decorativo Ébano Imperial Alto: Acabado envejecido para una presencia elegante e imponente\n\nEste jarrón decorativo en acero se distingue por un acabado envejecido de apariencia metálica y un detalle superior de láminas superpuestas. Su tono ocre/café oscuro aporta profundidad, sofisticación y un carácter imponente al espacio. Es una pieza decorativa de alto impacto para ambientaciones elegantes, clásicas y contemporáneas. Su formato alto ayuda a ganar verticalidad visual y a destacar arreglos decorativos estilizados.\n\nCARACTERISTICAS PRINCIPALES Y ESPECIFICACIONES TECNICAS\n\nMaterial Base: Resina, material informado en la plantilla para una pieza decorativa de presencia escultórica, acabado visual trabajado y uso ornamental en interiores.\n\nAcabado y Textura: acabado envejecido de apariencia metálica en tono ocre/café oscuro, con detalle superior tipo láminas superpuestas y textura visual sofisticada. Color principal registrado en plantilla: Ocre.\n\nModelos y Dimensiones Exactas: Modelo A32089: medidas de empaque registradas en plantilla — ancho 41,00 cm; largo 41,00 cm; alto 51,00 cm\n\nForma/Diseño: cuerpo de volumen sólido con remate superior decorativo, proporciones imponentes y presencia escultórica.\n\nEstilo Decorativo: combina especialmente con estilos Clásico contemporáneo, Industrial elegante, Glam oscuro y Coleccionista.\n\nBENEFICIOS Y USOS RECOMENDADOS\n\nVersatilidad de Estilismo: úsalo como pieza central de alto impacto o combínalo con las versiones mediana y baja para un conjunto decorativo imponente.\n\nFuncionalidad y Capacidad: ideal para ramas secas altas, arreglos artificiales, varas ornamentales o como adorno escultórico para espacios amplios.\n\nAmbientes Ideales: recomendado para sala principal, comedor, recibidor, consola de entrada, estudio u oficina ejecutiva.\n\nValor Añadido: su estética envejecida y gran presencia lo convierten en una excelente compra para decoración premium o regalo sofisticado.\n\nRECOMENDACIONES DE CUIDADO Y MANTENIMIENTO\n\nLimpiar con paño suave seco o ligeramente húmedo para retirar polvo y conservar el acabado.\n\nEvitar químicos abrasivos, cloro, esponjas metálicas y exposición prolongada a humedad directa.\n\nManipular por la base y ubicar sobre una superficie estable para proteger relieves, bordes y textura.\n\n&nbsp;\n<table class=""jsx-513032616 specification-table "">\n<tbody class=""jsx-513032616"">\n<tr class=""jsx-513032616"">\n<td class=""jsx-513032616 property-name"">Condicion del producto</td>\n<td class=""jsx-513032616 property-value"">Nuevo</td>\n</tr>\n<tr class=""jsx-513032616"">\n<td class=""jsx-513032616 property-name"">Color básico</td>\n<td class=""jsx-513032616 property-value"">Negro</td>\n</tr>\n<tr class=""jsx-513032616"">\n<td class=""jsx-513032616 property-name"">Modo de fabricación</td>\n<td class=""jsx-513032616 property-value"">Artesanal</td>\n</tr>\n<tr class=""jsx-513032616"">\n<td class=""jsx-513032616 property-name"">Colección</td>\n<td class=""jsx-513032616 property-value"">Anbar Home 2026</td>\n</tr>\n<tr class=""jsx-513032616"">\n<td class=""jsx-513032616 property-name"">Alto</td>\n<td class=""jsx-513032616 property-value"">51</td>\n</tr>\n<tr class=""jsx-513032616"">\n<td class=""jsx-513032616 property-name"">Modelo</td>\n<td class=""jsx-513032616 property-value"">Colección 2026</td>\n</tr>\n<tr class=""jsx-513032616"">\n<td class=""jsx-513032616 property-name"">Ancho</td>\n<td class=""jsx-513032616 property-value"">41</td>\n</tr>\n<tr class=""jsx-513032616"">\n<td class=""jsx-513032616 property-name"">Color</td>\n<td class=""jsx-513032616 property-value"">Ocre</td>\n</tr>\n<tr class=""jsx-513032616"">\n<td class=""jsx-513032616 property-name"">País de origen</td>\n<td class=""jsx-513032616 property-value"">China</td>\n</tr>\n<tr class=""jsx-513032616"">\n<td class=""jsx-513032616 property-name"">Material</td>\n<td class=""jsx-513032616 property-value"">Acero</td>\n</tr>\n</tbody>\n</table>\n&nbsp;",,,taxable,,1,,,0,0,,,,,1,,,1290000,"Jarrones, Jarrones > Línea Suprema, Todos los productos",,,"https://anbarhome.com/wp-content/uploads/2026/06/Vase_in_modern_home_interior_202606251357.jpeg, https://anbarhome.com/wp-content/uploads/2026/06/Macro_close-up_of_the_body_202606251355.jpeg, https://anbarhome.com/wp-content/uploads/2026/06/Macro_close-up_focusing_on_the_202606251355.jpeg, https://anbarhome.com/wp-content/uploads/2026/06/A3-2089-41x51cm-A3-2090-57x57cm-.png, https://anbarhome.com/wp-content/uploads/2026/06/Vase_in_modern_home_interior_202606251357.jpeg",,,,,,,,,0,,,default,,yes,,,,,,,,nickx_video_url_youtube,no,10000000000000,,,,yes,yes,,,product,,,,,,,,,,,,,,,,,,,,,,,,,,,,,,,,,,,,,,
15932,simple,A3-2088,,"Jarrón Decorativo Ébano Imperial Bajo",1,0,visible,,"Jarrón Decorativo Ébano Imperial Bajo: Acabado envejecido para una presencia elegante e imponente\n\nEste jarrón decorativo en acero se distingue por un acabado envejecido de apariencia metálica y un detalle superior de láminas superpuestas. Su tono ocre/café oscuro aporta profundidad, sofisticación y un carácter imponente al espacio. Es una pieza decorativa de alto impacto para ambientaciones elegantes, clásicas y contemporáneas. Su formato bajo aporta volumen estable y funciona muy bien en mesas, repisas y superficies de apoyo.\n\nCARACTERISTICAS PRINCIPALES Y ESPECIFICACIONES TECNICAS\n\nMaterial Base: Resina, material informado en la plantilla para una pieza decorativa de presencia escultórica, acabado visual trabajado y uso ornamental en interiores.\n\nAcabado y Textura: acabado envejecido de apariencia metálica en tono ocre/café oscuro, con detalle superior tipo láminas superpuestas y textura visual sofisticada. Color principal registrado en plantilla: Ocre.\n\nModelos y Dimensiones Exactas: Modelo A32088: medidas de empaque registradas en plantilla — ancho 35,00 cm; largo 35,00 cm; alto 20,00 cm\n\nForma/Diseño: cuerpo de volumen sólido con remate superior decorativo, proporciones imponentes y presencia escultórica.\n\nEstilo Decorativo: combina especialmente con estilos Clásico contemporáneo, Industrial elegante, Glam oscuro y Coleccionista.\n\nBENEFICIOS Y USOS RECOMENDADOS\n\nVersatilidad de Estilismo: úsalo como pieza central de alto impacto o combínalo con las versiones mediana y baja para un conjunto decorativo imponente.\n\nFuncionalidad y Capacidad: ideal para ramas secas altas, arreglos artificiales, varas ornamentales o como adorno escultórico para espacios amplios.\n\nAmbientes Ideales: recomendado para sala principal, comedor, recibidor, consola de entrada, estudio u oficina ejecutiva.\n\nValor Añadido: su estética envejecida y gran presencia lo convierten en una excelente compra para decoración premium o regalo sofisticado.\n\nRECOMENDACIONES DE CUIDADO Y MANTENIMIENTO\n\nLimpiar con paño suave seco o ligeramente húmedo para retirar polvo y conservar el acabado.\n\nEvitar químicos abrasivos, cloro, esponjas metálicas y exposición prolongada a humedad directa.\n\nManipular por la base y ubicar sobre una superficie estable para proteger relieves, bordes y textura\n\n&nbsp;\n<table class=""jsx-513032616 specification-table "">\n<tbody class=""jsx-513032616"">\n<tr class=""jsx-513032616"">\n<td class=""jsx-513032616 property-name"">Condicion del producto</td>\n<td class=""jsx-513032616 property-value"">Nuevo</td>\n</tr>\n<tr class=""jsx-513032616"">\n<td class=""jsx-513032616 property-name"">Color básico</td>\n<td class=""jsx-513032616 property-value"">Marrón</td>\n</tr>\n<tr class=""jsx-513032616"">\n<td class=""jsx-513032616 property-name"">Modo de fabricación</td>\n<td class=""jsx-513032616 property-value"">Artesanal</td>\n</tr>\n<tr class=""jsx-513032616"">\n<td class=""jsx-513032616 property-name"">Forma de uso</td>\n<td class=""jsx-513032616 property-value"">✨ Centro de mesa elegante: Colócalos en mesas de comedor junto a arreglos florales o bandejas decorativas para crear un punto focal sofisticado. ✨ Decoración de consola o</td>\n</tr>\n<tr class=""jsx-513032616"">\n<td class=""jsx-513032616 property-name"">Recomendaciones de uso</td>\n<td class=""jsx-513032616 property-value"">Limpiar la superficie suavemente con un paño de microfibra seco o ligeramente húmedo.</td>\n</tr>\n<tr class=""jsx-513032616"">\n<td class=""jsx-513032616 property-name"">Cuidado del producto</td>\n<td class=""jsx-513032616 property-value"">Limpiar la superficie suavemente con un paño de microfibra seco o ligeramente húmedo.</td>\n</tr>\n<tr class=""jsx-513032616"">\n<td class=""jsx-513032616 property-name"">Colección</td>\n<td class=""jsx-513032616 property-value"">Anbar Home 2026</td>\n</tr>\n<tr class=""jsx-513032616"">\n<td class=""jsx-513032616 property-name"">Alto</td>\n<td class=""jsx-513032616 property-value"">20</td>\n</tr>\n<tr class=""jsx-513032616"">\n<td class=""jsx-513032616 property-name"">Modelo</td>\n<td class=""jsx-513032616 property-value"">Colección 2026</td>\n</tr>\n<tr class=""jsx-513032616"">\n<td class=""jsx-513032616 property-name"">Ancho</td>\n<td class=""jsx-513032616 property-value"">35</td>\n</tr>\n<tr class=""jsx-513032616"">\n<td class=""jsx-513032616 property-name"">Color</td>\n<td class=""jsx-513032616 property-value"">Ocre</td>\n</tr>\n<tr class=""jsx-513032616"">\n<td class=""jsx-513032616 property-name"">País de origen</td>\n<td class=""jsx-513032616 property-value"">China</td>\n</tr>\n<tr class=""jsx-513032616"">\n<td class=""jsx-513032616 property-name"">Material</td>\n<td class=""jsx-513032616 property-value"">Acero</td>\n</tr>\n</tbody>\n</table>",,,taxable,,1,,,0,0,,,,,1,,,649000,"Jarrones, Jarrones > Línea Suprema, Todos los productos",,,"https://anbarhome.com/wp-content/uploads/2026/06/Vase_with_silver_rim_202606251357.jpeg, https://anbarhome.com/wp-content/uploads/2026/06/Vase_with_silver_rim_202606251357.jpeg, https://anbarhome.com/wp-content/uploads/2026/06/Macro_close-up_focusing_on_the_202606251355.jpeg, https://anbarhome.com/wp-content/uploads/2026/06/Macro_close-up_of_the_body_202606251355.jpeg, https://anbarhome.com/wp-content/uploads/2026/06/A3-2089-41x51cm-A3-2090-57x57cm-.png",,,,,,,,,0,,,default,,yes,,,,,,,,nickx_video_url_youtube,no,10000000000000,,,,yes,yes,,,product,,,,,,,,,,,,,,,,,,,,,,,,,,,,,,,,,,,,,,
